--------------------------------------------------------
--  파일이 생성됨 - 토요일-5월-11-2024   
--------------------------------------------------------
--table_data1.sql - 권한 부여, 분할, 저장 영역, 터미네이터, 테이블스페이스, UTF-8
--table_data2.sql - 권한 부여, 분할, 저장 영역, 터미네이터, UTF-8
--table_data3.sql - 권한 부여, 분할, 저장 영역, 터미네이터, UTF-8 (***데이터 스키마 표시 미체크)
--------------------------------------------------------
--  DDL for Table BOOKING
--------------------------------------------------------

  CREATE TABLE "BOOKING" ("BOOKING_NO" NUMBER, "STADIUM_NO" NUMBER, "BOOKING_DATE" DATE, "TIME_SLOT" VARCHAR2(10), "M_NO" NUMBER(30,0)) SEGMENT CREATION IMMEDIATE PCTFREE 10 PCTUSED 40 INITRANS 1 MAXTRANS 255 NOCOMPRESS LOGGING STORAGE(INITIAL 65536 NEXT 1048576 MINEXTENTS 1 MAXEXTENTS 2147483645 PCTINCREASE 0 FREELISTS 1 FREELIST GROUPS 1 BUFFER_POOL DEFAULT FLASH_CACHE DEFAULT CELL_FLASH_CACHE DEFAULT);

   COMMENT ON COLUMN "BOOKING"."M_NO" IS 'member 테이블의 m_no 참조';
--------------------------------------------------------
--  DDL for Table BUY
--------------------------------------------------------

  CREATE TABLE "BUY" ("BUY_NO" NUMBER, "TITLE" VARCHAR2(255), "WRITER" NUMBER, "CONTENT" VARCHAR2(255), "READCOUNT" NUMBER DEFAULT 0, "REG_DATE" DATE DEFAULT SYSDATE) SEGMENT CREATION IMMEDIATE PCTFREE 10 PCTUSED 40 INITRANS 1 MAXTRANS 255 NOCOMPRESS LOGGING STORAGE(INITIAL 65536 NEXT 1048576 MINEXTENTS 1 MAXEXTENTS 2147483645 PCTINCREASE 0 FREELISTS 1 FREELIST GROUPS 1 BUFFER_POOL DEFAULT FLASH_CACHE DEFAULT CELL_FLASH_CACHE DEFAULT);
--------------------------------------------------------
--  DDL for Table CUSTOMERSERVICE
--------------------------------------------------------

  CREATE TABLE "CUSTOMERSERVICE" ("CUSTOMERSERVICE_CATEGORYNO" NUMBER, "CUSTOMERSERVICE_SUBJECT" VARCHAR2(100), "CUSTOMERSERVICE_CONTENT" VARCHAR2(1000)) SEGMENT CREATION IMMEDIATE PCTFREE 10 PCTUSED 40 INITRANS 1 MAXTRANS 255 NOCOMPRESS LOGGING STORAGE(INITIAL 65536 NEXT 1048576 MINEXTENTS 1 MAXEXTENTS 2147483645 PCTINCREASE 0 FREELISTS 1 FREELIST GROUPS 1 BUFFER_POOL DEFAULT FLASH_CACHE DEFAULT CELL_FLASH_CACHE DEFAULT);
--------------------------------------------------------
--  DDL for Table CUSTOMERSERVICE_CATEGORY
--------------------------------------------------------

  CREATE TABLE "CUSTOMERSERVICE_CATEGORY" ("CUSTOMERSERVICE_CATEGORYNO" NUMBER, "CUSTOMERSERVICE_CATEGORYNAME" VARCHAR2(50)) SEGMENT CREATION IMMEDIATE PCTFREE 10 PCTUSED 40 INITRANS 1 MAXTRANS 255 NOCOMPRESS LOGGING STORAGE(INITIAL 65536 NEXT 1048576 MINEXTENTS 1 MAXEXTENTS 2147483645 PCTINCREASE 0 FREELISTS 1 FREELIST GROUPS 1 BUFFER_POOL DEFAULT FLASH_CACHE DEFAULT CELL_FLASH_CACHE DEFAULT);
--------------------------------------------------------
--  DDL for Table DAY_OF_WEEK
--------------------------------------------------------

  CREATE TABLE "DAY_OF_WEEK" ("DAY_NO" NUMBER, "DAY_NAME" VARCHAR2(20)) SEGMENT CREATION IMMEDIATE PCTFREE 10 PCTUSED 40 INITRANS 1 MAXTRANS 255 NOCOMPRESS LOGGING STORAGE(INITIAL 65536 NEXT 1048576 MINEXTENTS 1 MAXEXTENTS 2147483645 PCTINCREASE 0 FREELISTS 1 FREELIST GROUPS 1 BUFFER_POOL DEFAULT FLASH_CACHE DEFAULT CELL_FLASH_CACHE DEFAULT);
--------------------------------------------------------
--  DDL for Table FREE_SHARING
--------------------------------------------------------

  CREATE TABLE "FREE_SHARING" ("FREE_SHARING_NO" NUMBER, "SUBJECT" VARCHAR2(255), "WRITER" NUMBER, "CONTENT" VARCHAR2(255), "READCOUNT" NUMBER DEFAULT 0, "REG_DATE" DATE DEFAULT SYSDATE) SEGMENT CREATION IMMEDIATE PCTFREE 10 PCTUSED 40 INITRANS 1 MAXTRANS 255 NOCOMPRESS LOGGING STORAGE(INITIAL 65536 NEXT 1048576 MINEXTENTS 1 MAXEXTENTS 2147483645 PCTINCREASE 0 FREELISTS 1 FREELIST GROUPS 1 BUFFER_POOL DEFAULT FLASH_CACHE DEFAULT CELL_FLASH_CACHE DEFAULT);
--------------------------------------------------------
--  DDL for Table FREE_SHARING_COMMENT
--------------------------------------------------------

  CREATE TABLE "FREE_SHARING_COMMENT" ("COMMENT_NO" NUMBER, "FREE_SHARING_NO" NUMBER, "SUBJECT" VARCHAR2(255), "WRITER" NUMBER, "CONTENT" VARCHAR2(255), "GROUP_NO" NUMBER(9,0), "PRINT_NO" NUMBER(9,0), "PRINT_LEVEL" NUMBER(9,0), "READCOUNT" NUMBER DEFAULT 0, "REG_DATE" DATE DEFAULT SYSDATE) SEGMENT CREATION IMMEDIATE PCTFREE 10 PCTUSED 40 INITRANS 1 MAXTRANS 255 NOCOMPRESS LOGGING STORAGE(INITIAL 65536 NEXT 1048576 MINEXTENTS 1 MAXEXTENTS 2147483645 PCTINCREASE 0 FREELISTS 1 FREELIST GROUPS 1 BUFFER_POOL DEFAULT FLASH_CACHE DEFAULT CELL_FLASH_CACHE DEFAULT);
--------------------------------------------------------
--  DDL for Table FREEBOARD
--------------------------------------------------------

  CREATE TABLE "FREEBOARD" ("B_NO" NUMBER(9,0), "SUBJECT" VARCHAR2(50), "WRITER" NUMBER, "CONTENT" VARCHAR2(2000), "REG_DATE" DATE DEFAULT sysdate --등록일 
          , "READCOUNT" NUMBER(5,0) DEFAULT 0 --조회수 
          ) SEGMENT CREATION IMMEDIATE PCTFREE 10 PCTUSED 40 INITRANS 1 MAXTRANS 255 NOCOMPRESS LOGGING STORAGE(INITIAL 65536 NEXT 1048576 MINEXTENTS 1 MAXEXTENTS 2147483645 PCTINCREASE 0 FREELISTS 1 FREELIST GROUPS 1 BUFFER_POOL DEFAULT FLASH_CACHE DEFAULT CELL_FLASH_CACHE DEFAULT);
--------------------------------------------------------
--  DDL for Table FREEBOARD_COMMENT
--------------------------------------------------------

  CREATE TABLE "FREEBOARD_COMMENT" ("COMMENT_NO" NUMBER(9,0), "B_NO" NUMBER(9,0), "NICK_NAME" VARCHAR2(50), "CONTENT" VARCHAR2(500), "GROUP_NO" NUMBER(9,0), "PRINT_NO" NUMBER(9,0), "PRINT_LEVEL" NUMBER(9,0), "REG_DATE" DATE DEFAULT SYSDATE) SEGMENT CREATION IMMEDIATE PCTFREE 10 PCTUSED 40 INITRANS 1 MAXTRANS 255 NOCOMPRESS LOGGING STORAGE(INITIAL 65536 NEXT 1048576 MINEXTENTS 1 MAXEXTENTS 2147483645 PCTINCREASE 0 FREELISTS 1 FREELIST GROUPS 1 BUFFER_POOL DEFAULT FLASH_CACHE DEFAULT CELL_FLASH_CACHE DEFAULT);
--------------------------------------------------------
--  DDL for Table HIRED_RECRUITMENT
--------------------------------------------------------

  CREATE TABLE "HIRED_RECRUITMENT" ("RECRUITMENT_NO" NUMBER DEFAULT 0, "TITLE" VARCHAR2(100), "WRITER" VARCHAR2(100), "CONTENT" VARCHAR2(100), "READCOUNT" NUMBER, "REG_DATE" DATE DEFAULT sysdate) SEGMENT CREATION IMMEDIATE PCTFREE 10 PCTUSED 40 INITRANS 1 MAXTRANS 255 NOCOMPRESS LOGGING STORAGE(INITIAL 65536 NEXT 1048576 MINEXTENTS 1 MAXEXTENTS 2147483645 PCTINCREASE 0 FREELISTS 1 FREELIST GROUPS 1 BUFFER_POOL DEFAULT FLASH_CACHE DEFAULT CELL_FLASH_CACHE DEFAULT);
--------------------------------------------------------
--  DDL for Table HIRED_TEST
--------------------------------------------------------

  CREATE TABLE "HIRED_TEST" ("HIRED_NO" NUMBER DEFAULT 0, "TITLE" VARCHAR2(100), "WRITER" VARCHAR2(100), "CONTENT" VARCHAR2(100), "READCOUNT" NUMBER, "REG_DATE" DATE DEFAULT sysdate) SEGMENT CREATION IMMEDIATE PCTFREE 10 PCTUSED 40 INITRANS 1 MAXTRANS 255 NOCOMPRESS LOGGING STORAGE(INITIAL 65536 NEXT 1048576 MINEXTENTS 1 MAXEXTENTS 2147483645 PCTINCREASE 0 FREELISTS 1 FREELIST GROUPS 1 BUFFER_POOL DEFAULT FLASH_CACHE DEFAULT CELL_FLASH_CACHE DEFAULT);
--------------------------------------------------------
--  DDL for Table IMAGEBOARD
--------------------------------------------------------

  CREATE TABLE "IMAGEBOARD" ("B_NO" NUMBER(9,0), "SUBJECT" VARCHAR2(50), "WRITER" VARCHAR2(30), "CONTENT" VARCHAR2(2000), "REG_DATE" DATE DEFAULT sysdate, "READCOUNT" NUMBER(5,0) DEFAULT 0) SEGMENT CREATION IMMEDIATE PCTFREE 10 PCTUSED 40 INITRANS 1 MAXTRANS 255 NOCOMPRESS LOGGING STORAGE(INITIAL 65536 NEXT 1048576 MINEXTENTS 1 MAXEXTENTS 2147483645 PCTINCREASE 0 FREELISTS 1 FREELIST GROUPS 1 BUFFER_POOL DEFAULT FLASH_CACHE DEFAULT CELL_FLASH_CACHE DEFAULT);
--------------------------------------------------------
--  DDL for Table LESSON_RECRUITMENT
--------------------------------------------------------

  CREATE TABLE "LESSON_RECRUITMENT" ("RECRUITMENT_NO" NUMBER, "TITLE" VARCHAR2(100), "WRITER" VARCHAR2(100), "CONTENT" VARCHAR2(2000), "READCOUNT" NUMBER DEFAULT 0, "REG_DATE" DATE DEFAULT sysdate, "MONEY" VARCHAR2(1000)) SEGMENT CREATION IMMEDIATE PCTFREE 10 PCTUSED 40 INITRANS 1 MAXTRANS 255 NOCOMPRESS LOGGING STORAGE(INITIAL 65536 NEXT 1048576 MINEXTENTS 1 MAXEXTENTS 2147483645 PCTINCREASE 0 FREELISTS 1 FREELIST GROUPS 1 BUFFER_POOL DEFAULT FLASH_CACHE DEFAULT CELL_FLASH_CACHE DEFAULT);
--------------------------------------------------------
--  DDL for Table MATCH
--------------------------------------------------------

  CREATE TABLE "MATCH" ("MATCH_NO" NUMBER, "TITLE" VARCHAR2(255), "WRITER" NUMBER, "CONTENT" VARCHAR2(255), "SIDO_NAME" NUMBER, "SIGUNGU_NAME" NUMBER, "READCOUNT" NUMBER DEFAULT 0, "REG_DATE" DATE DEFAULT SYSDATE, "DAY_NO" NUMBER, "TIME_NO" NUMBER) SEGMENT CREATION IMMEDIATE PCTFREE 10 PCTUSED 40 INITRANS 1 MAXTRANS 255 NOCOMPRESS LOGGING STORAGE(INITIAL 65536 NEXT 1048576 MINEXTENTS 1 MAXEXTENTS 2147483645 PCTINCREASE 0 FREELISTS 1 FREELIST GROUPS 1 BUFFER_POOL DEFAULT FLASH_CACHE DEFAULT CELL_FLASH_CACHE DEFAULT);
--------------------------------------------------------
--  DDL for Table MEMBER
--------------------------------------------------------

  CREATE TABLE "MEMBER" ("M_NO" NUMBER, "NAME" VARCHAR2(50), "MID" VARCHAR2(50), "PASSWORD" VARCHAR2(50), "NICKNAME" VARCHAR2(50), "EMAIL" VARCHAR2(100), "BIRTHDATE" DATE, "PHONE" VARCHAR2(20), "GENDER" CHAR(10), "SIDO_ID" NUMBER, "SIGUNGU_ID" NUMBER, "DETAIL_ADDRESS" VARCHAR2(200), "REG_DATE" DATE DEFAULT SYSDATE) SEGMENT CREATION IMMEDIATE PCTFREE 10 PCTUSED 40 INITRANS 1 MAXTRANS 255 NOCOMPRESS LOGGING STORAGE(INITIAL 65536 NEXT 1048576 MINEXTENTS 1 MAXEXTENTS 2147483645 PCTINCREASE 0 FREELISTS 1 FREELIST GROUPS 1 BUFFER_POOL DEFAULT FLASH_CACHE DEFAULT CELL_FLASH_CACHE DEFAULT);
--------------------------------------------------------
--  DDL for Table MEMBER_DETAIL
--------------------------------------------------------

  CREATE TABLE "MEMBER_DETAIL" ("MEMBER" NUMBER, "TEAM" NUMBER) SEGMENT CREATION IMMEDIATE PCTFREE 10 PCTUSED 40 INITRANS 1 MAXTRANS 255 NOCOMPRESS LOGGING STORAGE(INITIAL 65536 NEXT 1048576 MINEXTENTS 1 MAXEXTENTS 2147483645 PCTINCREASE 0 FREELISTS 1 FREELIST GROUPS 1 BUFFER_POOL DEFAULT FLASH_CACHE DEFAULT CELL_FLASH_CACHE DEFAULT);
--------------------------------------------------------
--  DDL for Table MERCENARY_RECRUITMENT
--------------------------------------------------------

  CREATE TABLE "MERCENARY_RECRUITMENT" ("RECRUITMENT_NO" NUMBER, "TITLE" VARCHAR2(100), "WRITER" NUMBER, "CONTENT" VARCHAR2(2000), "READCOUNT" NUMBER DEFAULT 0, "REG_DATE" DATE DEFAULT SYSDATE, "TEAM" NUMBER) SEGMENT CREATION IMMEDIATE PCTFREE 10 PCTUSED 40 INITRANS 1 MAXTRANS 255 NOCOMPRESS LOGGING STORAGE(INITIAL 65536 NEXT 1048576 MINEXTENTS 1 MAXEXTENTS 2147483645 PCTINCREASE 0 FREELISTS 1 FREELIST GROUPS 1 BUFFER_POOL DEFAULT FLASH_CACHE DEFAULT CELL_FLASH_CACHE DEFAULT);
--------------------------------------------------------
--  DDL for Table NOTICEBOARD
--------------------------------------------------------

  CREATE TABLE "NOTICEBOARD" ("B_NO" NUMBER(9,0), "SUBJECT" VARCHAR2(50), "WRITER" VARCHAR2(30), "CONTENT" VARCHAR2(2000), "REG_DATE" DATE DEFAULT sysdate --등록일 
          , "READCOUNT" NUMBER(5,0) DEFAULT 0 --조회수 
          ) SEGMENT CREATION IMMEDIATE PCTFREE 10 PCTUSED 40 INITRANS 1 MAXTRANS 255 NOCOMPRESS LOGGING STORAGE(INITIAL 65536 NEXT 1048576 MINEXTENTS 1 MAXEXTENTS 2147483645 PCTINCREASE 0 FREELISTS 1 FREELIST GROUPS 1 BUFFER_POOL DEFAULT FLASH_CACHE DEFAULT CELL_FLASH_CACHE DEFAULT);
--------------------------------------------------------
--  DDL for Table PLAYER_RANKING
--------------------------------------------------------

  CREATE TABLE "PLAYER_RANKING" ("RANKING_NO" NUMBER, "PLAYER" NUMBER, "RANKING_POSITION" NUMBER) SEGMENT CREATION IMMEDIATE PCTFREE 10 PCTUSED 40 INITRANS 1 MAXTRANS 255 NOCOMPRESS LOGGING STORAGE(INITIAL 65536 NEXT 1048576 MINEXTENTS 1 MAXEXTENTS 2147483645 PCTINCREASE 0 FREELISTS 1 FREELIST GROUPS 1 BUFFER_POOL DEFAULT FLASH_CACHE DEFAULT CELL_FLASH_CACHE DEFAULT);
--------------------------------------------------------
--  DDL for Table PLAYER_RECORD
--------------------------------------------------------

  CREATE TABLE "PLAYER_RECORD" ("PLAYER" NUMBER, "GAMES_PLAYED" NUMBER DEFAULT 0, "WINS" NUMBER DEFAULT 0, "DRAWS" NUMBER DEFAULT 0, "LOSSES" NUMBER DEFAULT 0, "GOALS_FOR" NUMBER DEFAULT 0, "GOALS_ASSIST" NUMBER DEFAULT 0) SEGMENT CREATION IMMEDIATE PCTFREE 10 PCTUSED 40 INITRANS 1 MAXTRANS 255 NOCOMPRESS LOGGING STORAGE(INITIAL 65536 NEXT 1048576 MINEXTENTS 1 MAXEXTENTS 2147483645 PCTINCREASE 0 FREELISTS 1 FREELIST GROUPS 1 BUFFER_POOL DEFAULT FLASH_CACHE DEFAULT CELL_FLASH_CACHE DEFAULT);
--------------------------------------------------------
--  DDL for Table QNABOARD
--------------------------------------------------------

  CREATE TABLE "QNABOARD" ("B_NO" NUMBER(9,0), "SUBJECT" VARCHAR2(100), "WRITER" NUMBER, "CONTENT" VARCHAR2(1000), "REG_DATE" DATE DEFAULT sysdate, "READCOUNT" NUMBER(5,0) DEFAULT 0) SEGMENT CREATION IMMEDIATE PCTFREE 10 PCTUSED 40 INITRANS 1 MAXTRANS 255 NOCOMPRESS LOGGING STORAGE(INITIAL 65536 NEXT 1048576 MINEXTENTS 1 MAXEXTENTS 2147483645 PCTINCREASE 0 FREELISTS 1 FREELIST GROUPS 1 BUFFER_POOL DEFAULT FLASH_CACHE DEFAULT CELL_FLASH_CACHE DEFAULT);
--------------------------------------------------------
--  DDL for Table QNABOARD_COMMENT
--------------------------------------------------------

  CREATE TABLE "QNABOARD_COMMENT" ("BC_NO" NUMBER(9,0), "WRITER" VARCHAR2(100) DEFAULT '관리자', "CONTENT" VARCHAR2(1000), "REG_DATE" DATE DEFAULT sysdate, "SUBJECT" VARCHAR2(100), "C_NO" NUMBER(9,0)) SEGMENT CREATION IMMEDIATE PCTFREE 10 PCTUSED 40 INITRANS 1 MAXTRANS 255 NOCOMPRESS LOGGING STORAGE(INITIAL 65536 NEXT 1048576 MINEXTENTS 1 MAXEXTENTS 2147483645 PCTINCREASE 0 FREELISTS 1 FREELIST GROUPS 1 BUFFER_POOL DEFAULT FLASH_CACHE DEFAULT CELL_FLASH_CACHE DEFAULT);
--------------------------------------------------------
--  DDL for Table RECRUIT_TEAMMEMBOARD
--------------------------------------------------------

  CREATE TABLE "RECRUIT_TEAMMEMBOARD" ("B_NO" NUMBER, "TITLE" VARCHAR2(300), "WRITER" VARCHAR2(300), "CONTENT" VARCHAR2(1000), "READCOUNT" NUMBER DEFAULT 0, "REG_DATE" DATE DEFAULT sysdate, "TEAM_MEM" VARCHAR2(10), "SIDO" NUMBER, "SIGUNGU" NUMBER, "POS" VARCHAR2(30)) SEGMENT CREATION IMMEDIATE PCTFREE 10 PCTUSED 40 INITRANS 1 MAXTRANS 255 NOCOMPRESS LOGGING STORAGE(INITIAL 65536 NEXT 1048576 MINEXTENTS 1 MAXEXTENTS 2147483645 PCTINCREASE 0 FREELISTS 1 FREELIST GROUPS 1 BUFFER_POOL DEFAULT FLASH_CACHE DEFAULT CELL_FLASH_CACHE DEFAULT);
--------------------------------------------------------
--  DDL for Table RESERVATION
--------------------------------------------------------

  CREATE TABLE "RESERVATION" ("RESERVATION_NO" NUMBER, "STADIUM" NUMBER, "MID" NUMBER, "RESERVATION_DATE" DATE, "RESERVATION_TIMES" NUMBER, "MONEY" VARCHAR2(1000)) SEGMENT CREATION IMMEDIATE PCTFREE 10 PCTUSED 40 INITRANS 1 MAXTRANS 255 NOCOMPRESS LOGGING STORAGE(INITIAL 65536 NEXT 1048576 MINEXTENTS 1 MAXEXTENTS 2147483645 PCTINCREASE 0 FREELISTS 1 FREELIST GROUPS 1 BUFFER_POOL DEFAULT FLASH_CACHE DEFAULT CELL_FLASH_CACHE DEFAULT);
--------------------------------------------------------
--  DDL for Table SALE
--------------------------------------------------------

  CREATE TABLE "SALE" ("SALE_NO" NUMBER, "SUBJECT" VARCHAR2(255), "WRITER" NUMBER, "CONTENT" VARCHAR2(255), "READCOUNT" NUMBER DEFAULT 0, "REG_DATE" DATE DEFAULT SYSDATE) SEGMENT CREATION IMMEDIATE PCTFREE 10 PCTUSED 40 INITRANS 1 MAXTRANS 255 NOCOMPRESS LOGGING STORAGE(INITIAL 65536 NEXT 1048576 MINEXTENTS 1 MAXEXTENTS 2147483645 PCTINCREASE 0 FREELISTS 1 FREELIST GROUPS 1 BUFFER_POOL DEFAULT FLASH_CACHE DEFAULT CELL_FLASH_CACHE DEFAULT);
--------------------------------------------------------
--  DDL for Table SIDO
--------------------------------------------------------

  CREATE TABLE "SIDO" ("SIDO_ID" NUMBER, "NAME" VARCHAR2(50)) SEGMENT CREATION IMMEDIATE PCTFREE 10 PCTUSED 40 INITRANS 1 MAXTRANS 255 NOCOMPRESS LOGGING STORAGE(INITIAL 65536 NEXT 1048576 MINEXTENTS 1 MAXEXTENTS 2147483645 PCTINCREASE 0 FREELISTS 1 FREELIST GROUPS 1 BUFFER_POOL DEFAULT FLASH_CACHE DEFAULT CELL_FLASH_CACHE DEFAULT);
--------------------------------------------------------
--  DDL for Table SIGUNGU
--------------------------------------------------------

  CREATE TABLE "SIGUNGU" ("SIGUNGU_ID" NUMBER, "NAME" VARCHAR2(100), "SIDO_ID" NUMBER) SEGMENT CREATION IMMEDIATE PCTFREE 10 PCTUSED 40 INITRANS 1 MAXTRANS 255 NOCOMPRESS LOGGING STORAGE(INITIAL 65536 NEXT 1048576 MINEXTENTS 1 MAXEXTENTS 2147483645 PCTINCREASE 0 FREELISTS 1 FREELIST GROUPS 1 BUFFER_POOL DEFAULT FLASH_CACHE DEFAULT CELL_FLASH_CACHE DEFAULT);
--------------------------------------------------------
--  DDL for Table SIGUNGU(tmp)
--------------------------------------------------------

  CREATE TABLE "SIGUNGU(tmp)" ("SIGUNGU_ID" NUMBER, "NAME" VARCHAR2(100), "SIDO_ID" NUMBER) SEGMENT CREATION IMMEDIATE PCTFREE 10 PCTUSED 40 INITRANS 1 MAXTRANS 255 NOCOMPRESS LOGGING STORAGE(INITIAL 65536 NEXT 1048576 MINEXTENTS 1 MAXEXTENTS 2147483645 PCTINCREASE 0 FREELISTS 1 FREELIST GROUPS 1 BUFFER_POOL DEFAULT FLASH_CACHE DEFAULT CELL_FLASH_CACHE DEFAULT);
--------------------------------------------------------
--  DDL for Table STADIUM
--------------------------------------------------------

  CREATE TABLE "STADIUM" ("STADIUM_NO" NUMBER, "STADIUM_NAME" VARCHAR2(100), "SIDO_NAME" NUMBER, "SIGUNGU_NAME" NUMBER, "DETAILED_ADDRESS" VARCHAR2(200), "REG_DATE" DATE DEFAULT SYSDATE, "CONTENT" VARCHAR2(2000), "STADIUM_STATUS" VARCHAR2(20)) SEGMENT CREATION IMMEDIATE PCTFREE 10 PCTUSED 40 INITRANS 1 MAXTRANS 255 NOCOMPRESS LOGGING STORAGE(INITIAL 65536 NEXT 1048576 MINEXTENTS 1 MAXEXTENTS 2147483645 PCTINCREASE 0 FREELISTS 1 FREELIST GROUPS 1 BUFFER_POOL DEFAULT FLASH_CACHE DEFAULT CELL_FLASH_CACHE DEFAULT);
--------------------------------------------------------
--  DDL for Table STADIUM_YANGDO
--------------------------------------------------------

  CREATE TABLE "STADIUM_YANGDO" ("YANGDO_NO" NUMBER, "TITLE" VARCHAR2(255), "WRITER" NUMBER, "CONTENT" VARCHAR2(255), "READCOUNT" NUMBER DEFAULT 0, "REG_DATE" DATE DEFAULT SYSDATE) SEGMENT CREATION IMMEDIATE PCTFREE 10 PCTUSED 40 INITRANS 1 MAXTRANS 255 NOCOMPRESS LOGGING STORAGE(INITIAL 65536 NEXT 1048576 MINEXTENTS 1 MAXEXTENTS 2147483645 PCTINCREASE 0 FREELISTS 1 FREELIST GROUPS 1 BUFFER_POOL DEFAULT FLASH_CACHE DEFAULT CELL_FLASH_CACHE DEFAULT);
--------------------------------------------------------
--  DDL for Table TEAM
--------------------------------------------------------

  CREATE TABLE "TEAM" ("T_NO" NUMBER, "TEAM_MEMBER" NUMBER, "T_NAME" VARCHAR2(100)) SEGMENT CREATION IMMEDIATE PCTFREE 10 PCTUSED 40 INITRANS 1 MAXTRANS 255 NOCOMPRESS LOGGING STORAGE(INITIAL 65536 NEXT 1048576 MINEXTENTS 1 MAXEXTENTS 2147483645 PCTINCREASE 0 FREELISTS 1 FREELIST GROUPS 1 BUFFER_POOL DEFAULT FLASH_CACHE DEFAULT CELL_FLASH_CACHE DEFAULT);
--------------------------------------------------------
--  DDL for Table TEAM_MEMBER
--------------------------------------------------------

  CREATE TABLE "TEAM_MEMBER" ("TEAM_MEMBER_NO" NUMBER, "MEMBER_NAME" NUMBER) SEGMENT CREATION IMMEDIATE PCTFREE 10 PCTUSED 40 INITRANS 1 MAXTRANS 255 NOCOMPRESS LOGGING STORAGE(INITIAL 65536 NEXT 1048576 MINEXTENTS 1 MAXEXTENTS 2147483645 PCTINCREASE 0 FREELISTS 1 FREELIST GROUPS 1 BUFFER_POOL DEFAULT FLASH_CACHE DEFAULT CELL_FLASH_CACHE DEFAULT);
--------------------------------------------------------
--  DDL for Table TEAM_RANKING
--------------------------------------------------------

  CREATE TABLE "TEAM_RANKING" ("RANKING_NO" NUMBER, "T_NO" NUMBER, "RANKING_POSITION" NUMBER) SEGMENT CREATION IMMEDIATE PCTFREE 10 PCTUSED 40 INITRANS 1 MAXTRANS 255 NOCOMPRESS LOGGING STORAGE(INITIAL 65536 NEXT 1048576 MINEXTENTS 1 MAXEXTENTS 2147483645 PCTINCREASE 0 FREELISTS 1 FREELIST GROUPS 1 BUFFER_POOL DEFAULT FLASH_CACHE DEFAULT CELL_FLASH_CACHE DEFAULT);
--------------------------------------------------------
--  DDL for Table TEAM_RECORD
--------------------------------------------------------

  CREATE TABLE "TEAM_RECORD" ("TEAM_RECORD_NO" NUMBER, "TEAM_NO" NUMBER, "GAMES_PLAYED" NUMBER, "WINS" NUMBER, "DRAWS" NUMBER, "LOSSES" NUMBER, "GOALS_FOR" NUMBER, "GOALS_AGAINST" NUMBER) SEGMENT CREATION IMMEDIATE PCTFREE 10 PCTUSED 40 INITRANS 1 MAXTRANS 255 NOCOMPRESS LOGGING STORAGE(INITIAL 65536 NEXT 1048576 MINEXTENTS 1 MAXEXTENTS 2147483645 PCTINCREASE 0 FREELISTS 1 FREELIST GROUPS 1 BUFFER_POOL DEFAULT FLASH_CACHE DEFAULT CELL_FLASH_CACHE DEFAULT);
--------------------------------------------------------
--  DDL for Table TEAMMEMBOARD_DAY
--------------------------------------------------------

  CREATE TABLE "TEAMMEMBOARD_DAY" ("B_NO" NUMBER, "DAY" NUMBER) SEGMENT CREATION IMMEDIATE PCTFREE 10 PCTUSED 40 INITRANS 1 MAXTRANS 255 NOCOMPRESS LOGGING STORAGE(INITIAL 65536 NEXT 1048576 MINEXTENTS 1 MAXEXTENTS 2147483645 PCTINCREASE 0 FREELISTS 1 FREELIST GROUPS 1 BUFFER_POOL DEFAULT FLASH_CACHE DEFAULT CELL_FLASH_CACHE DEFAULT);
--------------------------------------------------------
--  DDL for Table TEAMMEMBOARD_TIME
--------------------------------------------------------

  CREATE TABLE "TEAMMEMBOARD_TIME" ("B_NO" NUMBER, "TIME" VARCHAR2(30)) SEGMENT CREATION IMMEDIATE PCTFREE 10 PCTUSED 40 INITRANS 1 MAXTRANS 255 NOCOMPRESS LOGGING STORAGE(INITIAL 65536 NEXT 1048576 MINEXTENTS 1 MAXEXTENTS 2147483645 PCTINCREASE 0 FREELISTS 1 FREELIST GROUPS 1 BUFFER_POOL DEFAULT FLASH_CACHE DEFAULT CELL_FLASH_CACHE DEFAULT);
--------------------------------------------------------
--  DDL for Table TIME_TABLE
--------------------------------------------------------

  CREATE TABLE "TIME_TABLE" ("TIME_NO" NUMBER, "TIME_RANGE" VARCHAR2(20)) SEGMENT CREATION IMMEDIATE PCTFREE 10 PCTUSED 40 INITRANS 1 MAXTRANS 255 NOCOMPRESS LOGGING STORAGE(INITIAL 65536 NEXT 1048576 MINEXTENTS 1 MAXEXTENTS 2147483645 PCTINCREASE 0 FREELISTS 1 FREELIST GROUPS 1 BUFFER_POOL DEFAULT FLASH_CACHE DEFAULT CELL_FLASH_CACHE DEFAULT);
--------------------------------------------------------
--  DDL for Table TOURNAMENT
--------------------------------------------------------

  CREATE TABLE "TOURNAMENT" ("SUBJECT" VARCHAR2(100), "REGION" VARCHAR2(20), "CONTENT" VARCHAR2(300), "REGIST_START" DATE, "REGIST_END" DATE, "LIST_NO" NUMBER(9,0), "REG_DATE" DATE DEFAULT sysdate) SEGMENT CREATION IMMEDIATE PCTFREE 10 PCTUSED 40 INITRANS 1 MAXTRANS 255 NOCOMPRESS LOGGING STORAGE(INITIAL 65536 NEXT 1048576 MINEXTENTS 1 MAXEXTENTS 2147483645 PCTINCREASE 0 FREELISTS 1 FREELIST GROUPS 1 BUFFER_POOL DEFAULT FLASH_CACHE DEFAULT CELL_FLASH_CACHE DEFAULT);
REM INSERTING into BOOKING
SET DEFINE OFF;
Insert into BOOKING (BOOKING_NO,STADIUM_NO,BOOKING_DATE,TIME_SLOT,M_NO) values (3,14,to_date('24/05/01','RR/MM/DD'),'6',2);
Insert into BOOKING (BOOKING_NO,STADIUM_NO,BOOKING_DATE,TIME_SLOT,M_NO) values (1,12,to_date('24/05/21','RR/MM/DD'),'8',2);
Insert into BOOKING (BOOKING_NO,STADIUM_NO,BOOKING_DATE,TIME_SLOT,M_NO) values (4,12,to_date('24/05/20','RR/MM/DD'),'10',2);
Insert into BOOKING (BOOKING_NO,STADIUM_NO,BOOKING_DATE,TIME_SLOT,M_NO) values (5,13,to_date('24/05/16','RR/MM/DD'),'10',2);
Insert into BOOKING (BOOKING_NO,STADIUM_NO,BOOKING_DATE,TIME_SLOT,M_NO) values (2,13,to_date('24/05/02','RR/MM/DD'),'9',2);
REM INSERTING into BUY
SET DEFINE OFF;
Insert into BUY (BUY_NO,TITLE,WRITER,CONTENT,READCOUNT,REG_DATE) values (1,'타이틀01',1,'컨텐츠01',0,to_date('24/05/01','RR/MM/DD'));
Insert into BUY (BUY_NO,TITLE,WRITER,CONTENT,READCOUNT,REG_DATE) values (2,'타이틀02',2,'컨텐츠02',0,to_date('24/05/01','RR/MM/DD'));
Insert into BUY (BUY_NO,TITLE,WRITER,CONTENT,READCOUNT,REG_DATE) values (3,'타이틀03',3,'컨텐츠03',0,to_date('24/05/01','RR/MM/DD'));
Insert into BUY (BUY_NO,TITLE,WRITER,CONTENT,READCOUNT,REG_DATE) values (4,'타이틀04',4,'컨텐츠04',0,to_date('24/05/01','RR/MM/DD'));
Insert into BUY (BUY_NO,TITLE,WRITER,CONTENT,READCOUNT,REG_DATE) values (5,'타이틀05',5,'컨텐츠05',0,to_date('24/05/01','RR/MM/DD'));
Insert into BUY (BUY_NO,TITLE,WRITER,CONTENT,READCOUNT,REG_DATE) values (6,'타이틀06',6,'컨텐츠06',0,to_date('24/05/01','RR/MM/DD'));
Insert into BUY (BUY_NO,TITLE,WRITER,CONTENT,READCOUNT,REG_DATE) values (7,'타이틀07',7,'컨텐츠07',0,to_date('24/05/01','RR/MM/DD'));
Insert into BUY (BUY_NO,TITLE,WRITER,CONTENT,READCOUNT,REG_DATE) values (8,'타이틀08',8,'컨텐츠08',0,to_date('24/05/01','RR/MM/DD'));
Insert into BUY (BUY_NO,TITLE,WRITER,CONTENT,READCOUNT,REG_DATE) values (9,'타이틀09',9,'컨텐츠09',0,to_date('24/05/01','RR/MM/DD'));
Insert into BUY (BUY_NO,TITLE,WRITER,CONTENT,READCOUNT,REG_DATE) values (10,'타이틀10',10,'컨텐츠10',0,to_date('24/05/01','RR/MM/DD'));
Insert into BUY (BUY_NO,TITLE,WRITER,CONTENT,READCOUNT,REG_DATE) values (11,'타이틀11',11,'컨텐츠11',0,to_date('24/05/01','RR/MM/DD'));
Insert into BUY (BUY_NO,TITLE,WRITER,CONTENT,READCOUNT,REG_DATE) values (12,'타이틀12',12,'컨텐츠12',0,to_date('24/05/01','RR/MM/DD'));
Insert into BUY (BUY_NO,TITLE,WRITER,CONTENT,READCOUNT,REG_DATE) values (13,'타이틀13',13,'컨텐츠13',0,to_date('24/05/01','RR/MM/DD'));
Insert into BUY (BUY_NO,TITLE,WRITER,CONTENT,READCOUNT,REG_DATE) values (14,'타이틀14',14,'컨텐츠14',0,to_date('24/05/01','RR/MM/DD'));
Insert into BUY (BUY_NO,TITLE,WRITER,CONTENT,READCOUNT,REG_DATE) values (15,'타이틀15',15,'컨텐츠15',0,to_date('24/05/01','RR/MM/DD'));
Insert into BUY (BUY_NO,TITLE,WRITER,CONTENT,READCOUNT,REG_DATE) values (16,'타이틀16',16,'컨텐츠16',0,to_date('24/05/01','RR/MM/DD'));
Insert into BUY (BUY_NO,TITLE,WRITER,CONTENT,READCOUNT,REG_DATE) values (17,'타이틀17',17,'컨텐츠17',0,to_date('24/05/01','RR/MM/DD'));
Insert into BUY (BUY_NO,TITLE,WRITER,CONTENT,READCOUNT,REG_DATE) values (18,'타이틀18',18,'컨텐츠18',0,to_date('24/05/01','RR/MM/DD'));
Insert into BUY (BUY_NO,TITLE,WRITER,CONTENT,READCOUNT,REG_DATE) values (19,'타이틀19',19,'컨텐츠19',0,to_date('24/05/01','RR/MM/DD'));
Insert into BUY (BUY_NO,TITLE,WRITER,CONTENT,READCOUNT,REG_DATE) values (20,'타이틀20',20,'컨텐츠20',0,to_date('24/05/01','RR/MM/DD'));
Insert into BUY (BUY_NO,TITLE,WRITER,CONTENT,READCOUNT,REG_DATE) values (21,'타이틀21',21,'컨텐츠21',0,to_date('24/05/01','RR/MM/DD'));
Insert into BUY (BUY_NO,TITLE,WRITER,CONTENT,READCOUNT,REG_DATE) values (22,'타이틀22',22,'컨텐츠22',0,to_date('24/05/01','RR/MM/DD'));
Insert into BUY (BUY_NO,TITLE,WRITER,CONTENT,READCOUNT,REG_DATE) values (23,'타이틀23',23,'컨텐츠23',0,to_date('24/05/01','RR/MM/DD'));
Insert into BUY (BUY_NO,TITLE,WRITER,CONTENT,READCOUNT,REG_DATE) values (24,'타이틀24',24,'컨텐츠24',0,to_date('24/05/01','RR/MM/DD'));
Insert into BUY (BUY_NO,TITLE,WRITER,CONTENT,READCOUNT,REG_DATE) values (25,'타이틀25',25,'컨텐츠25',0,to_date('24/05/01','RR/MM/DD'));
Insert into BUY (BUY_NO,TITLE,WRITER,CONTENT,READCOUNT,REG_DATE) values (26,'타이틀26',26,'컨텐츠26',0,to_date('24/05/01','RR/MM/DD'));
REM INSERTING into CUSTOMERSERVICE
SET DEFINE OFF;
Insert into CUSTOMERSERVICE (CUSTOMERSERVICE_CATEGORYNO,CUSTOMERSERVICE_SUBJECT,CUSTOMERSERVICE_CONTENT) values (1,'회원가입은 어떻게 하나요?','회원가입은 홈페이지 우측 상단의 "회원가입" 버튼을 클릭하여 이메일 주소 및 비밀번호를 입력하고 가입 양식을 제출하면 됩니다.');
Insert into CUSTOMERSERVICE (CUSTOMERSERVICE_CATEGORYNO,CUSTOMERSERVICE_SUBJECT,CUSTOMERSERVICE_CONTENT) values (1,'비밀번호를 잊어버렸어요. 어떻게 하면 되나요?','로그인 페이지에서 "회원정보찾기"를 클릭하여 정보를 입력해주시면 됩니다.');
Insert into CUSTOMERSERVICE (CUSTOMERSERVICE_CATEGORYNO,CUSTOMERSERVICE_SUBJECT,CUSTOMERSERVICE_CONTENT) values (1,'계정을 삭제하려면 어떻게 해야 하나요?','계정 삭제를 원하실 경우 고객 서비스에 문의하여 삭제 절차를 안내받으세요.');
Insert into CUSTOMERSERVICE (CUSTOMERSERVICE_CATEGORYNO,CUSTOMERSERVICE_SUBJECT,CUSTOMERSERVICE_CONTENT) values (1,'하나의 이메일로 여러 개의 게정을 만들 수 있나요?','아니요, 하나의 이메일로는 하나의 계정만 만들 수 있습니다.');
Insert into CUSTOMERSERVICE (CUSTOMERSERVICE_CATEGORYNO,CUSTOMERSERVICE_SUBJECT,CUSTOMERSERVICE_CONTENT) values (1,'회원 정보를 수정하려면 어디에서 할 수 있나요?','마이페이지에서 개인 정보를 수정할 수 있습니다.');
Insert into CUSTOMERSERVICE (CUSTOMERSERVICE_CATEGORYNO,CUSTOMERSERVICE_SUBJECT,CUSTOMERSERVICE_CONTENT) values (2,'경기 매칭은 어떻게 이루어지나요?','"매칭 찾기"에서 원하는 지역과 시간을 선택하신 후 원하는 경기를 선택하시면 매칭할 수 있습니다.');
Insert into CUSTOMERSERVICE (CUSTOMERSERVICE_CATEGORYNO,CUSTOMERSERVICE_SUBJECT,CUSTOMERSERVICE_CONTENT) values (2,'매칭 조건을 변경할 수 있나요?','"매칭 찾기"에서 원하는 지역과 시간을 선택하여 원하는 매칭 조건을 찾으실 수 있습니다.');
Insert into CUSTOMERSERVICE (CUSTOMERSERVICE_CATEGORYNO,CUSTOMERSERVICE_SUBJECT,CUSTOMERSERVICE_CONTENT) values (2,'매칭 결과를 어떻게 확인할 수 있나요?','마이페이지에서 해당 경기 결과와 세부적인 통계, 랭킹 자료를 확인하실 수 있습니다.');
Insert into CUSTOMERSERVICE (CUSTOMERSERVICE_CATEGORYNO,CUSTOMERSERVICE_SUBJECT,CUSTOMERSERVICE_CONTENT) values (2,'이미 매칭된 상대방과의 경기를 취소할 수 있나요?','네, 매칭된 경기는 매칭 확인 페이지에서 취소할 수 있습니다. 다만, 취소 시 상대방에게 사정 통지하는 것을 권유드립니다.');
Insert into CUSTOMERSERVICE (CUSTOMERSERVICE_CATEGORYNO,CUSTOMERSERVICE_SUBJECT,CUSTOMERSERVICE_CONTENT) values (2,'경기를 마친 후기를 작성할 수 있나요?','경기를 마친 후에는 매칭을 신청한 대표자가 경기 후기를 작성할 수 있습니다. 이를 통해 상대팀은 물론 용병의 평가를 할 수 있습니다.');
Insert into CUSTOMERSERVICE (CUSTOMERSERVICE_CATEGORYNO,CUSTOMERSERVICE_SUBJECT,CUSTOMERSERVICE_CONTENT) values (3,'예약은 어떻게 하나요?','예약을 하려면 먼저 웹페이지에 가입한 뒤, 로그인 해야 합니다. 다음 사용 가능한 날짜와 시간을 확인하여 원하는 날짜와 시간을 선택한 후 예약을 완료하세요.');
Insert into CUSTOMERSERVICE (CUSTOMERSERVICE_CATEGORYNO,CUSTOMERSERVICE_SUBJECT,CUSTOMERSERVICE_CONTENT) values (3,'예약이 정상적으로 완료되었는지 어떻게 확인할 수 있나요?','예약이 완료되면 마이페이지에서 예약 내역을 확인할 수 있습니다.');
Insert into CUSTOMERSERVICE (CUSTOMERSERVICE_CATEGORYNO,CUSTOMERSERVICE_SUBJECT,CUSTOMERSERVICE_CONTENT) values (3,'예약을 변경하려면 어떻게 해야 하나요?','예약을 변경하려면 로그인 한 후 예약 목록에서 해당 예약을 선택하여 변경 요청을 제출하세요. 변경 가능한 날짜와 시간을 확인한 후 변경이 완료됩니다.');
Insert into CUSTOMERSERVICE (CUSTOMERSERVICE_CATEGORYNO,CUSTOMERSERVICE_SUBJECT,CUSTOMERSERVICE_CONTENT) values (3,'예약을 취소하려면 어떻게 해야 하나요?','예약 취소 정책은 경기 예약 상황과 시간에 따라 다를 수 있습니다. 자세한 내용은 고객 서비스에 문의해주세요.');
Insert into CUSTOMERSERVICE (CUSTOMERSERVICE_CATEGORYNO,CUSTOMERSERVICE_SUBJECT,CUSTOMERSERVICE_CONTENT) values (4,'서비스 이용 중 문제가 발생했어요. 어떻게 해결하죠?','문제가 발생했을 때는 고객 지원팀에 문의하여 신속하고 정확한 도움을 받을 수 있습니다.');
Insert into CUSTOMERSERVICE (CUSTOMERSERVICE_CATEGORYNO,CUSTOMERSERVICE_SUBJECT,CUSTOMERSERVICE_CONTENT) values (4,'새로운 기능을 기능을 제안하고 싶어요. 어디에 의견을 보내면 되나요?','고객 의견은 저희에게 매우 소중합니다. 이메일이나 SNS를 통해 의견을 보내실 수 있습니다. 제안된 기능은 우선적으로 검토되고, 적절하다고 판단될 경우 서비스에 반영될 수 있습니다.');
Insert into CUSTOMERSERVICE (CUSTOMERSERVICE_CATEGORYNO,CUSTOMERSERVICE_SUBJECT,CUSTOMERSERVICE_CONTENT) values (4,'새로운 업데이트나 기능 개선이 있을 때 어떻게 알 수 있나요?','새로운 업데이트나 기능 개선에 대한 소식은 공식 웹사이트 공지사항을 통해 확인하실 수 있습니다.');
Insert into CUSTOMERSERVICE (CUSTOMERSERVICE_CATEGORYNO,CUSTOMERSERVICE_SUBJECT,CUSTOMERSERVICE_CONTENT) values (4,'서비스를 더 잘 활용하기 위한 자료는 어디에서 확인할 수 있나요?','추후 사용자들이 서비스를 더 효과적으로 활용할 수 있도록 다양한 자료를 추가할 예정입니다. 많은 관심 부탁드립니다.');
Insert into CUSTOMERSERVICE (CUSTOMERSERVICE_CATEGORYNO,CUSTOMERSERVICE_SUBJECT,CUSTOMERSERVICE_CONTENT) values (5,'서비스 이용에 관한 약관은 어디에서 확인할 수 있나요?','서비스 이용에 관한 약관은 로그인 또는 회원가입 시 동의하셔야 합니다. 약관은 웹사이트의 이용 약관 페이지에서 언제든지 확인하실 수 있습니다.');
Insert into CUSTOMERSERVICE (CUSTOMERSERVICE_CATEGORYNO,CUSTOMERSERVICE_SUBJECT,CUSTOMERSERVICE_CONTENT) values (5,'서비스와 소셜 미디어 계정을 연동할 수 있나요?','편리한 로그인 및 공유를 위해 추후 소셜 미디어 계정과 연동할 수 있는 서비스를 제공하고자 준비하고 있습니다.');
REM INSERTING into CUSTOMERSERVICE_CATEGORY
SET DEFINE OFF;
Insert into CUSTOMERSERVICE_CATEGORY (CUSTOMERSERVICE_CATEGORYNO,CUSTOMERSERVICE_CATEGORYNAME) values (1,'계정 및 회원가입');
Insert into CUSTOMERSERVICE_CATEGORY (CUSTOMERSERVICE_CATEGORYNO,CUSTOMERSERVICE_CATEGORYNAME) values (2,'경기 매칭');
Insert into CUSTOMERSERVICE_CATEGORY (CUSTOMERSERVICE_CATEGORYNO,CUSTOMERSERVICE_CATEGORYNAME) values (3,'예약');
Insert into CUSTOMERSERVICE_CATEGORY (CUSTOMERSERVICE_CATEGORYNO,CUSTOMERSERVICE_CATEGORYNAME) values (4,'기술 지원');
Insert into CUSTOMERSERVICE_CATEGORY (CUSTOMERSERVICE_CATEGORYNO,CUSTOMERSERVICE_CATEGORYNAME) values (5,'기타');
REM INSERTING into DAY_OF_WEEK
SET DEFINE OFF;
Insert into DAY_OF_WEEK (DAY_NO,DAY_NAME) values (1,'월');
Insert into DAY_OF_WEEK (DAY_NO,DAY_NAME) values (2,'화');
Insert into DAY_OF_WEEK (DAY_NO,DAY_NAME) values (3,'수');
Insert into DAY_OF_WEEK (DAY_NO,DAY_NAME) values (4,'목');
Insert into DAY_OF_WEEK (DAY_NO,DAY_NAME) values (5,'금');
Insert into DAY_OF_WEEK (DAY_NO,DAY_NAME) values (6,'토');
Insert into DAY_OF_WEEK (DAY_NO,DAY_NAME) values (7,'일');
REM INSERTING into FREE_SHARING
SET DEFINE OFF;
Insert into FREE_SHARING (FREE_SHARING_NO,SUBJECT,WRITER,CONTENT,READCOUNT,REG_DATE) values (1,'타이틀01',1,'컨텐츠01',0,to_date('24/05/01','RR/MM/DD'));
Insert into FREE_SHARING (FREE_SHARING_NO,SUBJECT,WRITER,CONTENT,READCOUNT,REG_DATE) values (2,'타이틀02',2,'컨텐츠02',0,to_date('24/05/01','RR/MM/DD'));
Insert into FREE_SHARING (FREE_SHARING_NO,SUBJECT,WRITER,CONTENT,READCOUNT,REG_DATE) values (3,'타이틀03',3,'컨텐츠03',0,to_date('24/05/01','RR/MM/DD'));
Insert into FREE_SHARING (FREE_SHARING_NO,SUBJECT,WRITER,CONTENT,READCOUNT,REG_DATE) values (4,'타이틀04',4,'컨텐츠04',0,to_date('24/05/01','RR/MM/DD'));
Insert into FREE_SHARING (FREE_SHARING_NO,SUBJECT,WRITER,CONTENT,READCOUNT,REG_DATE) values (5,'타이틀05',5,'컨텐츠05',0,to_date('24/05/01','RR/MM/DD'));
Insert into FREE_SHARING (FREE_SHARING_NO,SUBJECT,WRITER,CONTENT,READCOUNT,REG_DATE) values (6,'타이틀06',6,'컨텐츠06',0,to_date('24/05/01','RR/MM/DD'));
Insert into FREE_SHARING (FREE_SHARING_NO,SUBJECT,WRITER,CONTENT,READCOUNT,REG_DATE) values (7,'타이틀07',7,'컨텐츠07',0,to_date('24/05/01','RR/MM/DD'));
Insert into FREE_SHARING (FREE_SHARING_NO,SUBJECT,WRITER,CONTENT,READCOUNT,REG_DATE) values (8,'타이틀08',8,'컨텐츠08',0,to_date('24/05/01','RR/MM/DD'));
Insert into FREE_SHARING (FREE_SHARING_NO,SUBJECT,WRITER,CONTENT,READCOUNT,REG_DATE) values (9,'타이틀09',9,'컨텐츠09',0,to_date('24/05/01','RR/MM/DD'));
Insert into FREE_SHARING (FREE_SHARING_NO,SUBJECT,WRITER,CONTENT,READCOUNT,REG_DATE) values (10,'타이틀10',10,'컨텐츠10',0,to_date('24/05/01','RR/MM/DD'));
Insert into FREE_SHARING (FREE_SHARING_NO,SUBJECT,WRITER,CONTENT,READCOUNT,REG_DATE) values (11,'타이틀11',11,'컨텐츠11',0,to_date('24/05/01','RR/MM/DD'));
Insert into FREE_SHARING (FREE_SHARING_NO,SUBJECT,WRITER,CONTENT,READCOUNT,REG_DATE) values (12,'타이틀12',12,'컨텐츠12',0,to_date('24/05/01','RR/MM/DD'));
Insert into FREE_SHARING (FREE_SHARING_NO,SUBJECT,WRITER,CONTENT,READCOUNT,REG_DATE) values (13,'타이틀13',13,'컨텐츠13',0,to_date('24/05/01','RR/MM/DD'));
Insert into FREE_SHARING (FREE_SHARING_NO,SUBJECT,WRITER,CONTENT,READCOUNT,REG_DATE) values (14,'타이틀14',14,'컨텐츠14',0,to_date('24/05/01','RR/MM/DD'));
Insert into FREE_SHARING (FREE_SHARING_NO,SUBJECT,WRITER,CONTENT,READCOUNT,REG_DATE) values (15,'타이틀15',15,'컨텐츠15',0,to_date('24/05/01','RR/MM/DD'));
Insert into FREE_SHARING (FREE_SHARING_NO,SUBJECT,WRITER,CONTENT,READCOUNT,REG_DATE) values (16,'타이틀16',16,'컨텐츠16',0,to_date('24/05/01','RR/MM/DD'));
Insert into FREE_SHARING (FREE_SHARING_NO,SUBJECT,WRITER,CONTENT,READCOUNT,REG_DATE) values (17,'타이틀17',17,'컨텐츠17',0,to_date('24/05/01','RR/MM/DD'));
Insert into FREE_SHARING (FREE_SHARING_NO,SUBJECT,WRITER,CONTENT,READCOUNT,REG_DATE) values (18,'타이틀18',18,'컨텐츠18',0,to_date('24/05/01','RR/MM/DD'));
Insert into FREE_SHARING (FREE_SHARING_NO,SUBJECT,WRITER,CONTENT,READCOUNT,REG_DATE) values (19,'타이틀19',19,'컨텐츠19',0,to_date('24/05/01','RR/MM/DD'));
Insert into FREE_SHARING (FREE_SHARING_NO,SUBJECT,WRITER,CONTENT,READCOUNT,REG_DATE) values (20,'타이틀20',20,'컨텐츠20',0,to_date('24/05/01','RR/MM/DD'));
Insert into FREE_SHARING (FREE_SHARING_NO,SUBJECT,WRITER,CONTENT,READCOUNT,REG_DATE) values (21,'타이틀21',21,'컨텐츠21',0,to_date('24/05/01','RR/MM/DD'));
Insert into FREE_SHARING (FREE_SHARING_NO,SUBJECT,WRITER,CONTENT,READCOUNT,REG_DATE) values (22,'타이틀22',22,'컨텐츠22',0,to_date('24/05/01','RR/MM/DD'));
Insert into FREE_SHARING (FREE_SHARING_NO,SUBJECT,WRITER,CONTENT,READCOUNT,REG_DATE) values (23,'타이틀23',23,'컨텐츠23',0,to_date('24/05/01','RR/MM/DD'));
Insert into FREE_SHARING (FREE_SHARING_NO,SUBJECT,WRITER,CONTENT,READCOUNT,REG_DATE) values (24,'타이틀24',24,'컨텐츠24',0,to_date('24/05/01','RR/MM/DD'));
Insert into FREE_SHARING (FREE_SHARING_NO,SUBJECT,WRITER,CONTENT,READCOUNT,REG_DATE) values (25,'팀 조끼 무료나눔 합니다',25,'10장 있습니다        ',0,to_date('24/05/10','RR/MM/DD'));
REM INSERTING into FREE_SHARING_COMMENT
SET DEFINE OFF;
REM INSERTING into FREEBOARD
SET DEFINE OFF;
Insert into FREEBOARD (B_NO,SUBJECT,WRITER,CONTENT,REG_DATE,READCOUNT) values (2,'제목2',2,'콘텐츠22',to_date('24/05/03','RR/MM/DD'),6);
Insert into FREEBOARD (B_NO,SUBJECT,WRITER,CONTENT,REG_DATE,READCOUNT) values (3,'제목3',27,'콘텐츠27',to_date('24/05/01','RR/MM/DD'),2);
Insert into FREEBOARD (B_NO,SUBJECT,WRITER,CONTENT,REG_DATE,READCOUNT) values (4,'안녕1',27,'안녕하세요1',to_date('24/05/03','RR/MM/DD'),15);
Insert into FREEBOARD (B_NO,SUBJECT,WRITER,CONTENT,REG_DATE,READCOUNT) values (5,'1234',2,'12345',to_date('24/05/04','RR/MM/DD'),0);
Insert into FREEBOARD (B_NO,SUBJECT,WRITER,CONTENT,REG_DATE,READCOUNT) values (6,'에이비씨',2,'에이비씨',to_date('24/05/04','RR/MM/DD'),18);
Insert into FREEBOARD (B_NO,SUBJECT,WRITER,CONTENT,REG_DATE,READCOUNT) values (7,'1',2,'1',to_date('24/05/04','RR/MM/DD'),0);
Insert into FREEBOARD (B_NO,SUBJECT,WRITER,CONTENT,REG_DATE,READCOUNT) values (8,'2',2,'2',to_date('24/05/04','RR/MM/DD'),17);
Insert into FREEBOARD (B_NO,SUBJECT,WRITER,CONTENT,REG_DATE,READCOUNT) values (9,'1',2,'2',to_date('24/05/04','RR/MM/DD'),2);
Insert into FREEBOARD (B_NO,SUBJECT,WRITER,CONTENT,REG_DATE,READCOUNT) values (10,'3',2,'3',to_date('24/05/04','RR/MM/DD'),22);
Insert into FREEBOARD (B_NO,SUBJECT,WRITER,CONTENT,REG_DATE,READCOUNT) values (1,'제목1',1,'콘텐츠1',to_date('24/05/01','RR/MM/DD'),52);
REM INSERTING into FREEBOARD_COMMENT
SET DEFINE OFF;
Insert into FREEBOARD_COMMENT (COMMENT_NO,B_NO,NICK_NAME,CONTENT,GROUP_NO,PRINT_NO,PRINT_LEVEL,REG_DATE) values (3,1,'1','1',3,0,0,to_date('24/05/03','RR/MM/DD'));
Insert into FREEBOARD_COMMENT (COMMENT_NO,B_NO,NICK_NAME,CONTENT,GROUP_NO,PRINT_NO,PRINT_LEVEL,REG_DATE) values (4,2,'ㅁ','ㅁ',4,0,0,to_date('24/05/03','RR/MM/DD'));
Insert into FREEBOARD_COMMENT (COMMENT_NO,B_NO,NICK_NAME,CONTENT,GROUP_NO,PRINT_NO,PRINT_LEVEL,REG_DATE) values (5,2,'ㅁ2','ㅁ',5,0,0,to_date('24/05/03','RR/MM/DD'));
Insert into FREEBOARD_COMMENT (COMMENT_NO,B_NO,NICK_NAME,CONTENT,GROUP_NO,PRINT_NO,PRINT_LEVEL,REG_DATE) values (6,2,'ㅁ3','ㅁ',6,0,0,to_date('24/05/03','RR/MM/DD'));
Insert into FREEBOARD_COMMENT (COMMENT_NO,B_NO,NICK_NAME,CONTENT,GROUP_NO,PRINT_NO,PRINT_LEVEL,REG_DATE) values (7,2,'ㅁㅁ','1',6,1,1,to_date('24/05/03','RR/MM/DD'));
Insert into FREEBOARD_COMMENT (COMMENT_NO,B_NO,NICK_NAME,CONTENT,GROUP_NO,PRINT_NO,PRINT_LEVEL,REG_DATE) values (8,4,'ㅁ','ㅁ',8,0,0,to_date('24/05/03','RR/MM/DD'));
Insert into FREEBOARD_COMMENT (COMMENT_NO,B_NO,NICK_NAME,CONTENT,GROUP_NO,PRINT_NO,PRINT_LEVEL,REG_DATE) values (9,4,'ㅁㅁ','ㅁㅁ',8,4,1,to_date('24/05/03','RR/MM/DD'));
Insert into FREEBOARD_COMMENT (COMMENT_NO,B_NO,NICK_NAME,CONTENT,GROUP_NO,PRINT_NO,PRINT_LEVEL,REG_DATE) values (10,4,'ㅁㅁ','ㅁㅁ',8,1,1,to_date('24/05/03','RR/MM/DD'));
Insert into FREEBOARD_COMMENT (COMMENT_NO,B_NO,NICK_NAME,CONTENT,GROUP_NO,PRINT_NO,PRINT_LEVEL,REG_DATE) values (11,4,'ㄴㄴ','ㄴㄴ',8,3,2,to_date('24/05/03','RR/MM/DD'));
Insert into FREEBOARD_COMMENT (COMMENT_NO,B_NO,NICK_NAME,CONTENT,GROUP_NO,PRINT_NO,PRINT_LEVEL,REG_DATE) values (12,4,'ㄴㄴ','ㄴㄴ',8,2,2,to_date('24/05/03','RR/MM/DD'));
Insert into FREEBOARD_COMMENT (COMMENT_NO,B_NO,NICK_NAME,CONTENT,GROUP_NO,PRINT_NO,PRINT_LEVEL,REG_DATE) values (13,4,'ㄴㄴ','ㄴㄴ',8,6,2,to_date('24/05/03','RR/MM/DD'));
Insert into FREEBOARD_COMMENT (COMMENT_NO,B_NO,NICK_NAME,CONTENT,GROUP_NO,PRINT_NO,PRINT_LEVEL,REG_DATE) values (14,4,'ㄴㄴ','ㄴㄴ',8,5,2,to_date('24/05/03','RR/MM/DD'));
Insert into FREEBOARD_COMMENT (COMMENT_NO,B_NO,NICK_NAME,CONTENT,GROUP_NO,PRINT_NO,PRINT_LEVEL,REG_DATE) values (15,1,'파이리','파~~',1,2,2,to_date('24/05/03','RR/MM/DD'));
Insert into FREEBOARD_COMMENT (COMMENT_NO,B_NO,NICK_NAME,CONTENT,GROUP_NO,PRINT_NO,PRINT_LEVEL,REG_DATE) values (16,6,'1','2',16,0,0,to_date('24/05/04','RR/MM/DD'));
Insert into FREEBOARD_COMMENT (COMMENT_NO,B_NO,NICK_NAME,CONTENT,GROUP_NO,PRINT_NO,PRINT_LEVEL,REG_DATE) values (17,6,'3','4',17,0,0,to_date('24/05/04','RR/MM/DD'));
Insert into FREEBOARD_COMMENT (COMMENT_NO,B_NO,NICK_NAME,CONTENT,GROUP_NO,PRINT_NO,PRINT_LEVEL,REG_DATE) values (18,6,'3','4',18,0,0,to_date('24/05/04','RR/MM/DD'));
Insert into FREEBOARD_COMMENT (COMMENT_NO,B_NO,NICK_NAME,CONTENT,GROUP_NO,PRINT_NO,PRINT_LEVEL,REG_DATE) values (19,6,'3','4',19,0,0,to_date('24/05/04','RR/MM/DD'));
Insert into FREEBOARD_COMMENT (COMMENT_NO,B_NO,NICK_NAME,CONTENT,GROUP_NO,PRINT_NO,PRINT_LEVEL,REG_DATE) values (20,6,'3','4',20,0,0,to_date('24/05/04','RR/MM/DD'));
Insert into FREEBOARD_COMMENT (COMMENT_NO,B_NO,NICK_NAME,CONTENT,GROUP_NO,PRINT_NO,PRINT_LEVEL,REG_DATE) values (21,6,'5','5',20,1,1,to_date('24/05/04','RR/MM/DD'));
Insert into FREEBOARD_COMMENT (COMMENT_NO,B_NO,NICK_NAME,CONTENT,GROUP_NO,PRINT_NO,PRINT_LEVEL,REG_DATE) values (22,6,'6','6',20,2,2,to_date('24/05/04','RR/MM/DD'));
Insert into FREEBOARD_COMMENT (COMMENT_NO,B_NO,NICK_NAME,CONTENT,GROUP_NO,PRINT_NO,PRINT_LEVEL,REG_DATE) values (23,8,'샘플3','1',23,0,0,to_date('24/05/04','RR/MM/DD'));
Insert into FREEBOARD_COMMENT (COMMENT_NO,B_NO,NICK_NAME,CONTENT,GROUP_NO,PRINT_NO,PRINT_LEVEL,REG_DATE) values (24,8,'샘플3','2',24,0,0,to_date('24/05/04','RR/MM/DD'));
Insert into FREEBOARD_COMMENT (COMMENT_NO,B_NO,NICK_NAME,CONTENT,GROUP_NO,PRINT_NO,PRINT_LEVEL,REG_DATE) values (25,8,'샘플3','3',25,0,0,to_date('24/05/04','RR/MM/DD'));
Insert into FREEBOARD_COMMENT (COMMENT_NO,B_NO,NICK_NAME,CONTENT,GROUP_NO,PRINT_NO,PRINT_LEVEL,REG_DATE) values (26,8,'샘플3','4',26,0,0,to_date('24/05/04','RR/MM/DD'));
Insert into FREEBOARD_COMMENT (COMMENT_NO,B_NO,NICK_NAME,CONTENT,GROUP_NO,PRINT_NO,PRINT_LEVEL,REG_DATE) values (27,8,'샘플3','45',27,0,0,to_date('24/05/04','RR/MM/DD'));
Insert into FREEBOARD_COMMENT (COMMENT_NO,B_NO,NICK_NAME,CONTENT,GROUP_NO,PRINT_NO,PRINT_LEVEL,REG_DATE) values (28,8,'샘플3','456',28,0,0,to_date('24/05/04','RR/MM/DD'));
Insert into FREEBOARD_COMMENT (COMMENT_NO,B_NO,NICK_NAME,CONTENT,GROUP_NO,PRINT_NO,PRINT_LEVEL,REG_DATE) values (29,8,'샘플3','asdfgf',29,0,0,to_date('24/05/04','RR/MM/DD'));
Insert into FREEBOARD_COMMENT (COMMENT_NO,B_NO,NICK_NAME,CONTENT,GROUP_NO,PRINT_NO,PRINT_LEVEL,REG_DATE) values (30,8,'샘플3','1',30,0,0,to_date('24/05/04','RR/MM/DD'));
Insert into FREEBOARD_COMMENT (COMMENT_NO,B_NO,NICK_NAME,CONTENT,GROUP_NO,PRINT_NO,PRINT_LEVEL,REG_DATE) values (31,8,'샘플3','12',31,0,0,to_date('24/05/04','RR/MM/DD'));
Insert into FREEBOARD_COMMENT (COMMENT_NO,B_NO,NICK_NAME,CONTENT,GROUP_NO,PRINT_NO,PRINT_LEVEL,REG_DATE) values (32,8,'샘플3','123',32,0,0,to_date('24/05/04','RR/MM/DD'));
Insert into FREEBOARD_COMMENT (COMMENT_NO,B_NO,NICK_NAME,CONTENT,GROUP_NO,PRINT_NO,PRINT_LEVEL,REG_DATE) values (33,8,'샘플3','1234',33,0,0,to_date('24/05/04','RR/MM/DD'));
Insert into FREEBOARD_COMMENT (COMMENT_NO,B_NO,NICK_NAME,CONTENT,GROUP_NO,PRINT_NO,PRINT_LEVEL,REG_DATE) values (34,8,'샘플3','12345',34,0,0,to_date('24/05/04','RR/MM/DD'));
Insert into FREEBOARD_COMMENT (COMMENT_NO,B_NO,NICK_NAME,CONTENT,GROUP_NO,PRINT_NO,PRINT_LEVEL,REG_DATE) values (35,8,'샘플3','123456',35,0,0,to_date('24/05/04','RR/MM/DD'));
Insert into FREEBOARD_COMMENT (COMMENT_NO,B_NO,NICK_NAME,CONTENT,GROUP_NO,PRINT_NO,PRINT_LEVEL,REG_DATE) values (36,8,'샘플3','1234567',36,0,0,to_date('24/05/04','RR/MM/DD'));
Insert into FREEBOARD_COMMENT (COMMENT_NO,B_NO,NICK_NAME,CONTENT,GROUP_NO,PRINT_NO,PRINT_LEVEL,REG_DATE) values (37,8,'샘플3','a',36,1,1,to_date('24/05/04','RR/MM/DD'));
Insert into FREEBOARD_COMMENT (COMMENT_NO,B_NO,NICK_NAME,CONTENT,GROUP_NO,PRINT_NO,PRINT_LEVEL,REG_DATE) values (38,8,'샘플3','a',36,2,2,to_date('24/05/04','RR/MM/DD'));
Insert into FREEBOARD_COMMENT (COMMENT_NO,B_NO,NICK_NAME,CONTENT,GROUP_NO,PRINT_NO,PRINT_LEVEL,REG_DATE) values (39,8,'샘플3','asdf',36,3,3,to_date('24/05/04','RR/MM/DD'));
Insert into FREEBOARD_COMMENT (COMMENT_NO,B_NO,NICK_NAME,CONTENT,GROUP_NO,PRINT_NO,PRINT_LEVEL,REG_DATE) values (40,8,'샘플3','asd',36,4,4,to_date('24/05/04','RR/MM/DD'));
Insert into FREEBOARD_COMMENT (COMMENT_NO,B_NO,NICK_NAME,CONTENT,GROUP_NO,PRINT_NO,PRINT_LEVEL,REG_DATE) values (41,8,'샘플3','123',41,0,0,to_date('24/05/04','RR/MM/DD'));
Insert into FREEBOARD_COMMENT (COMMENT_NO,B_NO,NICK_NAME,CONTENT,GROUP_NO,PRINT_NO,PRINT_LEVEL,REG_DATE) values (42,8,'샘플3','123',41,1,1,to_date('24/05/04','RR/MM/DD'));
Insert into FREEBOARD_COMMENT (COMMENT_NO,B_NO,NICK_NAME,CONTENT,GROUP_NO,PRINT_NO,PRINT_LEVEL,REG_DATE) values (43,9,'샘플3','1',43,0,0,to_date('24/05/04','RR/MM/DD'));
Insert into FREEBOARD_COMMENT (COMMENT_NO,B_NO,NICK_NAME,CONTENT,GROUP_NO,PRINT_NO,PRINT_LEVEL,REG_DATE) values (44,10,'샘플3','1',44,0,0,to_date('24/05/04','RR/MM/DD'));
Insert into FREEBOARD_COMMENT (COMMENT_NO,B_NO,NICK_NAME,CONTENT,GROUP_NO,PRINT_NO,PRINT_LEVEL,REG_DATE) values (45,10,'샘플3','2',44,8,1,to_date('24/05/04','RR/MM/DD'));
Insert into FREEBOARD_COMMENT (COMMENT_NO,B_NO,NICK_NAME,CONTENT,GROUP_NO,PRINT_NO,PRINT_LEVEL,REG_DATE) values (46,10,'샘플3','3',44,7,1,to_date('24/05/04','RR/MM/DD'));
Insert into FREEBOARD_COMMENT (COMMENT_NO,B_NO,NICK_NAME,CONTENT,GROUP_NO,PRINT_NO,PRINT_LEVEL,REG_DATE) values (47,10,'샘플3','4',44,6,1,to_date('24/05/04','RR/MM/DD'));
Insert into FREEBOARD_COMMENT (COMMENT_NO,B_NO,NICK_NAME,CONTENT,GROUP_NO,PRINT_NO,PRINT_LEVEL,REG_DATE) values (48,10,'샘플3','5',44,5,1,to_date('24/05/04','RR/MM/DD'));
Insert into FREEBOARD_COMMENT (COMMENT_NO,B_NO,NICK_NAME,CONTENT,GROUP_NO,PRINT_NO,PRINT_LEVEL,REG_DATE) values (49,10,'샘플3','6',44,4,1,to_date('24/05/04','RR/MM/DD'));
Insert into FREEBOARD_COMMENT (COMMENT_NO,B_NO,NICK_NAME,CONTENT,GROUP_NO,PRINT_NO,PRINT_LEVEL,REG_DATE) values (50,10,'샘플3','7',44,1,1,to_date('24/05/04','RR/MM/DD'));
Insert into FREEBOARD_COMMENT (COMMENT_NO,B_NO,NICK_NAME,CONTENT,GROUP_NO,PRINT_NO,PRINT_LEVEL,REG_DATE) values (51,10,'샘플3','1',44,3,2,to_date('24/05/04','RR/MM/DD'));
Insert into FREEBOARD_COMMENT (COMMENT_NO,B_NO,NICK_NAME,CONTENT,GROUP_NO,PRINT_NO,PRINT_LEVEL,REG_DATE) values (52,10,'샘플3','2',44,2,2,to_date('24/05/04','RR/MM/DD'));
Insert into FREEBOARD_COMMENT (COMMENT_NO,B_NO,NICK_NAME,CONTENT,GROUP_NO,PRINT_NO,PRINT_LEVEL,REG_DATE) values (53,10,'null','1',53,0,0,to_date('24/05/05','RR/MM/DD'));
Insert into FREEBOARD_COMMENT (COMMENT_NO,B_NO,NICK_NAME,CONTENT,GROUP_NO,PRINT_NO,PRINT_LEVEL,REG_DATE) values (54,10,'null','1',54,0,0,to_date('24/05/05','RR/MM/DD'));
Insert into FREEBOARD_COMMENT (COMMENT_NO,B_NO,NICK_NAME,CONTENT,GROUP_NO,PRINT_NO,PRINT_LEVEL,REG_DATE) values (55,10,'null',' 1',54,1,1,to_date('24/05/05','RR/MM/DD'));
Insert into FREEBOARD_COMMENT (COMMENT_NO,B_NO,NICK_NAME,CONTENT,GROUP_NO,PRINT_NO,PRINT_LEVEL,REG_DATE) values (56,10,'null','  2',54,2,2,to_date('24/05/05','RR/MM/DD'));
Insert into FREEBOARD_COMMENT (COMMENT_NO,B_NO,NICK_NAME,CONTENT,GROUP_NO,PRINT_NO,PRINT_LEVEL,REG_DATE) values (57,10,'null',' 3',54,3,3,to_date('24/05/05','RR/MM/DD'));
Insert into FREEBOARD_COMMENT (COMMENT_NO,B_NO,NICK_NAME,CONTENT,GROUP_NO,PRINT_NO,PRINT_LEVEL,REG_DATE) values (58,10,'null','4',54,4,4,to_date('24/05/05','RR/MM/DD'));
Insert into FREEBOARD_COMMENT (COMMENT_NO,B_NO,NICK_NAME,CONTENT,GROUP_NO,PRINT_NO,PRINT_LEVEL,REG_DATE) values (1,1,'ㅁ','ㅁ',1,0,0,to_date('24/05/01','RR/MM/DD'));
Insert into FREEBOARD_COMMENT (COMMENT_NO,B_NO,NICK_NAME,CONTENT,GROUP_NO,PRINT_NO,PRINT_LEVEL,REG_DATE) values (2,1,'ㅁㅁ','ㅁㅁ',1,1,1,to_date('24/05/01','RR/MM/DD'));
Insert into FREEBOARD_COMMENT (COMMENT_NO,B_NO,NICK_NAME,CONTENT,GROUP_NO,PRINT_NO,PRINT_LEVEL,REG_DATE) values (59,10,'null','5',54,5,5,to_date('24/05/05','RR/MM/DD'));
Insert into FREEBOARD_COMMENT (COMMENT_NO,B_NO,NICK_NAME,CONTENT,GROUP_NO,PRINT_NO,PRINT_LEVEL,REG_DATE) values (60,10,'샘플3','123',60,0,0,to_date('24/05/07','RR/MM/DD'));
Insert into FREEBOARD_COMMENT (COMMENT_NO,B_NO,NICK_NAME,CONTENT,GROUP_NO,PRINT_NO,PRINT_LEVEL,REG_DATE) values (61,10,'샘플3','123',60,1,1,to_date('24/05/07','RR/MM/DD'));
Insert into FREEBOARD_COMMENT (COMMENT_NO,B_NO,NICK_NAME,CONTENT,GROUP_NO,PRINT_NO,PRINT_LEVEL,REG_DATE) values (62,10,'샘플3','123',60,2,2,to_date('24/05/07','RR/MM/DD'));
Insert into FREEBOARD_COMMENT (COMMENT_NO,B_NO,NICK_NAME,CONTENT,GROUP_NO,PRINT_NO,PRINT_LEVEL,REG_DATE) values (63,10,'샘플3','123',60,3,3,to_date('24/05/07','RR/MM/DD'));
Insert into FREEBOARD_COMMENT (COMMENT_NO,B_NO,NICK_NAME,CONTENT,GROUP_NO,PRINT_NO,PRINT_LEVEL,REG_DATE) values (64,10,'샘플3','456',64,0,0,to_date('24/05/10','RR/MM/DD'));
REM INSERTING into HIRED_RECRUITMENT
SET DEFINE OFF;
Insert into HIRED_RECRUITMENT (RECRUITMENT_NO,TITLE,WRITER,CONTENT,READCOUNT,REG_DATE) values (1,'용병 모집합니다','이고운','24일 오후 7시 서울 가산동 근처 용병 모집합니다.',1,to_date('24/04/30','RR/MM/DD'));
Insert into HIRED_RECRUITMENT (RECRUITMENT_NO,TITLE,WRITER,CONTENT,READCOUNT,REG_DATE) values (2,'용병 필요합니다','이은지','내일 오후 5시 용병 구해요.',1,to_date('24/04/30','RR/MM/DD'));
Insert into HIRED_RECRUITMENT (RECRUITMENT_NO,TITLE,WRITER,CONTENT,READCOUNT,REG_DATE) values (3,'용병 급구','김민영','연락 주세요. 010-3456-7899',1,to_date('24/04/30','RR/MM/DD'));
Insert into HIRED_RECRUITMENT (RECRUITMENT_NO,TITLE,WRITER,CONTENT,READCOUNT,REG_DATE) values (4,'ㅂㅈㄷ','ㅂㅈㄷ','ㅂㅈㄷ',null,to_date('24/05/03','RR/MM/DD'));
Insert into HIRED_RECRUITMENT (RECRUITMENT_NO,TITLE,WRITER,CONTENT,READCOUNT,REG_DATE) values (5,'용병 모집합니다','글쓰닝','안녕',null,to_date('24/05/03','RR/MM/DD'));
REM INSERTING into HIRED_TEST
SET DEFINE OFF;
Insert into HIRED_TEST (HIRED_NO,TITLE,WRITER,CONTENT,READCOUNT,REG_DATE) values (1,'연습중','이고운','내용입니다.',1,to_date('24/04/29','RR/MM/DD'));
Insert into HIRED_TEST (HIRED_NO,TITLE,WRITER,CONTENT,READCOUNT,REG_DATE) values (2,'연습중2','이고운','내용입니다...',1,to_date('24/04/29','RR/MM/DD'));
Insert into HIRED_TEST (HIRED_NO,TITLE,WRITER,CONTENT,READCOUNT,REG_DATE) values (3,'연습중3','이고운','내용입니다........',1,to_date('24/04/29','RR/MM/DD'));
Insert into HIRED_TEST (HIRED_NO,TITLE,WRITER,CONTENT,READCOUNT,REG_DATE) values (2,'용병 필요합니다','이은지','내일 오후 5시 용병 구해요.',1,to_date('24/04/30','RR/MM/DD'));
Insert into HIRED_TEST (HIRED_NO,TITLE,WRITER,CONTENT,READCOUNT,REG_DATE) values (2,'용병 급구','김민영','연락 주세요. 010-3456-7899',1,to_date('24/04/30','RR/MM/DD'));
REM INSERTING into IMAGEBOARD
SET DEFINE OFF;
Insert into IMAGEBOARD (B_NO,SUBJECT,WRITER,CONTENT,REG_DATE,READCOUNT) values (1,'제목1','작성자1','내용1',to_date('24/04/24','RR/MM/DD'),0);
Insert into IMAGEBOARD (B_NO,SUBJECT,WRITER,CONTENT,REG_DATE,READCOUNT) values (2,'제목2','작성자2','내용2',to_date('24/04/24','RR/MM/DD'),0);
Insert into IMAGEBOARD (B_NO,SUBJECT,WRITER,CONTENT,REG_DATE,READCOUNT) values (3,'제목3','작성자3','내용3',to_date('24/04/24','RR/MM/DD'),0);
Insert into IMAGEBOARD (B_NO,SUBJECT,WRITER,CONTENT,REG_DATE,READCOUNT) values (4,'제목4','작성자4','내용4',to_date('24/04/24','RR/MM/DD'),0);
Insert into IMAGEBOARD (B_NO,SUBJECT,WRITER,CONTENT,REG_DATE,READCOUNT) values (5,'제목5','작성자5','내용5',to_date('24/04/24','RR/MM/DD'),0);
Insert into IMAGEBOARD (B_NO,SUBJECT,WRITER,CONTENT,REG_DATE,READCOUNT) values (6,'제목6','작성자6','내용6',to_date('24/04/24','RR/MM/DD'),0);
Insert into IMAGEBOARD (B_NO,SUBJECT,WRITER,CONTENT,REG_DATE,READCOUNT) values (7,'제목7','작성자7','내용7',to_date('24/04/24','RR/MM/DD'),0);
Insert into IMAGEBOARD (B_NO,SUBJECT,WRITER,CONTENT,REG_DATE,READCOUNT) values (8,'제목8','작성자8','내용8',to_date('24/04/24','RR/MM/DD'),0);
Insert into IMAGEBOARD (B_NO,SUBJECT,WRITER,CONTENT,REG_DATE,READCOUNT) values (9,'제목9','작성자9','내용9',to_date('24/04/24','RR/MM/DD'),0);
Insert into IMAGEBOARD (B_NO,SUBJECT,WRITER,CONTENT,REG_DATE,READCOUNT) values (10,'제목10','작성자10','내용10',to_date('24/04/24','RR/MM/DD'),0);
Insert into IMAGEBOARD (B_NO,SUBJECT,WRITER,CONTENT,REG_DATE,READCOUNT) values (11,'제목11','작성자11','내용11',to_date('24/04/30','RR/MM/DD'),0);
Insert into IMAGEBOARD (B_NO,SUBJECT,WRITER,CONTENT,REG_DATE,READCOUNT) values (12,'제목12','작성자12','내용12',to_date('24/04/30','RR/MM/DD'),0);
Insert into IMAGEBOARD (B_NO,SUBJECT,WRITER,CONTENT,REG_DATE,READCOUNT) values (13,'제목13','작성자13','내용13',to_date('24/04/30','RR/MM/DD'),0);
Insert into IMAGEBOARD (B_NO,SUBJECT,WRITER,CONTENT,REG_DATE,READCOUNT) values (14,'제목14','작성자14','내용14',to_date('24/04/30','RR/MM/DD'),0);
Insert into IMAGEBOARD (B_NO,SUBJECT,WRITER,CONTENT,REG_DATE,READCOUNT) values (15,'제목15','작성자15','내용15',to_date('24/04/30','RR/MM/DD'),0);
Insert into IMAGEBOARD (B_NO,SUBJECT,WRITER,CONTENT,REG_DATE,READCOUNT) values (16,'제목16','작성자16','내용16',to_date('24/04/30','RR/MM/DD'),0);
Insert into IMAGEBOARD (B_NO,SUBJECT,WRITER,CONTENT,REG_DATE,READCOUNT) values (17,'제목17','작성자17','내용17',to_date('24/04/30','RR/MM/DD'),0);
Insert into IMAGEBOARD (B_NO,SUBJECT,WRITER,CONTENT,REG_DATE,READCOUNT) values (18,'제목18','작성자18','내용18',to_date('24/04/30','RR/MM/DD'),0);
Insert into IMAGEBOARD (B_NO,SUBJECT,WRITER,CONTENT,REG_DATE,READCOUNT) values (19,'제목19','작성자19','내용19',to_date('24/04/30','RR/MM/DD'),0);
Insert into IMAGEBOARD (B_NO,SUBJECT,WRITER,CONTENT,REG_DATE,READCOUNT) values (20,'제목20','작성자20','내용20',to_date('24/04/30','RR/MM/DD'),0);
Insert into IMAGEBOARD (B_NO,SUBJECT,WRITER,CONTENT,REG_DATE,READCOUNT) values (21,'제목21','작성자21','내용21',to_date('24/04/30','RR/MM/DD'),0);
Insert into IMAGEBOARD (B_NO,SUBJECT,WRITER,CONTENT,REG_DATE,READCOUNT) values (22,'제목22','작성자22','내용22',to_date('24/04/30','RR/MM/DD'),0);
Insert into IMAGEBOARD (B_NO,SUBJECT,WRITER,CONTENT,REG_DATE,READCOUNT) values (23,'제목23','작성자23','내용23',to_date('24/04/30','RR/MM/DD'),0);
Insert into IMAGEBOARD (B_NO,SUBJECT,WRITER,CONTENT,REG_DATE,READCOUNT) values (24,'제목24','작성자24','내용24',to_date('24/04/30','RR/MM/DD'),0);
Insert into IMAGEBOARD (B_NO,SUBJECT,WRITER,CONTENT,REG_DATE,READCOUNT) values (25,'제목25','작성자25','내용25',to_date('24/04/30','RR/MM/DD'),0);
Insert into IMAGEBOARD (B_NO,SUBJECT,WRITER,CONTENT,REG_DATE,READCOUNT) values (26,'제목26','작성자26','내용26',to_date('24/04/30','RR/MM/DD'),0);
Insert into IMAGEBOARD (B_NO,SUBJECT,WRITER,CONTENT,REG_DATE,READCOUNT) values (27,'제목27','작성자27','내용27',to_date('24/04/30','RR/MM/DD'),0);
Insert into IMAGEBOARD (B_NO,SUBJECT,WRITER,CONTENT,REG_DATE,READCOUNT) values (28,'제목28','작성자28','내용28',to_date('24/04/30','RR/MM/DD'),0);
Insert into IMAGEBOARD (B_NO,SUBJECT,WRITER,CONTENT,REG_DATE,READCOUNT) values (29,'제목29','작성자29','내용29',to_date('24/04/30','RR/MM/DD'),0);
Insert into IMAGEBOARD (B_NO,SUBJECT,WRITER,CONTENT,REG_DATE,READCOUNT) values (30,'제목30','작성자30','내용30',to_date('24/04/30','RR/MM/DD'),0);
Insert into IMAGEBOARD (B_NO,SUBJECT,WRITER,CONTENT,REG_DATE,READCOUNT) values (31,'제목31','작성자31','내용31',to_date('24/04/30','RR/MM/DD'),0);
Insert into IMAGEBOARD (B_NO,SUBJECT,WRITER,CONTENT,REG_DATE,READCOUNT) values (32,'제목32','작성자32','내용32',to_date('24/04/30','RR/MM/DD'),0);
Insert into IMAGEBOARD (B_NO,SUBJECT,WRITER,CONTENT,REG_DATE,READCOUNT) values (33,'제목33','작성자33','내용33',to_date('24/04/30','RR/MM/DD'),0);
Insert into IMAGEBOARD (B_NO,SUBJECT,WRITER,CONTENT,REG_DATE,READCOUNT) values (34,'제목34','작성자34','내용34',to_date('24/04/30','RR/MM/DD'),0);
Insert into IMAGEBOARD (B_NO,SUBJECT,WRITER,CONTENT,REG_DATE,READCOUNT) values (35,'제목35','작성자35','내용35',to_date('24/04/30','RR/MM/DD'),0);
Insert into IMAGEBOARD (B_NO,SUBJECT,WRITER,CONTENT,REG_DATE,READCOUNT) values (36,'제목36','작성자36','내용36',to_date('24/04/30','RR/MM/DD'),0);
Insert into IMAGEBOARD (B_NO,SUBJECT,WRITER,CONTENT,REG_DATE,READCOUNT) values (37,'제목37','작성자37','내용37',to_date('24/04/30','RR/MM/DD'),0);
Insert into IMAGEBOARD (B_NO,SUBJECT,WRITER,CONTENT,REG_DATE,READCOUNT) values (38,'제목38','작성자38','내용38',to_date('24/04/30','RR/MM/DD'),0);
Insert into IMAGEBOARD (B_NO,SUBJECT,WRITER,CONTENT,REG_DATE,READCOUNT) values (39,'제목39','작성자39','내용39',to_date('24/04/30','RR/MM/DD'),0);
Insert into IMAGEBOARD (B_NO,SUBJECT,WRITER,CONTENT,REG_DATE,READCOUNT) values (40,'제목40','작성자40','내용40',to_date('24/04/30','RR/MM/DD'),0);
REM INSERTING into LESSON_RECRUITMENT
SET DEFINE OFF;
Insert into LESSON_RECRUITMENT (RECRUITMENT_NO,TITLE,WRITER,CONTENT,READCOUNT,REG_DATE,MONEY) values (1,'초등반 축구 레슨 모집합니다','김하나','저학년 아이들 대상으로 축구 레슨 진행합니다.',1,to_date('24/04/30','RR/MM/DD'),'회당 4만원');
Insert into LESSON_RECRUITMENT (RECRUITMENT_NO,TITLE,WRITER,CONTENT,READCOUNT,REG_DATE,MONEY) values (2,'성인 평일반 축구 레슨 오픈','김성열','초특가로 모십니다.',1,to_date('24/04/30','RR/MM/DD'),'회당 2.5만원');
Insert into LESSON_RECRUITMENT (RECRUITMENT_NO,TITLE,WRITER,CONTENT,READCOUNT,REG_DATE,MONEY) values (3,'서울 여의도역 성인 축구 레슨 모집합니다','윤민수','연락 주세요. 010-2323-3434',1,to_date('24/04/30','RR/MM/DD'),'회당 3만원');
Insert into LESSON_RECRUITMENT (RECRUITMENT_NO,TITLE,WRITER,CONTENT,READCOUNT,REG_DATE,MONEY) values (4,'ㄴ','ㄴ','ㄴ',0,to_date('24/05/03','RR/MM/DD'),'비용');
Insert into LESSON_RECRUITMENT (RECRUITMENT_NO,TITLE,WRITER,CONTENT,READCOUNT,REG_DATE,MONEY) values (5,'레슨 모집합니다','ㅇㅇ','안녕',0,to_date('24/05/03','RR/MM/DD'),'회당 100원');
Insert into LESSON_RECRUITMENT (RECRUITMENT_NO,TITLE,WRITER,CONTENT,READCOUNT,REG_DATE,MONEY) values (5,'레슨 모집합니다','ㅇㅇ','안녕',0,to_date('24/05/03','RR/MM/DD'),'회당 100원');
Insert into LESSON_RECRUITMENT (RECRUITMENT_NO,TITLE,WRITER,CONTENT,READCOUNT,REG_DATE,MONEY) values (6,'성동구 레슨 모집합니다','이은영','안녕',0,to_date('24/05/03','RR/MM/DD'),'회당 400원');
REM INSERTING into MATCH
SET DEFINE OFF;
REM INSERTING into MEMBER
SET DEFINE OFF;
Insert into MEMBER (M_NO,NAME,MID,PASSWORD,NICKNAME,EMAIL,BIRTHDATE,PHONE,GENDER,SIDO_ID,SIGUNGU_ID,DETAIL_ADDRESS,REG_DATE) values (1,'관리자','admin','1234','관리자','admin@example.com',to_date('90/01/01','RR/MM/DD'),'010-1234-5678','남       ',9,125,'서울시 강남구 역삼동 123-1',to_date('24/04/25','RR/MM/DD'));
Insert into MEMBER (M_NO,NAME,MID,PASSWORD,NICKNAME,EMAIL,BIRTHDATE,PHONE,GENDER,SIDO_ID,SIGUNGU_ID,DETAIL_ADDRESS,REG_DATE) values (2,'샘플2','abc123','1234','샘플3','kim123@example.com',to_date('95/05/05','RR/MM/DD'),'010-9876-5432','남       ',9,143,'경기도 수원시 팔달구 매산로 1',to_date('24/04/25','RR/MM/DD'));
Insert into MEMBER (M_NO,NAME,MID,PASSWORD,NICKNAME,EMAIL,BIRTHDATE,PHONE,GENDER,SIDO_ID,SIGUNGU_ID,DETAIL_ADDRESS,REG_DATE) values (3,'이영희','lee123','1234','영영영','lee123@example.com',to_date('93/10/15','RR/MM/DD'),'010-1111-2222','여       ',2,45,'전라남도 목포시 산정로 123',to_date('24/04/25','RR/MM/DD'));
Insert into MEMBER (M_NO,NAME,MID,PASSWORD,NICKNAME,EMAIL,BIRTHDATE,PHONE,GENDER,SIDO_ID,SIGUNGU_ID,DETAIL_ADDRESS,REG_DATE) values (4,'박민수','park123','1234','박박박','park123@example.com',to_date('88/07/20','RR/MM/DD'),'010-5555-6666','남       ',2,33,'인천시 연수구 도화동 1-2',to_date('24/04/25','RR/MM/DD'));
Insert into MEMBER (M_NO,NAME,MID,PASSWORD,NICKNAME,EMAIL,BIRTHDATE,PHONE,GENDER,SIDO_ID,SIGUNGU_ID,DETAIL_ADDRESS,REG_DATE) values (5,'최영진','choi123','1234','최최최','choi123@example.com',to_date('92/03/12','RR/MM/DD'),'010-7777-8888','남       ',1,1,'서울시 강서구 화곡동 123-4',to_date('24/04/25','RR/MM/DD'));
Insert into MEMBER (M_NO,NAME,MID,PASSWORD,NICKNAME,EMAIL,BIRTHDATE,PHONE,GENDER,SIDO_ID,SIGUNGU_ID,DETAIL_ADDRESS,REG_DATE) values (6,'장미영','jang123','1234','장장장','jang123@example.com',to_date('97/12/25','RR/MM/DD'),'010-9999-0000','여       ',8,109,'경북 포항시 남구 대송동 2-3',to_date('24/04/25','RR/MM/DD'));
Insert into MEMBER (M_NO,NAME,MID,PASSWORD,NICKNAME,EMAIL,BIRTHDATE,PHONE,GENDER,SIDO_ID,SIGUNGU_ID,DETAIL_ADDRESS,REG_DATE) values (7,'이상호','lee456','1234','호호호','lee456@example.com',to_date('85/09/03','RR/MM/DD'),'010-2222-3333','남       ',3,52,'부산시 동래구 온천동 123-5',to_date('24/04/25','RR/MM/DD'));
Insert into MEMBER (M_NO,NAME,MID,PASSWORD,NICKNAME,EMAIL,BIRTHDATE,PHONE,GENDER,SIDO_ID,SIGUNGU_ID,DETAIL_ADDRESS,REG_DATE) values (8,'김지연','kim456','1234','지지지','kim456@example.com',to_date('94/08/22','RR/MM/DD'),'010-4444-5555','여       ',16,214,'충북 청주시 흥덕구 개신동 3-4',to_date('24/04/25','RR/MM/DD'));
Insert into MEMBER (M_NO,NAME,MID,PASSWORD,NICKNAME,EMAIL,BIRTHDATE,PHONE,GENDER,SIDO_ID,SIGUNGU_ID,DETAIL_ADDRESS,REG_DATE) values (9,'박성우','park456','1234','성성성','park456@example.com',to_date('89/04/30','RR/MM/DD'),'010-6666-7777','남       ',5,91,'대구시 수성구 만촌동 4-5',to_date('24/04/25','RR/MM/DD'));
Insert into MEMBER (M_NO,NAME,MID,PASSWORD,NICKNAME,EMAIL,BIRTHDATE,PHONE,GENDER,SIDO_ID,SIGUNGU_ID,DETAIL_ADDRESS,REG_DATE) values (10,'이지훈','lee789','1234','훈훈훈','lee789@example.com',to_date('95/12/01','RR/MM/DD'),'010-8888-9999','남       ',6,98,'경북 경산시 하양읍 5-6',to_date('24/04/25','RR/MM/DD'));
Insert into MEMBER (M_NO,NAME,MID,PASSWORD,NICKNAME,EMAIL,BIRTHDATE,PHONE,GENDER,SIDO_ID,SIGUNGU_ID,DETAIL_ADDRESS,REG_DATE) values (11,'김현주','kim789','1234','주주주','kim789@example.com',to_date('83/12/17','RR/MM/DD'),'010-1212-3434','여       ',15,205,'전남 나주시 다도면 6-7',to_date('24/04/25','RR/MM/DD'));
Insert into MEMBER (M_NO,NAME,MID,PASSWORD,NICKNAME,EMAIL,BIRTHDATE,PHONE,GENDER,SIDO_ID,SIGUNGU_ID,DETAIL_ADDRESS,REG_DATE) values (12,'박영호','park789','1234','호호호2','park789@example.com',to_date('91/02/28','RR/MM/DD'),'010-3434-4545','남       ',10,154,'강원 춘천시 사직동 7-8',to_date('24/04/25','RR/MM/DD'));
Insert into MEMBER (M_NO,NAME,MID,PASSWORD,NICKNAME,EMAIL,BIRTHDATE,PHONE,GENDER,SIDO_ID,SIGUNGU_ID,DETAIL_ADDRESS,REG_DATE) values (13,'김서준','kim901','1234','준준준','kim901@example.com',to_date('98/01/13','RR/MM/DD'),'010-5656-6767','남       ',13,190,'전북 전주시 완산구 효자동 8-9',to_date('24/04/25','RR/MM/DD'));
Insert into MEMBER (M_NO,NAME,MID,PASSWORD,NICKNAME,EMAIL,BIRTHDATE,PHONE,GENDER,SIDO_ID,SIGUNGU_ID,DETAIL_ADDRESS,REG_DATE) values (14,'이미소','lee012','1234','소소소','lee012@example.com',to_date('86/01/19','RR/MM/DD'),'010-2323-4545','여       ',14,198,'제주시 아라동 9-10',to_date('24/04/25','RR/MM/DD'));
Insert into MEMBER (M_NO,NAME,MID,PASSWORD,NICKNAME,EMAIL,BIRTHDATE,PHONE,GENDER,SIDO_ID,SIGUNGU_ID,DETAIL_ADDRESS,REG_DATE) values (15,'최진우','choi012','1234','우우우','choi012@example.com',to_date('93/08/13','RR/MM/DD'),'010-3434-5656','남       ',15,199,'충남 천안시 동남구 신방동 10-11',to_date('24/04/25','RR/MM/DD'));
Insert into MEMBER (M_NO,NAME,MID,PASSWORD,NICKNAME,EMAIL,BIRTHDATE,PHONE,GENDER,SIDO_ID,SIGUNGU_ID,DETAIL_ADDRESS,REG_DATE) values (16,'김수진','kim012','1234','진진진','kim012@example.com',to_date('90/12/04','RR/MM/DD'),'010-4545-6767','여       ',10,149,'경북 포항시 북구 죽장동 11-12',to_date('24/04/25','RR/MM/DD'));
Insert into MEMBER (M_NO,NAME,MID,PASSWORD,NICKNAME,EMAIL,BIRTHDATE,PHONE,GENDER,SIDO_ID,SIGUNGU_ID,DETAIL_ADDRESS,REG_DATE) values (17,'박준호','park345','1234','호호호3','park345@example.com',to_date('88/03/26','RR/MM/DD'),'010-5656-7878','남       ',1,3,'서울시 강동구 천호동 12-13',to_date('24/04/25','RR/MM/DD'));
Insert into MEMBER (M_NO,NAME,MID,PASSWORD,NICKNAME,EMAIL,BIRTHDATE,PHONE,GENDER,SIDO_ID,SIGUNGU_ID,DETAIL_ADDRESS,REG_DATE) values (18,'이정훈','lee345','1234','훈훈훈2','lee345@example.com',to_date('97/02/09','RR/MM/DD'),'010-6767-8989','남       ',2,20,'인천시 연수구 송도동 13-14',to_date('24/04/25','RR/MM/DD'));
Insert into MEMBER (M_NO,NAME,MID,PASSWORD,NICKNAME,EMAIL,BIRTHDATE,PHONE,GENDER,SIDO_ID,SIGUNGU_ID,DETAIL_ADDRESS,REG_DATE) values (19,'김민지','kim345','1234','지지지2','kim345@example.com',to_date('94/11/30','RR/MM/DD'),'010-7878-9090','여       ',3,57,'부산시 남구 대연동 14-15',to_date('24/04/25','RR/MM/DD'));
Insert into MEMBER (M_NO,NAME,MID,PASSWORD,NICKNAME,EMAIL,BIRTHDATE,PHONE,GENDER,SIDO_ID,SIGUNGU_ID,DETAIL_ADDRESS,REG_DATE) values (20,'최동현','choi345','1234','현현현','choi345@example.com',to_date('90/09/20','RR/MM/DD'),'010-8989-0101','남       ',4,76,'대전시 서구 둔산동 15-16',to_date('24/04/25','RR/MM/DD'));
Insert into MEMBER (M_NO,NAME,MID,PASSWORD,NICKNAME,EMAIL,BIRTHDATE,PHONE,GENDER,SIDO_ID,SIGUNGU_ID,DETAIL_ADDRESS,REG_DATE) values (21,'이지민','lee567','1234','민민민','lee567@example.com',to_date('85/11/25','RR/MM/DD'),'010-0101-1212','여       ',5,93,'대구시 달서구 진천동 16-17',to_date('24/04/25','RR/MM/DD'));
Insert into MEMBER (M_NO,NAME,MID,PASSWORD,NICKNAME,EMAIL,BIRTHDATE,PHONE,GENDER,SIDO_ID,SIGUNGU_ID,DETAIL_ADDRESS,REG_DATE) values (22,'박현우','park567','1234','우우우2','park567@example.com',to_date('91/01/31','RR/MM/DD'),'010-1212-2323','남       ',6,96,'경북 경주시 교동 17-18',to_date('24/04/25','RR/MM/DD'));
Insert into MEMBER (M_NO,NAME,MID,PASSWORD,NICKNAME,EMAIL,BIRTHDATE,PHONE,GENDER,SIDO_ID,SIGUNGU_ID,DETAIL_ADDRESS,REG_DATE) values (23,'김지민','kim567','1234','민민민2','kim567@example.com',to_date('98/03/02','RR/MM/DD'),'010-2323-3434','여       ',9,136,'광주시 광산구 송정동 18-19',to_date('24/04/25','RR/MM/DD'));
Insert into MEMBER (M_NO,NAME,MID,PASSWORD,NICKNAME,EMAIL,BIRTHDATE,PHONE,GENDER,SIDO_ID,SIGUNGU_ID,DETAIL_ADDRESS,REG_DATE) values (24,'최준서','choi567','1234','서서서3','choi567@example.com',to_date('87/03/12','RR/MM/DD'),'010-3434-4546','남       ',8,110,'경기도 부천시 원미구 춘의동 19-20',to_date('24/04/25','RR/MM/DD'));
Insert into MEMBER (M_NO,NAME,MID,PASSWORD,NICKNAME,EMAIL,BIRTHDATE,PHONE,GENDER,SIDO_ID,SIGUNGU_ID,DETAIL_ADDRESS,REG_DATE) values (25,'박예은','park678','1234','은은은','park678@example.com',to_date('96/02/29','RR/MM/DD'),'010-4545-5656','여       ',9,126,'서울시 서초구 반포동 20-21',to_date('24/04/25','RR/MM/DD'));
Insert into MEMBER (M_NO,NAME,MID,PASSWORD,NICKNAME,EMAIL,BIRTHDATE,PHONE,GENDER,SIDO_ID,SIGUNGU_ID,DETAIL_ADDRESS,REG_DATE) values (26,'이건우','lee678','1234','우우우3','lee678@example.com',to_date('92/08/07','RR/MM/DD'),'010-5656-6768','남       ',10,154,'인천시 남동구 논현동 21-22',to_date('24/04/26','RR/MM/DD'));
Insert into MEMBER (M_NO,NAME,MID,PASSWORD,NICKNAME,EMAIL,BIRTHDATE,PHONE,GENDER,SIDO_ID,SIGUNGU_ID,DETAIL_ADDRESS,REG_DATE) values (27,'삭제용1','abcdef1','1234','삭제용1','del1@example.com',to_date('92/08/08','RR/MM/DD'),'010-1234-1234','남       ',10,153,'인천시 남동구 논현동 21-22',to_date('24/04/26','RR/MM/DD'));
Insert into MEMBER (M_NO,NAME,MID,PASSWORD,NICKNAME,EMAIL,BIRTHDATE,PHONE,GENDER,SIDO_ID,SIGUNGU_ID,DETAIL_ADDRESS,REG_DATE) values (28,'팀장님저집에가고싶어요','zipgagosipda','12345','집에왜안보내주시는거죠팀장님','zipgagosipda@naver.com',to_date('98/06/01','RR/MM/DD'),'01056565656','남       ',2,28,'부천시 어딘가',to_date('24/05/10','RR/MM/DD'));
Insert into MEMBER (M_NO,NAME,MID,PASSWORD,NICKNAME,EMAIL,BIRTHDATE,PHONE,GENDER,SIDO_ID,SIGUNGU_ID,DETAIL_ADDRESS,REG_DATE) values (29,'사랑해요팀장님','iloveteamjang','12345','팀장님사랑해요','iloveteamjang@naver.com',to_date('98/06/01','RR/MM/DD'),'01045454545','여       ',2,45,'화성시 어딘가',to_date('24/05/10','RR/MM/DD'));
REM INSERTING into MEMBER_DETAIL
SET DEFINE OFF;
Insert into MEMBER_DETAIL (MEMBER,TEAM) values (2,null);
Insert into MEMBER_DETAIL (MEMBER,TEAM) values (3,null);
Insert into MEMBER_DETAIL (MEMBER,TEAM) values (4,null);
Insert into MEMBER_DETAIL (MEMBER,TEAM) values (5,null);
Insert into MEMBER_DETAIL (MEMBER,TEAM) values (6,null);
Insert into MEMBER_DETAIL (MEMBER,TEAM) values (7,null);
Insert into MEMBER_DETAIL (MEMBER,TEAM) values (8,null);
Insert into MEMBER_DETAIL (MEMBER,TEAM) values (9,null);
Insert into MEMBER_DETAIL (MEMBER,TEAM) values (10,null);
Insert into MEMBER_DETAIL (MEMBER,TEAM) values (11,null);
Insert into MEMBER_DETAIL (MEMBER,TEAM) values (12,null);
Insert into MEMBER_DETAIL (MEMBER,TEAM) values (13,null);
Insert into MEMBER_DETAIL (MEMBER,TEAM) values (14,null);
Insert into MEMBER_DETAIL (MEMBER,TEAM) values (15,null);
Insert into MEMBER_DETAIL (MEMBER,TEAM) values (16,null);
Insert into MEMBER_DETAIL (MEMBER,TEAM) values (17,null);
Insert into MEMBER_DETAIL (MEMBER,TEAM) values (18,null);
Insert into MEMBER_DETAIL (MEMBER,TEAM) values (19,null);
Insert into MEMBER_DETAIL (MEMBER,TEAM) values (20,null);
Insert into MEMBER_DETAIL (MEMBER,TEAM) values (21,null);
Insert into MEMBER_DETAIL (MEMBER,TEAM) values (22,null);
Insert into MEMBER_DETAIL (MEMBER,TEAM) values (23,null);
Insert into MEMBER_DETAIL (MEMBER,TEAM) values (24,null);
Insert into MEMBER_DETAIL (MEMBER,TEAM) values (25,null);
Insert into MEMBER_DETAIL (MEMBER,TEAM) values (26,null);
Insert into MEMBER_DETAIL (MEMBER,TEAM) values (29,null);
REM INSERTING into MERCENARY_RECRUITMENT
SET DEFINE OFF;
REM INSERTING into NOTICEBOARD
SET DEFINE OFF;
Insert into NOTICEBOARD (B_NO,SUBJECT,WRITER,CONTENT,REG_DATE,READCOUNT) values (2,'공지사항 제목2','관리자','공지사항 내용2',to_date('24/03/06','RR/MM/DD'),0);
Insert into NOTICEBOARD (B_NO,SUBJECT,WRITER,CONTENT,REG_DATE,READCOUNT) values (3,'공지사항 제목3','관리자','공지사항 내용3',to_date('24/03/07','RR/MM/DD'),0);
Insert into NOTICEBOARD (B_NO,SUBJECT,WRITER,CONTENT,REG_DATE,READCOUNT) values (4,'공지사항 제목4','관리자','공지사항 내용4',to_date('24/03/08','RR/MM/DD'),0);
Insert into NOTICEBOARD (B_NO,SUBJECT,WRITER,CONTENT,REG_DATE,READCOUNT) values (5,'공지사항 제목5','관리자','공지사항 내용5',to_date('24/03/09','RR/MM/DD'),0);
Insert into NOTICEBOARD (B_NO,SUBJECT,WRITER,CONTENT,REG_DATE,READCOUNT) values (6,'공지사항 제목6','관리자','공지사항 내용6',to_date('24/03/10','RR/MM/DD'),0);
Insert into NOTICEBOARD (B_NO,SUBJECT,WRITER,CONTENT,REG_DATE,READCOUNT) values (7,'공지사항 제목7','관리자','공지사항 내용7',to_date('24/03/11','RR/MM/DD'),0);
Insert into NOTICEBOARD (B_NO,SUBJECT,WRITER,CONTENT,REG_DATE,READCOUNT) values (8,'공지사항 제목8','관리자','공지사항 내용8',to_date('24/03/12','RR/MM/DD'),0);
Insert into NOTICEBOARD (B_NO,SUBJECT,WRITER,CONTENT,REG_DATE,READCOUNT) values (9,'공지사항 제목9','관리자','공지사항 내용9',to_date('24/03/13','RR/MM/DD'),1);
Insert into NOTICEBOARD (B_NO,SUBJECT,WRITER,CONTENT,REG_DATE,READCOUNT) values (10,'공지사항 제목10','관리자','공지사항 내용10',to_date('24/03/14','RR/MM/DD'),0);
Insert into NOTICEBOARD (B_NO,SUBJECT,WRITER,CONTENT,REG_DATE,READCOUNT) values (11,'공지사항 제목11','관리자','공지사항 내용11',to_date('24/03/15','RR/MM/DD'),0);
Insert into NOTICEBOARD (B_NO,SUBJECT,WRITER,CONTENT,REG_DATE,READCOUNT) values (12,'공지사항 제목12','관리자','공지사항 내용12',to_date('24/03/16','RR/MM/DD'),0);
Insert into NOTICEBOARD (B_NO,SUBJECT,WRITER,CONTENT,REG_DATE,READCOUNT) values (13,'공지사항 제목13','관리자','공지사항 내용13',to_date('24/03/17','RR/MM/DD'),0);
Insert into NOTICEBOARD (B_NO,SUBJECT,WRITER,CONTENT,REG_DATE,READCOUNT) values (14,'공지사항 제목14','관리자','공지사항 내용14',to_date('24/03/18','RR/MM/DD'),0);
Insert into NOTICEBOARD (B_NO,SUBJECT,WRITER,CONTENT,REG_DATE,READCOUNT) values (15,'공지사항 제목15','관리자','공지사항 내용15',to_date('24/03/19','RR/MM/DD'),0);
Insert into NOTICEBOARD (B_NO,SUBJECT,WRITER,CONTENT,REG_DATE,READCOUNT) values (16,'공지사항 제목16','관리자','공지사항 내용16',to_date('24/03/20','RR/MM/DD'),0);
Insert into NOTICEBOARD (B_NO,SUBJECT,WRITER,CONTENT,REG_DATE,READCOUNT) values (17,'공지사항 제목17','관리자','공지사항 내용17',to_date('24/03/21','RR/MM/DD'),0);
Insert into NOTICEBOARD (B_NO,SUBJECT,WRITER,CONTENT,REG_DATE,READCOUNT) values (18,'공지사항 제목18','관리자','공지사항 내용18',to_date('24/03/22','RR/MM/DD'),0);
Insert into NOTICEBOARD (B_NO,SUBJECT,WRITER,CONTENT,REG_DATE,READCOUNT) values (19,'공지사항 제목19','관리자','공지사항 내용19',to_date('24/03/23','RR/MM/DD'),0);
Insert into NOTICEBOARD (B_NO,SUBJECT,WRITER,CONTENT,REG_DATE,READCOUNT) values (20,'공지사항 제목20','관리자','공지사항 내용20',to_date('24/03/24','RR/MM/DD'),0);
Insert into NOTICEBOARD (B_NO,SUBJECT,WRITER,CONTENT,REG_DATE,READCOUNT) values (21,'공지사항 제목21','관리자','공지사항 내용21',to_date('24/03/25','RR/MM/DD'),0);
Insert into NOTICEBOARD (B_NO,SUBJECT,WRITER,CONTENT,REG_DATE,READCOUNT) values (22,'공지사항 제목22','관리자','공지사항 내용22',to_date('24/03/26','RR/MM/DD'),0);
Insert into NOTICEBOARD (B_NO,SUBJECT,WRITER,CONTENT,REG_DATE,READCOUNT) values (23,'공지사항 제목23','관리자','공지사항 내용23',to_date('24/03/27','RR/MM/DD'),0);
Insert into NOTICEBOARD (B_NO,SUBJECT,WRITER,CONTENT,REG_DATE,READCOUNT) values (24,'공지사항 제목24','관리자','공지사항 내용24',to_date('24/03/28','RR/MM/DD'),0);
Insert into NOTICEBOARD (B_NO,SUBJECT,WRITER,CONTENT,REG_DATE,READCOUNT) values (25,'공지사항 제목25','관리자','공지사항 내용25',to_date('24/03/29','RR/MM/DD'),0);
Insert into NOTICEBOARD (B_NO,SUBJECT,WRITER,CONTENT,REG_DATE,READCOUNT) values (26,'공지사항 제목26','관리자','공지사항 내용26',to_date('24/03/30','RR/MM/DD'),0);
Insert into NOTICEBOARD (B_NO,SUBJECT,WRITER,CONTENT,REG_DATE,READCOUNT) values (27,'공지사항 제목27','관리자','공지사항 내용27',to_date('24/03/31','RR/MM/DD'),0);
Insert into NOTICEBOARD (B_NO,SUBJECT,WRITER,CONTENT,REG_DATE,READCOUNT) values (28,'공지사항 제목28','관리자','공지사항 내용28',to_date('24/04/01','RR/MM/DD'),0);
Insert into NOTICEBOARD (B_NO,SUBJECT,WRITER,CONTENT,REG_DATE,READCOUNT) values (29,'공지사항 제목29','관리자','공지사항 내용29',to_date('24/04/02','RR/MM/DD'),0);
Insert into NOTICEBOARD (B_NO,SUBJECT,WRITER,CONTENT,REG_DATE,READCOUNT) values (30,'공지사항 제목30','관리자','공지사항 내용30',to_date('24/04/03','RR/MM/DD'),0);
Insert into NOTICEBOARD (B_NO,SUBJECT,WRITER,CONTENT,REG_DATE,READCOUNT) values (31,'공지사항 제목31','관리자','공지사항 내용31',to_date('24/04/04','RR/MM/DD'),0);
Insert into NOTICEBOARD (B_NO,SUBJECT,WRITER,CONTENT,REG_DATE,READCOUNT) values (32,'공지사항 제목32','관리자','공지사항 내용32',to_date('24/04/05','RR/MM/DD'),0);
Insert into NOTICEBOARD (B_NO,SUBJECT,WRITER,CONTENT,REG_DATE,READCOUNT) values (33,'수정','관리자','수정 성공?
            
            ',to_date('24/05/09','RR/MM/DD'),0);
Insert into NOTICEBOARD (B_NO,SUBJECT,WRITER,CONTENT,REG_DATE,READCOUNT) values (34,'공지사항 제목34','관리자','공지사항 내용34',to_date('24/04/07','RR/MM/DD'),0);
Insert into NOTICEBOARD (B_NO,SUBJECT,WRITER,CONTENT,REG_DATE,READCOUNT) values (35,'공지사항 제목35','관리자','공지사항 내용35',to_date('24/04/08','RR/MM/DD'),0);
Insert into NOTICEBOARD (B_NO,SUBJECT,WRITER,CONTENT,REG_DATE,READCOUNT) values (36,'공지사항 제목36','관리자','공지사항 내용36',to_date('24/04/09','RR/MM/DD'),0);
Insert into NOTICEBOARD (B_NO,SUBJECT,WRITER,CONTENT,REG_DATE,READCOUNT) values (37,'공지사항 제목37','관리자','공지사항 내용37',to_date('24/04/10','RR/MM/DD'),0);
Insert into NOTICEBOARD (B_NO,SUBJECT,WRITER,CONTENT,REG_DATE,READCOUNT) values (38,'공지사항 제목38','관리자','공지사항 내용38',to_date('24/04/11','RR/MM/DD'),0);
Insert into NOTICEBOARD (B_NO,SUBJECT,WRITER,CONTENT,REG_DATE,READCOUNT) values (39,'공지사항 제목39','관리자','공지사항 내용39',to_date('24/04/12','RR/MM/DD'),0);
Insert into NOTICEBOARD (B_NO,SUBJECT,WRITER,CONTENT,REG_DATE,READCOUNT) values (40,'공지사항 제목40','관리자','공지사항 내용40',to_date('24/04/13','RR/MM/DD'),0);
Insert into NOTICEBOARD (B_NO,SUBJECT,WRITER,CONTENT,REG_DATE,READCOUNT) values (41,'공지사항 제목41','관리자','공지사항 내용41',to_date('24/04/14','RR/MM/DD'),2);
Insert into NOTICEBOARD (B_NO,SUBJECT,WRITER,CONTENT,REG_DATE,READCOUNT) values (42,'공지사항 제목42','관리자','공지사항 내용42',to_date('24/04/15','RR/MM/DD'),0);
Insert into NOTICEBOARD (B_NO,SUBJECT,WRITER,CONTENT,REG_DATE,READCOUNT) values (43,'공지사항 제목43','관리자','공지사항 내용43',to_date('24/04/16','RR/MM/DD'),1);
Insert into NOTICEBOARD (B_NO,SUBJECT,WRITER,CONTENT,REG_DATE,READCOUNT) values (44,'공지사항 제목44','관리자','공지사항 내용44',to_date('24/04/17','RR/MM/DD'),0);
Insert into NOTICEBOARD (B_NO,SUBJECT,WRITER,CONTENT,REG_DATE,READCOUNT) values (45,'공지사항 제목45','관리자','공지사항 내용45',to_date('24/04/18','RR/MM/DD'),0);
Insert into NOTICEBOARD (B_NO,SUBJECT,WRITER,CONTENT,REG_DATE,READCOUNT) values (46,'공지사항 제목46','관리자','공지사항 내용46',to_date('24/04/19','RR/MM/DD'),1);
Insert into NOTICEBOARD (B_NO,SUBJECT,WRITER,CONTENT,REG_DATE,READCOUNT) values (47,'공지사항 제목47','관리자','공지사항 내용47',to_date('24/04/20','RR/MM/DD'),1);
Insert into NOTICEBOARD (B_NO,SUBJECT,WRITER,CONTENT,REG_DATE,READCOUNT) values (49,'수정?','관리자','수정중?           
            
            ',to_date('24/05/09','RR/MM/DD'),11);
REM INSERTING into PLAYER_RANKING
SET DEFINE OFF;
REM INSERTING into PLAYER_RECORD
SET DEFINE OFF;
Insert into PLAYER_RECORD (PLAYER,GAMES_PLAYED,WINS,DRAWS,LOSSES,GOALS_FOR,GOALS_ASSIST) values (2,21,15,3,2,50,10);
Insert into PLAYER_RECORD (PLAYER,GAMES_PLAYED,WINS,DRAWS,LOSSES,GOALS_FOR,GOALS_ASSIST) values (3,88,5,17,26,17,19);
Insert into PLAYER_RECORD (PLAYER,GAMES_PLAYED,WINS,DRAWS,LOSSES,GOALS_FOR,GOALS_ASSIST) values (4,70,7,5,25,38,3);
Insert into PLAYER_RECORD (PLAYER,GAMES_PLAYED,WINS,DRAWS,LOSSES,GOALS_FOR,GOALS_ASSIST) values (5,34,16,0,10,34,10);
Insert into PLAYER_RECORD (PLAYER,GAMES_PLAYED,WINS,DRAWS,LOSSES,GOALS_FOR,GOALS_ASSIST) values (6,44,26,9,6,43,16);
Insert into PLAYER_RECORD (PLAYER,GAMES_PLAYED,WINS,DRAWS,LOSSES,GOALS_FOR,GOALS_ASSIST) values (7,51,9,20,23,13,10);
Insert into PLAYER_RECORD (PLAYER,GAMES_PLAYED,WINS,DRAWS,LOSSES,GOALS_FOR,GOALS_ASSIST) values (8,9,29,20,5,11,9);
Insert into PLAYER_RECORD (PLAYER,GAMES_PLAYED,WINS,DRAWS,LOSSES,GOALS_FOR,GOALS_ASSIST) values (9,37,42,7,23,1,19);
Insert into PLAYER_RECORD (PLAYER,GAMES_PLAYED,WINS,DRAWS,LOSSES,GOALS_FOR,GOALS_ASSIST) values (10,88,21,4,24,8,1);
Insert into PLAYER_RECORD (PLAYER,GAMES_PLAYED,WINS,DRAWS,LOSSES,GOALS_FOR,GOALS_ASSIST) values (11,85,24,18,7,41,17);
Insert into PLAYER_RECORD (PLAYER,GAMES_PLAYED,WINS,DRAWS,LOSSES,GOALS_FOR,GOALS_ASSIST) values (12,4,20,5,26,31,12);
Insert into PLAYER_RECORD (PLAYER,GAMES_PLAYED,WINS,DRAWS,LOSSES,GOALS_FOR,GOALS_ASSIST) values (13,46,40,14,7,50,20);
Insert into PLAYER_RECORD (PLAYER,GAMES_PLAYED,WINS,DRAWS,LOSSES,GOALS_FOR,GOALS_ASSIST) values (14,59,36,3,11,4,14);
Insert into PLAYER_RECORD (PLAYER,GAMES_PLAYED,WINS,DRAWS,LOSSES,GOALS_FOR,GOALS_ASSIST) values (15,44,16,19,19,50,0);
Insert into PLAYER_RECORD (PLAYER,GAMES_PLAYED,WINS,DRAWS,LOSSES,GOALS_FOR,GOALS_ASSIST) values (16,85,18,13,26,0,2);
Insert into PLAYER_RECORD (PLAYER,GAMES_PLAYED,WINS,DRAWS,LOSSES,GOALS_FOR,GOALS_ASSIST) values (17,36,6,20,8,1,17);
Insert into PLAYER_RECORD (PLAYER,GAMES_PLAYED,WINS,DRAWS,LOSSES,GOALS_FOR,GOALS_ASSIST) values (18,5,42,13,1,49,0);
Insert into PLAYER_RECORD (PLAYER,GAMES_PLAYED,WINS,DRAWS,LOSSES,GOALS_FOR,GOALS_ASSIST) values (19,94,24,3,10,8,5);
Insert into PLAYER_RECORD (PLAYER,GAMES_PLAYED,WINS,DRAWS,LOSSES,GOALS_FOR,GOALS_ASSIST) values (20,75,15,16,24,43,16);
Insert into PLAYER_RECORD (PLAYER,GAMES_PLAYED,WINS,DRAWS,LOSSES,GOALS_FOR,GOALS_ASSIST) values (21,86,44,15,28,37,13);
Insert into PLAYER_RECORD (PLAYER,GAMES_PLAYED,WINS,DRAWS,LOSSES,GOALS_FOR,GOALS_ASSIST) values (22,69,41,18,21,24,0);
Insert into PLAYER_RECORD (PLAYER,GAMES_PLAYED,WINS,DRAWS,LOSSES,GOALS_FOR,GOALS_ASSIST) values (23,83,32,11,24,20,1);
Insert into PLAYER_RECORD (PLAYER,GAMES_PLAYED,WINS,DRAWS,LOSSES,GOALS_FOR,GOALS_ASSIST) values (24,71,19,16,2,47,3);
Insert into PLAYER_RECORD (PLAYER,GAMES_PLAYED,WINS,DRAWS,LOSSES,GOALS_FOR,GOALS_ASSIST) values (25,27,30,13,14,35,17);
Insert into PLAYER_RECORD (PLAYER,GAMES_PLAYED,WINS,DRAWS,LOSSES,GOALS_FOR,GOALS_ASSIST) values (26,88,11,0,22,9,15);
Insert into PLAYER_RECORD (PLAYER,GAMES_PLAYED,WINS,DRAWS,LOSSES,GOALS_FOR,GOALS_ASSIST) values (29,0,0,0,0,0,0);
REM INSERTING into QNABOARD
SET DEFINE OFF;
Insert into QNABOARD (B_NO,SUBJECT,WRITER,CONTENT,REG_DATE,READCOUNT) values (23,'QnA 게시판 등록 확인',2,'QnA 게시판 등록',to_date('24/05/08','RR/MM/DD'),534);
Insert into QNABOARD (B_NO,SUBJECT,WRITER,CONTENT,REG_DATE,READCOUNT) values (2,'팀원을 모집하려는데 어떻게 해야 하나요?',2,'팀을 모집하려고 합니다. 어떤 정보를 게시해야 하며, 어떤 사람들을 찾아야 할 지에 대한 조언이 필요합니다.',to_date('24/05/01','RR/MM/DD'),4);
Insert into QNABOARD (B_NO,SUBJECT,WRITER,CONTENT,REG_DATE,READCOUNT) values (3,'매치 예정일 변경이 가능한가요?',3,'예정된 매치 날짜를 변경하고 싶습니다. 어떻게 변경할 수 있을까요? 변경 시 주의할 점이 있나요?',to_date('24/05/01','RR/MM/DD'),0);
Insert into QNABOARD (B_NO,SUBJECT,WRITER,CONTENT,REG_DATE,READCOUNT) values (4,'매치 참가 시 필요한 준비물은 무엇인가요?',4,'매치에 참가하기 위해 필요한 준비물에 대해 궁금합니다. 어떤 장비나 용품이 필요한지 알려주세요.',to_date('24/05/01','RR/MM/DD'),0);
Insert into QNABOARD (B_NO,SUBJECT,WRITER,CONTENT,REG_DATE,READCOUNT) values (5,'매치 참가 신청 후에는 어떤 절차가 따르나요?',5,'매치에 참가하고 싶어서 신청했는데, 이후에는 어떤 절차가 있는지 궁금합니다. 확인해야 할 사항이 있을까요?',to_date('24/05/01','RR/MM/DD'),0);
Insert into QNABOARD (B_NO,SUBJECT,WRITER,CONTENT,REG_DATE,READCOUNT) values (6,'매치 취소 시 환불 정책에 대해 알려주세요.',6,'예약한 매치를 취소해야 할 상황이 발생했습니다. 취소 시 환불 절차와 정책을 알려주세요.',to_date('24/05/01','RR/MM/DD'),0);
Insert into QNABOARD (B_NO,SUBJECT,WRITER,CONTENT,REG_DATE,READCOUNT) values (7,'매치 참가 시 주의해야 할 안전사항이 있나요?',7,'매치 참가 시에 주의해야 할 안전사항이 있는지 궁금합니다. 부상 예방을 위한 조언이 필요합니다.',to_date('24/05/01','RR/MM/DD'),0);
Insert into QNABOARD (B_NO,SUBJECT,WRITER,CONTENT,REG_DATE,READCOUNT) values (8,'매치 결과 및 순위에 대한 정보를 어디서 확인할 수 있나요?',8,'참가한 매치의 결과와 순위를 확인하고 싶습니다. 이 정보는 어디에서 확인할 수 있을까요?',to_date('24/05/01','RR/MM/DD'),0);
Insert into QNABOARD (B_NO,SUBJECT,WRITER,CONTENT,REG_DATE,READCOUNT) values (9,'매치 장소나 시간을 재확인하고 싶습니다.',9,'매치의 장소나 시간에 대해 다시 확인하고 싶습니다. 확인할 수 있는 방법이 있을까요?',to_date('24/05/01','RR/MM/DD'),0);
Insert into QNABOARD (B_NO,SUBJECT,WRITER,CONTENT,REG_DATE,READCOUNT) values (10,'팀에 가입하려면 어떻게 해야 하나요?',10,'팀에 가입하고 싶은데, 가입 방법과 절차에 대해 궁금합니다. 어떻게 해야 하나요?',to_date('24/05/01','RR/MM/DD'),0);
Insert into QNABOARD (B_NO,SUBJECT,WRITER,CONTENT,REG_DATE,READCOUNT) values (11,'매치 참가를 위해 필요한 연령 제한이 있나요?',11,'매치에 참가하기 위해선 특정 연령 이상이거나 이하이어야 하는지 궁금합니다. 연령 제한이 있을 경우에는 어떻게 확인하나요?',to_date('24/05/01','RR/MM/DD'),0);
Insert into QNABOARD (B_NO,SUBJECT,WRITER,CONTENT,REG_DATE,READCOUNT) values (12,'매치 참가 시 신분증을 지참해야 하나요?',12,'매치에 참가할 때 신분증을 지참해야 하는지 궁금합니다. 신분증을 가져가는 것이 필수 조건인가요?',to_date('24/05/01','RR/MM/DD'),0);
Insert into QNABOARD (B_NO,SUBJECT,WRITER,CONTENT,REG_DATE,READCOUNT) values (13,'매치 참가 시 개인 장비를 대여할 수 있나요?',13,'개인적으로 필요한 장비를 가지고 있지 않은데, 매치 참가 시에 장비를 대여할 수 있는지 궁금합니다.',to_date('24/05/01','RR/MM/DD'),2);
Insert into QNABOARD (B_NO,SUBJECT,WRITER,CONTENT,REG_DATE,READCOUNT) values (14,'매치 참가 시에는 어떤 드레스 코드를 준수해야 하나요?',14,'매치 참가 시에는 특정한 드레스 코드를 따라야 하는지 궁금합니다. 별도의 의상이 필요한가요?',to_date('24/05/01','RR/MM/DD'),1);
Insert into QNABOARD (B_NO,SUBJECT,WRITER,CONTENT,REG_DATE,READCOUNT) values (15,'매치 참가 시에 음주는 허용되나요?',15,'매치 참가 전 후에 음주가 허용되는지 알고 싶습니다. 안전과 질서를 위한 규정이 있나요?',to_date('24/05/01','RR/MM/DD'),0);
Insert into QNABOARD (B_NO,SUBJECT,WRITER,CONTENT,REG_DATE,READCOUNT) values (16,'매치 참가 시에 가족이나 친구를 동반할 수 있나요?',16,'매치 참가 시에 동반인을 함께 가지고 갈 수 있는지 궁금합니다. 관련 규정이 있을까요?',to_date('24/05/01','RR/MM/DD'),2);
Insert into QNABOARD (B_NO,SUBJECT,WRITER,CONTENT,REG_DATE,READCOUNT) values (17,'매치 중에 부상 시 응급 처치가 가능한가요?',17,'매치 중에 부상이 발생할 경우 응급 처치가 가능한지 궁금합니다. 응급 상황에 대비되어 있나요?',to_date('24/05/01','RR/MM/DD'),4);
Insert into QNABOARD (B_NO,SUBJECT,WRITER,CONTENT,REG_DATE,READCOUNT) values (18,'매치 참가를 취소하려면 어디에 문의해야 하나요?',18,'매치 참가를 취소하고 싶은데, 어디에 연락하거나 문의해야 할 지 궁금합니다.',to_date('24/05/01','RR/MM/DD'),4);
Insert into QNABOARD (B_NO,SUBJECT,WRITER,CONTENT,REG_DATE,READCOUNT) values (19,'매치 참가 후에는 어떤 후속 조치가 필요한가요?',19,'매치에 참가한 후에는 추가적인 조치나 절차가 필요한지 궁금합니다. 경기 이후에 해야 할 일이 있을까요?',to_date('24/05/01','RR/MM/DD'),8);
Insert into QNABOARD (B_NO,SUBJECT,WRITER,CONTENT,REG_DATE,READCOUNT) values (20,'매치 참가 시에는 어떤 종류의 축구화를 신어야 하나요?',20,'매치에 참가하기 위해 어떤 종류의 축구화를 준비해야 하는지 알고 싶습니다.',to_date('24/05/01','RR/MM/DD'),46);
Insert into QNABOARD (B_NO,SUBJECT,WRITER,CONTENT,REG_DATE,READCOUNT) values (21,'매치 중에 갈등이 발생했을 때 대응 방법이 있나요?',21,'매치 중에 갈등이 발생했을 때 어떻게 대처해야 하는지 궁금합니다. 이에 대한 가이드라인이 있을까요?',to_date('24/05/01','RR/MM/DD'),53);
Insert into QNABOARD (B_NO,SUBJECT,WRITER,CONTENT,REG_DATE,READCOUNT) values (22,'QnA 확인',2,'QnA 확인',to_date('24/05/08','RR/MM/DD'),36);
REM INSERTING into QNABOARD_COMMENT
SET DEFINE OFF;
Insert into QNABOARD_COMMENT (BC_NO,WRITER,CONTENT,REG_DATE,SUBJECT,C_NO) values (23,'관리자','댓글2 수정사항',to_date('24/05/09','RR/MM/DD'),'QnA 게시판 등록 확인(답변)',4);
Insert into QNABOARD_COMMENT (BC_NO,WRITER,CONTENT,REG_DATE,SUBJECT,C_NO) values (23,'관리자','asd',to_date('24/05/08','RR/MM/DD'),'QnA 게시판 등록 확인(답변)',null);
Insert into QNABOARD_COMMENT (BC_NO,WRITER,CONTENT,REG_DATE,SUBJECT,C_NO) values (21,'관리자','잘 화해하시길 바랍니다. 어떻게?',to_date('24/05/07','RR/MM/DD'),'매치 중에 갈등이 발생했을 때 대응 방법이 있나요?(답변)',2);
Insert into QNABOARD_COMMENT (BC_NO,WRITER,CONTENT,REG_DATE,SUBJECT,C_NO) values (23,'관리자','댓글2 수정사항 확인',to_date('24/05/08','RR/MM/DD'),'QnA 게시판 등록 확인(답변)',3);
Insert into QNABOARD_COMMENT (BC_NO,WRITER,CONTENT,REG_DATE,SUBJECT,C_NO) values (23,'관리자','asddsad',to_date('24/05/09','RR/MM/DD'),'QnA 게시판 등록 확인(답변)',5);
REM INSERTING into RECRUIT_TEAMMEMBOARD
SET DEFINE OFF;
Insert into RECRUIT_TEAMMEMBOARD (B_NO,TITLE,WRITER,CONTENT,READCOUNT,REG_DATE,TEAM_MEM,SIDO,SIGUNGU,POS) values (1,'부천에서 같이 축구할 팀원 구합니다','왕재덕','부천에서 매일 축구하고 있습니다. 관심있으면 연락주세요',38,to_date('24/05/02','RR/MM/DD'),'팀원',2,29,'ST');
Insert into RECRUIT_TEAMMEMBOARD (B_NO,TITLE,WRITER,CONTENT,READCOUNT,REG_DATE,TEAM_MEM,SIDO,SIGUNGU,POS) values (3,'서울에서 같이 축구할 팀원 구합니다','이고은','서울에서 매일 축구하고 있습니다. 관심있으면 연락주세요',5,to_date('24/05/02','RR/MM/DD'),'팀원',9,131,'ST');
Insert into RECRUIT_TEAMMEMBOARD (B_NO,TITLE,WRITER,CONTENT,READCOUNT,REG_DATE,TEAM_MEM,SIDO,SIGUNGU,POS) values (2,'수원에에서 같이 축구할 팀원 구합니다','이고은','수원에서 매일 축구하고 있습니다. 관심있으면 연락주세요',5,to_date('24/05/02','RR/MM/DD'),'팀원',2,31,'CB');
Insert into RECRUIT_TEAMMEMBOARD (B_NO,TITLE,WRITER,CONTENT,READCOUNT,REG_DATE,TEAM_MEM,SIDO,SIGUNGU,POS) values (4,'부산 서면에 팀 있나요?','오정민','축구가 하고싶습니다.',8,to_date('24/05/02','RR/MM/DD'),'팀',8,115,'GK');
Insert into RECRUIT_TEAMMEMBOARD (B_NO,TITLE,WRITER,CONTENT,READCOUNT,REG_DATE,TEAM_MEM,SIDO,SIGUNGU,POS) values (5,'충남 예산에 팀 있나요?','이용식','축구가 하고싶습니다.',7,to_date('24/05/02','RR/MM/DD'),'팀',15,209,'GK');
Insert into RECRUIT_TEAMMEMBOARD (B_NO,TITLE,WRITER,CONTENT,READCOUNT,REG_DATE,TEAM_MEM,SIDO,SIGUNGU,POS) values (6,'부천 역곡에 팀 있나요?','유승환','축구가 하고싶습니다.',6,to_date('24/05/02','RR/MM/DD'),'팀',2,29,'GK');
Insert into RECRUIT_TEAMMEMBOARD (B_NO,TITLE,WRITER,CONTENT,READCOUNT,REG_DATE,TEAM_MEM,SIDO,SIGUNGU,POS) values (7,'같이 축구해요','김희연','축구할 사람 구해요.',6,to_date('24/05/04','RR/MM/DD'),'팀',5,91,'GK');
Insert into RECRUIT_TEAMMEMBOARD (B_NO,TITLE,WRITER,CONTENT,READCOUNT,REG_DATE,TEAM_MEM,SIDO,SIGUNGU,POS) values (8,'팀원 모십니다','이혜지','용산 근처 성인 축구 동호회 팀원 모십니다.',4,to_date('24/05/04','RR/MM/DD'),'팀원',9,145,'CM');
Insert into RECRUIT_TEAMMEMBOARD (B_NO,TITLE,WRITER,CONTENT,READCOUNT,REG_DATE,TEAM_MEM,SIDO,SIGUNGU,POS) values (14,'테스트용','추가한거 테스트 중','추가중입니다',7,to_date('24/05/06','RR/MM/DD'),'팀원',null,null,'CM');
Insert into RECRUIT_TEAMMEMBOARD (B_NO,TITLE,WRITER,CONTENT,READCOUNT,REG_DATE,TEAM_MEM,SIDO,SIGUNGU,POS) values (15,'재 테스트 중입니다','테스트왕','테스트',4,to_date('24/05/06','RR/MM/DD'),'팀',null,null,'GK');
Insert into RECRUIT_TEAMMEMBOARD (B_NO,TITLE,WRITER,CONTENT,READCOUNT,REG_DATE,TEAM_MEM,SIDO,SIGUNGU,POS) values (11,'팀원모집합니다','김진영','모집중입니다.',1,to_date('24/05/06','RR/MM/DD'),'팀원',2,29,'CM');
Insert into RECRUIT_TEAMMEMBOARD (B_NO,TITLE,WRITER,CONTENT,READCOUNT,REG_DATE,TEAM_MEM,SIDO,SIGUNGU,POS) values (12,'FC부천에서 같이 축구하실 팀원 구합니다','김재덕','구해요',0,to_date('24/05/06','RR/MM/DD'),'팀원',2,29,'CB');
Insert into RECRUIT_TEAMMEMBOARD (B_NO,TITLE,WRITER,CONTENT,READCOUNT,REG_DATE,TEAM_MEM,SIDO,SIGUNGU,POS) values (13,'페이지 테스트용','테스트','123',1,to_date('24/05/06','RR/MM/DD'),'팀원',2,29,'CB');
Insert into RECRUIT_TEAMMEMBOARD (B_NO,TITLE,WRITER,CONTENT,READCOUNT,REG_DATE,TEAM_MEM,SIDO,SIGUNGU,POS) values (16,'테스트','이재덕','테스트',2,to_date('24/05/06','RR/MM/DD'),'팀원',null,null,'ST');
Insert into RECRUIT_TEAMMEMBOARD (B_NO,TITLE,WRITER,CONTENT,READCOUNT,REG_DATE,TEAM_MEM,SIDO,SIGUNGU,POS) values (17,'테스트','유재덕','테스트',2,to_date('24/05/06','RR/MM/DD'),'팀원',null,null,'ST');
Insert into RECRUIT_TEAMMEMBOARD (B_NO,TITLE,WRITER,CONTENT,READCOUNT,REG_DATE,TEAM_MEM,SIDO,SIGUNGU,POS) values (18,'테스트','박재덕','트스테',3,to_date('24/05/06','RR/MM/DD'),'팀원',null,null,'CM');
Insert into RECRUIT_TEAMMEMBOARD (B_NO,TITLE,WRITER,CONTENT,READCOUNT,REG_DATE,TEAM_MEM,SIDO,SIGUNGU,POS) values (19,'축구가 하고싶어요','정재덕','팀 구해봐요',8,to_date('24/05/07','RR/MM/DD'),'팀',null,null,'GK');
Insert into RECRUIT_TEAMMEMBOARD (B_NO,TITLE,WRITER,CONTENT,READCOUNT,REG_DATE,TEAM_MEM,SIDO,SIGUNGU,POS) values (20,'테스트용','테스트용입니다','확인중',16,to_date('24/05/07','RR/MM/DD'),'팀',null,null,'CB');
Insert into RECRUIT_TEAMMEMBOARD (B_NO,TITLE,WRITER,CONTENT,READCOUNT,REG_DATE,TEAM_MEM,SIDO,SIGUNGU,POS) values (21,'0507테스트','테스트왕','테스트중',18,to_date('24/05/07','RR/MM/DD'),'팀원',null,null,'ST');
Insert into RECRUIT_TEAMMEMBOARD (B_NO,TITLE,WRITER,CONTENT,READCOUNT,REG_DATE,TEAM_MEM,SIDO,SIGUNGU,POS) values (22,'0507테스트2','테스트왕','확인중',32,to_date('24/05/07','RR/MM/DD'),'팀원',15,4,'ST');
Insert into RECRUIT_TEAMMEMBOARD (B_NO,TITLE,WRITER,CONTENT,READCOUNT,REG_DATE,TEAM_MEM,SIDO,SIGUNGU,POS) values (23,'요일 시간 포지션 종류 테스트','테스트왕','테스트중',20,to_date('24/05/08','RR/MM/DD'),'팀원',6,7,'CM');
Insert into RECRUIT_TEAMMEMBOARD (B_NO,TITLE,WRITER,CONTENT,READCOUNT,REG_DATE,TEAM_MEM,SIDO,SIGUNGU,POS) values (24,'정렬확인','테스트왕','정렬',27,to_date('24/05/08','RR/MM/DD'),'팀원',2,10,'CB');
Insert into RECRUIT_TEAMMEMBOARD (B_NO,TITLE,WRITER,CONTENT,READCOUNT,REG_DATE,TEAM_MEM,SIDO,SIGUNGU,POS) values (25,'아옳오오롷오옳','킹왕짱다빈','세계최고스트라이커',3,to_date('24/05/09','RR/MM/DD'),'팀원',9,8,'ST');
Insert into RECRUIT_TEAMMEMBOARD (B_NO,TITLE,WRITER,CONTENT,READCOUNT,REG_DATE,TEAM_MEM,SIDO,SIGUNGU,POS) values (26,'시군구','시군구','시군구',2,to_date('24/05/09','RR/MM/DD'),'팀원',2,10,'GK');
Insert into RECRUIT_TEAMMEMBOARD (B_NO,TITLE,WRITER,CONTENT,READCOUNT,REG_DATE,TEAM_MEM,SIDO,SIGUNGU,POS) values (27,'서울 금천','서울 금천','금천나와
',3,to_date('24/05/09','RR/MM/DD'),'팀',9,8,'CM');
Insert into RECRUIT_TEAMMEMBOARD (B_NO,TITLE,WRITER,CONTENT,READCOUNT,REG_DATE,TEAM_MEM,SIDO,SIGUNGU,POS) values (28,'군구시','군구시','군구시',1,to_date('24/05/09','RR/MM/DD'),'팀원',9,7,'CB');
Insert into RECRUIT_TEAMMEMBOARD (B_NO,TITLE,WRITER,CONTENT,READCOUNT,REG_DATE,TEAM_MEM,SIDO,SIGUNGU,POS) values (29,'동대문','동대문~','동대문~',4,to_date('24/05/09','RR/MM/DD'),'팀원',9,11,'CM');
Insert into RECRUIT_TEAMMEMBOARD (B_NO,TITLE,WRITER,CONTENT,READCOUNT,REG_DATE,TEAM_MEM,SIDO,SIGUNGU,POS) values (30,'부천인','부천임','부천사람',9,to_date('24/05/09','RR/MM/DD'),'팀',2,20,'ST');
Insert into RECRUIT_TEAMMEMBOARD (B_NO,TITLE,WRITER,CONTENT,READCOUNT,REG_DATE,TEAM_MEM,SIDO,SIGUNGU,POS) values (31,'구로인','구로인','구로인',3,to_date('24/05/09','RR/MM/DD'),'팀원',9,128,'CB');
Insert into RECRUIT_TEAMMEMBOARD (B_NO,TITLE,WRITER,CONTENT,READCOUNT,REG_DATE,TEAM_MEM,SIDO,SIGUNGU,POS) values (32,'팀 구합니다','하니','팀 구합니당',9,to_date('24/05/09','RR/MM/DD'),'팀',5,3,'CB');
Insert into RECRUIT_TEAMMEMBOARD (B_NO,TITLE,WRITER,CONTENT,READCOUNT,REG_DATE,TEAM_MEM,SIDO,SIGUNGU,POS) values (33,'아무곳이나','나와줘 제발','제발~',4,to_date('24/05/09','RR/MM/DD'),'팀원',15,220,'CB');
Insert into RECRUIT_TEAMMEMBOARD (B_NO,TITLE,WRITER,CONTENT,READCOUNT,REG_DATE,TEAM_MEM,SIDO,SIGUNGU,POS) values (34,'지역확인','지역확인','평창!',5,to_date('24/05/09','RR/MM/DD'),'팀원',1,15,'CB');
Insert into RECRUIT_TEAMMEMBOARD (B_NO,TITLE,WRITER,CONTENT,READCOUNT,REG_DATE,TEAM_MEM,SIDO,SIGUNGU,POS) values (35,'부천나와라','부천나와라','부천~',15,to_date('24/05/09','RR/MM/DD'),'팀',2,28,'ST');
Insert into RECRUIT_TEAMMEMBOARD (B_NO,TITLE,WRITER,CONTENT,READCOUNT,REG_DATE,TEAM_MEM,SIDO,SIGUNGU,POS) values (36,'북제주~','북제주~','북제주~',43,to_date('24/05/09','RR/MM/DD'),'팀원',14,206,'CM');
REM INSERTING into RESERVATION
SET DEFINE OFF;
REM INSERTING into SALE
SET DEFINE OFF;
Insert into SALE (SALE_NO,SUBJECT,WRITER,CONTENT,READCOUNT,REG_DATE) values (27,'제목',12,'내용',0,to_date('24/05/03','RR/MM/DD'));
Insert into SALE (SALE_NO,SUBJECT,WRITER,CONTENT,READCOUNT,REG_DATE) values (28,'제목',12,'내용',0,to_date('24/05/03','RR/MM/DD'));
Insert into SALE (SALE_NO,SUBJECT,WRITER,CONTENT,READCOUNT,REG_DATE) values (29,'안녕하세요',27,'안녕하세요',0,to_date('24/05/03','RR/MM/DD'));
Insert into SALE (SALE_NO,SUBJECT,WRITER,CONTENT,READCOUNT,REG_DATE) values (30,'테스트',2,'테스트',0,to_date('24/05/04','RR/MM/DD'));
Insert into SALE (SALE_NO,SUBJECT,WRITER,CONTENT,READCOUNT,REG_DATE) values (31,'갤러리3',2,'갤러리33',0,to_date('24/05/04','RR/MM/DD'));
Insert into SALE (SALE_NO,SUBJECT,WRITER,CONTENT,READCOUNT,REG_DATE) values (1,'sale',1,'컨텐츠01',0,to_date('24/05/01','RR/MM/DD'));
Insert into SALE (SALE_NO,SUBJECT,WRITER,CONTENT,READCOUNT,REG_DATE) values (2,'타이틀02',2,'컨텐츠02',0,to_date('24/05/01','RR/MM/DD'));
Insert into SALE (SALE_NO,SUBJECT,WRITER,CONTENT,READCOUNT,REG_DATE) values (3,'타이틀03',3,'컨텐츠03',0,to_date('24/05/01','RR/MM/DD'));
Insert into SALE (SALE_NO,SUBJECT,WRITER,CONTENT,READCOUNT,REG_DATE) values (4,'타이틀04',4,'컨텐츠04',0,to_date('24/05/01','RR/MM/DD'));
Insert into SALE (SALE_NO,SUBJECT,WRITER,CONTENT,READCOUNT,REG_DATE) values (5,'타이틀05',5,'컨텐츠05',0,to_date('24/05/01','RR/MM/DD'));
Insert into SALE (SALE_NO,SUBJECT,WRITER,CONTENT,READCOUNT,REG_DATE) values (6,'타이틀06',6,'컨텐츠06',0,to_date('24/05/01','RR/MM/DD'));
Insert into SALE (SALE_NO,SUBJECT,WRITER,CONTENT,READCOUNT,REG_DATE) values (7,'타이틀07',7,'컨텐츠07',0,to_date('24/05/01','RR/MM/DD'));
Insert into SALE (SALE_NO,SUBJECT,WRITER,CONTENT,READCOUNT,REG_DATE) values (8,'타이틀08',8,'컨텐츠08',0,to_date('24/05/01','RR/MM/DD'));
Insert into SALE (SALE_NO,SUBJECT,WRITER,CONTENT,READCOUNT,REG_DATE) values (9,'타이틀09',9,'컨텐츠09',0,to_date('24/05/01','RR/MM/DD'));
Insert into SALE (SALE_NO,SUBJECT,WRITER,CONTENT,READCOUNT,REG_DATE) values (10,'타이틀10',10,'컨텐츠10',0,to_date('24/05/01','RR/MM/DD'));
Insert into SALE (SALE_NO,SUBJECT,WRITER,CONTENT,READCOUNT,REG_DATE) values (11,'타이틀11',11,'컨텐츠11',0,to_date('24/05/01','RR/MM/DD'));
Insert into SALE (SALE_NO,SUBJECT,WRITER,CONTENT,READCOUNT,REG_DATE) values (12,'타이틀12',12,'컨텐츠12',0,to_date('24/05/01','RR/MM/DD'));
Insert into SALE (SALE_NO,SUBJECT,WRITER,CONTENT,READCOUNT,REG_DATE) values (13,'타이틀13',13,'컨텐츠13',0,to_date('24/05/01','RR/MM/DD'));
Insert into SALE (SALE_NO,SUBJECT,WRITER,CONTENT,READCOUNT,REG_DATE) values (14,'타이틀14',14,'컨텐츠14',0,to_date('24/05/01','RR/MM/DD'));
Insert into SALE (SALE_NO,SUBJECT,WRITER,CONTENT,READCOUNT,REG_DATE) values (15,'타이틀15',15,'컨텐츠15',0,to_date('24/05/01','RR/MM/DD'));
Insert into SALE (SALE_NO,SUBJECT,WRITER,CONTENT,READCOUNT,REG_DATE) values (16,'타이틀16',16,'컨텐츠16',0,to_date('24/05/01','RR/MM/DD'));
Insert into SALE (SALE_NO,SUBJECT,WRITER,CONTENT,READCOUNT,REG_DATE) values (17,'타이틀17',17,'컨텐츠17',0,to_date('24/05/01','RR/MM/DD'));
Insert into SALE (SALE_NO,SUBJECT,WRITER,CONTENT,READCOUNT,REG_DATE) values (18,'타이틀18',18,'컨텐츠18',0,to_date('24/05/01','RR/MM/DD'));
Insert into SALE (SALE_NO,SUBJECT,WRITER,CONTENT,READCOUNT,REG_DATE) values (19,'타이틀19',19,'컨텐츠19',0,to_date('24/05/01','RR/MM/DD'));
Insert into SALE (SALE_NO,SUBJECT,WRITER,CONTENT,READCOUNT,REG_DATE) values (20,'타이틀20',20,'컨텐츠20',0,to_date('24/05/01','RR/MM/DD'));
Insert into SALE (SALE_NO,SUBJECT,WRITER,CONTENT,READCOUNT,REG_DATE) values (21,'타이틀21',21,'컨텐츠21',0,to_date('24/05/01','RR/MM/DD'));
Insert into SALE (SALE_NO,SUBJECT,WRITER,CONTENT,READCOUNT,REG_DATE) values (22,'타이틀22',22,'컨텐츠22',0,to_date('24/05/01','RR/MM/DD'));
Insert into SALE (SALE_NO,SUBJECT,WRITER,CONTENT,READCOUNT,REG_DATE) values (23,'타이틀23',23,'컨텐츠23',0,to_date('24/05/01','RR/MM/DD'));
Insert into SALE (SALE_NO,SUBJECT,WRITER,CONTENT,READCOUNT,REG_DATE) values (24,'타이틀24',24,'컨텐츠24',0,to_date('24/05/01','RR/MM/DD'));
Insert into SALE (SALE_NO,SUBJECT,WRITER,CONTENT,READCOUNT,REG_DATE) values (25,'타이틀25',25,'컨텐츠25',0,to_date('24/05/01','RR/MM/DD'));
Insert into SALE (SALE_NO,SUBJECT,WRITER,CONTENT,READCOUNT,REG_DATE) values (26,'타이틀26',26,'컨텐츠26',0,to_date('24/05/01','RR/MM/DD'));
Insert into SALE (SALE_NO,SUBJECT,WRITER,CONTENT,READCOUNT,REG_DATE) values (32,'코파문디알 팝니다',2,'10만원에 팝니다
            
            ',0,to_date('24/05/10','RR/MM/DD'));
Insert into SALE (SALE_NO,SUBJECT,WRITER,CONTENT,READCOUNT,REG_DATE) values (33,'축구공 팝니다',2,'2만원~',0,to_date('24/05/10','RR/MM/DD'));
Insert into SALE (SALE_NO,SUBJECT,WRITER,CONTENT,READCOUNT,REG_DATE) values (34,'아대 무료나눔',2,'한번 사용한거 드릴게요~',0,to_date('24/05/10','RR/MM/DD'));
Insert into SALE (SALE_NO,SUBJECT,WRITER,CONTENT,READCOUNT,REG_DATE) values (35,'123132',2,'123123',0,to_date('24/05/10','RR/MM/DD'));
REM INSERTING into SIDO
SET DEFINE OFF;
Insert into SIDO (SIDO_ID,NAME) values (1,'강원');
Insert into SIDO (SIDO_ID,NAME) values (2,'경기');
Insert into SIDO (SIDO_ID,NAME) values (3,'경남');
Insert into SIDO (SIDO_ID,NAME) values (4,'경북');
Insert into SIDO (SIDO_ID,NAME) values (5,'광주');
Insert into SIDO (SIDO_ID,NAME) values (6,'대구');
Insert into SIDO (SIDO_ID,NAME) values (7,'대전');
Insert into SIDO (SIDO_ID,NAME) values (8,'부산');
Insert into SIDO (SIDO_ID,NAME) values (9,'서울');
Insert into SIDO (SIDO_ID,NAME) values (10,'울산');
Insert into SIDO (SIDO_ID,NAME) values (11,'인천');
Insert into SIDO (SIDO_ID,NAME) values (12,'전남');
Insert into SIDO (SIDO_ID,NAME) values (13,'전북');
Insert into SIDO (SIDO_ID,NAME) values (14,'제주');
Insert into SIDO (SIDO_ID,NAME) values (15,'충남');
Insert into SIDO (SIDO_ID,NAME) values (16,'충북');
REM INSERTING into SIGUNGU
SET DEFINE OFF;
Insert into SIGUNGU (SIGUNGU_ID,NAME,SIDO_ID) values (1,'강릉시',1);
Insert into SIGUNGU (SIGUNGU_ID,NAME,SIDO_ID) values (2,'동해시',1);
Insert into SIGUNGU (SIGUNGU_ID,NAME,SIDO_ID) values (3,'삼척시',1);
Insert into SIGUNGU (SIGUNGU_ID,NAME,SIDO_ID) values (4,'속초시',1);
Insert into SIGUNGU (SIGUNGU_ID,NAME,SIDO_ID) values (5,'원주시',1);
Insert into SIGUNGU (SIGUNGU_ID,NAME,SIDO_ID) values (6,'춘천시',1);
Insert into SIGUNGU (SIGUNGU_ID,NAME,SIDO_ID) values (7,'태백시',1);
Insert into SIGUNGU (SIGUNGU_ID,NAME,SIDO_ID) values (8,'고성군',1);
Insert into SIGUNGU (SIGUNGU_ID,NAME,SIDO_ID) values (9,'양구군',1);
Insert into SIGUNGU (SIGUNGU_ID,NAME,SIDO_ID) values (10,'양양군',1);
Insert into SIGUNGU (SIGUNGU_ID,NAME,SIDO_ID) values (11,'영월군',1);
Insert into SIGUNGU (SIGUNGU_ID,NAME,SIDO_ID) values (12,'인제군',1);
Insert into SIGUNGU (SIGUNGU_ID,NAME,SIDO_ID) values (13,'정선군',1);
Insert into SIGUNGU (SIGUNGU_ID,NAME,SIDO_ID) values (14,'철원군',1);
Insert into SIGUNGU (SIGUNGU_ID,NAME,SIDO_ID) values (15,'평창군',1);
Insert into SIGUNGU (SIGUNGU_ID,NAME,SIDO_ID) values (16,'홍천군',1);
Insert into SIGUNGU (SIGUNGU_ID,NAME,SIDO_ID) values (17,'화천군',1);
Insert into SIGUNGU (SIGUNGU_ID,NAME,SIDO_ID) values (18,'횡성군',1);
Insert into SIGUNGU (SIGUNGU_ID,NAME,SIDO_ID) values (19,'고양시',2);
Insert into SIGUNGU (SIGUNGU_ID,NAME,SIDO_ID) values (20,'과천시',2);
Insert into SIGUNGU (SIGUNGU_ID,NAME,SIDO_ID) values (21,'광명시',2);
Insert into SIGUNGU (SIGUNGU_ID,NAME,SIDO_ID) values (22,'광주시',2);
Insert into SIGUNGU (SIGUNGU_ID,NAME,SIDO_ID) values (23,'구리시',2);
Insert into SIGUNGU (SIGUNGU_ID,NAME,SIDO_ID) values (24,'군포시',2);
Insert into SIGUNGU (SIGUNGU_ID,NAME,SIDO_ID) values (25,'김포시',2);
Insert into SIGUNGU (SIGUNGU_ID,NAME,SIDO_ID) values (26,'남양주시',2);
Insert into SIGUNGU (SIGUNGU_ID,NAME,SIDO_ID) values (27,'동두천시',2);
Insert into SIGUNGU (SIGUNGU_ID,NAME,SIDO_ID) values (28,'부천시',2);
Insert into SIGUNGU (SIGUNGU_ID,NAME,SIDO_ID) values (29,'성남시',2);
Insert into SIGUNGU (SIGUNGU_ID,NAME,SIDO_ID) values (30,'수원시',2);
Insert into SIGUNGU (SIGUNGU_ID,NAME,SIDO_ID) values (31,'시흥시',2);
Insert into SIGUNGU (SIGUNGU_ID,NAME,SIDO_ID) values (32,'안산시',2);
Insert into SIGUNGU (SIGUNGU_ID,NAME,SIDO_ID) values (33,'안성시',2);
Insert into SIGUNGU (SIGUNGU_ID,NAME,SIDO_ID) values (34,'안양시',2);
Insert into SIGUNGU (SIGUNGU_ID,NAME,SIDO_ID) values (35,'양주시',2);
Insert into SIGUNGU (SIGUNGU_ID,NAME,SIDO_ID) values (36,'오산시',2);
Insert into SIGUNGU (SIGUNGU_ID,NAME,SIDO_ID) values (37,'용인시',2);
Insert into SIGUNGU (SIGUNGU_ID,NAME,SIDO_ID) values (38,'의왕시',2);
Insert into SIGUNGU (SIGUNGU_ID,NAME,SIDO_ID) values (39,'의정부시',2);
Insert into SIGUNGU (SIGUNGU_ID,NAME,SIDO_ID) values (40,'이천시',2);
Insert into SIGUNGU (SIGUNGU_ID,NAME,SIDO_ID) values (41,'파주시',2);
Insert into SIGUNGU (SIGUNGU_ID,NAME,SIDO_ID) values (42,'평택시',2);
Insert into SIGUNGU (SIGUNGU_ID,NAME,SIDO_ID) values (43,'포천시',2);
Insert into SIGUNGU (SIGUNGU_ID,NAME,SIDO_ID) values (44,'하남시',2);
Insert into SIGUNGU (SIGUNGU_ID,NAME,SIDO_ID) values (45,'화성시',2);
Insert into SIGUNGU (SIGUNGU_ID,NAME,SIDO_ID) values (46,'가평군',2);
Insert into SIGUNGU (SIGUNGU_ID,NAME,SIDO_ID) values (47,'양평군',2);
Insert into SIGUNGU (SIGUNGU_ID,NAME,SIDO_ID) values (48,'여주군',2);
Insert into SIGUNGU (SIGUNGU_ID,NAME,SIDO_ID) values (49,'연천군',2);
Insert into SIGUNGU (SIGUNGU_ID,NAME,SIDO_ID) values (50,'거제시',3);
Insert into SIGUNGU (SIGUNGU_ID,NAME,SIDO_ID) values (51,'김해시',3);
Insert into SIGUNGU (SIGUNGU_ID,NAME,SIDO_ID) values (52,'마산시',3);
Insert into SIGUNGU (SIGUNGU_ID,NAME,SIDO_ID) values (53,'밀양시',3);
Insert into SIGUNGU (SIGUNGU_ID,NAME,SIDO_ID) values (54,'사천시',3);
Insert into SIGUNGU (SIGUNGU_ID,NAME,SIDO_ID) values (55,'양산시',3);
Insert into SIGUNGU (SIGUNGU_ID,NAME,SIDO_ID) values (56,'진주시',3);
Insert into SIGUNGU (SIGUNGU_ID,NAME,SIDO_ID) values (57,'진해시',3);
Insert into SIGUNGU (SIGUNGU_ID,NAME,SIDO_ID) values (58,'창원시',3);
Insert into SIGUNGU (SIGUNGU_ID,NAME,SIDO_ID) values (59,'통영시',3);
Insert into SIGUNGU (SIGUNGU_ID,NAME,SIDO_ID) values (60,'거창군',3);
Insert into SIGUNGU (SIGUNGU_ID,NAME,SIDO_ID) values (61,'고성군',3);
Insert into SIGUNGU (SIGUNGU_ID,NAME,SIDO_ID) values (62,'남해군',3);
Insert into SIGUNGU (SIGUNGU_ID,NAME,SIDO_ID) values (63,'산청군',3);
Insert into SIGUNGU (SIGUNGU_ID,NAME,SIDO_ID) values (64,'의령군',3);
Insert into SIGUNGU (SIGUNGU_ID,NAME,SIDO_ID) values (65,'창녕군',3);
Insert into SIGUNGU (SIGUNGU_ID,NAME,SIDO_ID) values (66,'하동군',3);
Insert into SIGUNGU (SIGUNGU_ID,NAME,SIDO_ID) values (67,'함안군',3);
Insert into SIGUNGU (SIGUNGU_ID,NAME,SIDO_ID) values (68,'함양군',3);
Insert into SIGUNGU (SIGUNGU_ID,NAME,SIDO_ID) values (69,'합천군',3);
Insert into SIGUNGU (SIGUNGU_ID,NAME,SIDO_ID) values (70,'경산시',4);
Insert into SIGUNGU (SIGUNGU_ID,NAME,SIDO_ID) values (71,'경주시',4);
Insert into SIGUNGU (SIGUNGU_ID,NAME,SIDO_ID) values (72,'구미시',4);
Insert into SIGUNGU (SIGUNGU_ID,NAME,SIDO_ID) values (73,'김천시',4);
Insert into SIGUNGU (SIGUNGU_ID,NAME,SIDO_ID) values (74,'문경시',4);
Insert into SIGUNGU (SIGUNGU_ID,NAME,SIDO_ID) values (75,'상주시',4);
Insert into SIGUNGU (SIGUNGU_ID,NAME,SIDO_ID) values (76,'안동시',4);
Insert into SIGUNGU (SIGUNGU_ID,NAME,SIDO_ID) values (77,'영주시',4);
Insert into SIGUNGU (SIGUNGU_ID,NAME,SIDO_ID) values (78,'영천시',4);
Insert into SIGUNGU (SIGUNGU_ID,NAME,SIDO_ID) values (79,'포항시',4);
Insert into SIGUNGU (SIGUNGU_ID,NAME,SIDO_ID) values (80,'고령군',4);
Insert into SIGUNGU (SIGUNGU_ID,NAME,SIDO_ID) values (81,'군위군',4);
Insert into SIGUNGU (SIGUNGU_ID,NAME,SIDO_ID) values (82,'봉화군',4);
Insert into SIGUNGU (SIGUNGU_ID,NAME,SIDO_ID) values (83,'성주군',4);
Insert into SIGUNGU (SIGUNGU_ID,NAME,SIDO_ID) values (84,'영덕군',4);
Insert into SIGUNGU (SIGUNGU_ID,NAME,SIDO_ID) values (85,'영양군',4);
Insert into SIGUNGU (SIGUNGU_ID,NAME,SIDO_ID) values (86,'예천군',4);
Insert into SIGUNGU (SIGUNGU_ID,NAME,SIDO_ID) values (87,'울릉군',4);
Insert into SIGUNGU (SIGUNGU_ID,NAME,SIDO_ID) values (88,'울진군',4);
Insert into SIGUNGU (SIGUNGU_ID,NAME,SIDO_ID) values (89,'의성군',4);
Insert into SIGUNGU (SIGUNGU_ID,NAME,SIDO_ID) values (90,'청도군',4);
Insert into SIGUNGU (SIGUNGU_ID,NAME,SIDO_ID) values (91,'청송군',4);
Insert into SIGUNGU (SIGUNGU_ID,NAME,SIDO_ID) values (92,'칠곡군',4);
Insert into SIGUNGU (SIGUNGU_ID,NAME,SIDO_ID) values (93,'광산구',5);
Insert into SIGUNGU (SIGUNGU_ID,NAME,SIDO_ID) values (94,'남구',5);
Insert into SIGUNGU (SIGUNGU_ID,NAME,SIDO_ID) values (95,'동구',5);
Insert into SIGUNGU (SIGUNGU_ID,NAME,SIDO_ID) values (96,'북구',5);
Insert into SIGUNGU (SIGUNGU_ID,NAME,SIDO_ID) values (97,'서구',5);
Insert into SIGUNGU (SIGUNGU_ID,NAME,SIDO_ID) values (98,'남구',6);
Insert into SIGUNGU (SIGUNGU_ID,NAME,SIDO_ID) values (99,'달서구',6);
Insert into SIGUNGU (SIGUNGU_ID,NAME,SIDO_ID) values (100,'동구',6);
Insert into SIGUNGU (SIGUNGU_ID,NAME,SIDO_ID) values (101,'북구',6);
Insert into SIGUNGU (SIGUNGU_ID,NAME,SIDO_ID) values (102,'서구',6);
Insert into SIGUNGU (SIGUNGU_ID,NAME,SIDO_ID) values (103,'수성구',6);
Insert into SIGUNGU (SIGUNGU_ID,NAME,SIDO_ID) values (104,'중구',6);
Insert into SIGUNGU (SIGUNGU_ID,NAME,SIDO_ID) values (105,'달성군',6);
Insert into SIGUNGU (SIGUNGU_ID,NAME,SIDO_ID) values (106,'대덕구',7);
Insert into SIGUNGU (SIGUNGU_ID,NAME,SIDO_ID) values (107,'동구',7);
Insert into SIGUNGU (SIGUNGU_ID,NAME,SIDO_ID) values (108,'서구',7);
Insert into SIGUNGU (SIGUNGU_ID,NAME,SIDO_ID) values (109,'유성구',7);
Insert into SIGUNGU (SIGUNGU_ID,NAME,SIDO_ID) values (110,'중구',7);
Insert into SIGUNGU (SIGUNGU_ID,NAME,SIDO_ID) values (111,'강서구',8);
Insert into SIGUNGU (SIGUNGU_ID,NAME,SIDO_ID) values (112,'금정구',8);
Insert into SIGUNGU (SIGUNGU_ID,NAME,SIDO_ID) values (113,'남구',8);
Insert into SIGUNGU (SIGUNGU_ID,NAME,SIDO_ID) values (114,'동구',8);
Insert into SIGUNGU (SIGUNGU_ID,NAME,SIDO_ID) values (115,'동래구',8);
Insert into SIGUNGU (SIGUNGU_ID,NAME,SIDO_ID) values (116,'부산진구',8);
Insert into SIGUNGU (SIGUNGU_ID,NAME,SIDO_ID) values (117,'북구',8);
Insert into SIGUNGU (SIGUNGU_ID,NAME,SIDO_ID) values (118,'사상구',8);
Insert into SIGUNGU (SIGUNGU_ID,NAME,SIDO_ID) values (119,'사하구',8);
Insert into SIGUNGU (SIGUNGU_ID,NAME,SIDO_ID) values (120,'서구',8);
Insert into SIGUNGU (SIGUNGU_ID,NAME,SIDO_ID) values (121,'수영구',8);
Insert into SIGUNGU (SIGUNGU_ID,NAME,SIDO_ID) values (122,'연제구',8);
Insert into SIGUNGU (SIGUNGU_ID,NAME,SIDO_ID) values (123,'영도구',8);
Insert into SIGUNGU (SIGUNGU_ID,NAME,SIDO_ID) values (124,'중구',8);
Insert into SIGUNGU (SIGUNGU_ID,NAME,SIDO_ID) values (125,'해운대구',8);
Insert into SIGUNGU (SIGUNGU_ID,NAME,SIDO_ID) values (126,'기장군',8);
Insert into SIGUNGU (SIGUNGU_ID,NAME,SIDO_ID) values (127,'강남구',9);
Insert into SIGUNGU (SIGUNGU_ID,NAME,SIDO_ID) values (128,'강동구',9);
Insert into SIGUNGU (SIGUNGU_ID,NAME,SIDO_ID) values (129,'강북구',9);
Insert into SIGUNGU (SIGUNGU_ID,NAME,SIDO_ID) values (130,'강서구',9);
Insert into SIGUNGU (SIGUNGU_ID,NAME,SIDO_ID) values (132,'광진구',9);
Insert into SIGUNGU (SIGUNGU_ID,NAME,SIDO_ID) values (133,'구로구',9);
Insert into SIGUNGU (SIGUNGU_ID,NAME,SIDO_ID) values (134,'금천구',9);
Insert into SIGUNGU (SIGUNGU_ID,NAME,SIDO_ID) values (135,'노원구',9);
Insert into SIGUNGU (SIGUNGU_ID,NAME,SIDO_ID) values (136,'도봉구',9);
Insert into SIGUNGU (SIGUNGU_ID,NAME,SIDO_ID) values (137,'동대문구',9);
Insert into SIGUNGU (SIGUNGU_ID,NAME,SIDO_ID) values (138,'동작구',9);
Insert into SIGUNGU (SIGUNGU_ID,NAME,SIDO_ID) values (139,'마포구',9);
Insert into SIGUNGU (SIGUNGU_ID,NAME,SIDO_ID) values (140,'서대문구',9);
Insert into SIGUNGU (SIGUNGU_ID,NAME,SIDO_ID) values (141,'서초구',9);
Insert into SIGUNGU (SIGUNGU_ID,NAME,SIDO_ID) values (142,'성동구',9);
Insert into SIGUNGU (SIGUNGU_ID,NAME,SIDO_ID) values (143,'성북구',9);
Insert into SIGUNGU (SIGUNGU_ID,NAME,SIDO_ID) values (144,'송파구',9);
Insert into SIGUNGU (SIGUNGU_ID,NAME,SIDO_ID) values (145,'양천구',9);
Insert into SIGUNGU (SIGUNGU_ID,NAME,SIDO_ID) values (146,'영등포구',9);
Insert into SIGUNGU (SIGUNGU_ID,NAME,SIDO_ID) values (147,'용산구',9);
Insert into SIGUNGU (SIGUNGU_ID,NAME,SIDO_ID) values (148,'은평구',9);
Insert into SIGUNGU (SIGUNGU_ID,NAME,SIDO_ID) values (149,'종로구',9);
Insert into SIGUNGU (SIGUNGU_ID,NAME,SIDO_ID) values (150,'중구',9);
Insert into SIGUNGU (SIGUNGU_ID,NAME,SIDO_ID) values (151,'중랑구',9);
Insert into SIGUNGU (SIGUNGU_ID,NAME,SIDO_ID) values (152,'남구',10);
Insert into SIGUNGU (SIGUNGU_ID,NAME,SIDO_ID) values (153,'동구',10);
Insert into SIGUNGU (SIGUNGU_ID,NAME,SIDO_ID) values (154,'북구',10);
Insert into SIGUNGU (SIGUNGU_ID,NAME,SIDO_ID) values (155,'중구',10);
Insert into SIGUNGU (SIGUNGU_ID,NAME,SIDO_ID) values (156,'울주군',10);
Insert into SIGUNGU (SIGUNGU_ID,NAME,SIDO_ID) values (157,'계양구',11);
Insert into SIGUNGU (SIGUNGU_ID,NAME,SIDO_ID) values (158,'남구',11);
Insert into SIGUNGU (SIGUNGU_ID,NAME,SIDO_ID) values (159,'남동구',11);
Insert into SIGUNGU (SIGUNGU_ID,NAME,SIDO_ID) values (160,'동구',11);
Insert into SIGUNGU (SIGUNGU_ID,NAME,SIDO_ID) values (161,'부평구',11);
Insert into SIGUNGU (SIGUNGU_ID,NAME,SIDO_ID) values (162,'서구',11);
Insert into SIGUNGU (SIGUNGU_ID,NAME,SIDO_ID) values (163,'연수구',11);
Insert into SIGUNGU (SIGUNGU_ID,NAME,SIDO_ID) values (164,'중구',11);
Insert into SIGUNGU (SIGUNGU_ID,NAME,SIDO_ID) values (165,'강화군',11);
Insert into SIGUNGU (SIGUNGU_ID,NAME,SIDO_ID) values (166,'옹진군',11);
Insert into SIGUNGU (SIGUNGU_ID,NAME,SIDO_ID) values (167,'광양시',12);
Insert into SIGUNGU (SIGUNGU_ID,NAME,SIDO_ID) values (168,'나주시',12);
Insert into SIGUNGU (SIGUNGU_ID,NAME,SIDO_ID) values (169,'목포시',12);
Insert into SIGUNGU (SIGUNGU_ID,NAME,SIDO_ID) values (170,'순천시',12);
Insert into SIGUNGU (SIGUNGU_ID,NAME,SIDO_ID) values (171,'여수시',12);
Insert into SIGUNGU (SIGUNGU_ID,NAME,SIDO_ID) values (172,'강진군',12);
Insert into SIGUNGU (SIGUNGU_ID,NAME,SIDO_ID) values (173,'고흥군',12);
Insert into SIGUNGU (SIGUNGU_ID,NAME,SIDO_ID) values (174,'곡성군',12);
Insert into SIGUNGU (SIGUNGU_ID,NAME,SIDO_ID) values (175,'구례군',12);
Insert into SIGUNGU (SIGUNGU_ID,NAME,SIDO_ID) values (176,'담양군',12);
Insert into SIGUNGU (SIGUNGU_ID,NAME,SIDO_ID) values (177,'무안군',12);
Insert into SIGUNGU (SIGUNGU_ID,NAME,SIDO_ID) values (178,'보성군',12);
Insert into SIGUNGU (SIGUNGU_ID,NAME,SIDO_ID) values (179,'신안군',12);
Insert into SIGUNGU (SIGUNGU_ID,NAME,SIDO_ID) values (180,'영광군',12);
Insert into SIGUNGU (SIGUNGU_ID,NAME,SIDO_ID) values (181,'영암군',12);
Insert into SIGUNGU (SIGUNGU_ID,NAME,SIDO_ID) values (182,'완도군',12);
Insert into SIGUNGU (SIGUNGU_ID,NAME,SIDO_ID) values (183,'장성군',12);
Insert into SIGUNGU (SIGUNGU_ID,NAME,SIDO_ID) values (184,'장흥군',12);
Insert into SIGUNGU (SIGUNGU_ID,NAME,SIDO_ID) values (185,'진도군',12);
Insert into SIGUNGU (SIGUNGU_ID,NAME,SIDO_ID) values (186,'함평군',12);
Insert into SIGUNGU (SIGUNGU_ID,NAME,SIDO_ID) values (187,'해남군',12);
Insert into SIGUNGU (SIGUNGU_ID,NAME,SIDO_ID) values (188,'화순군',12);
Insert into SIGUNGU (SIGUNGU_ID,NAME,SIDO_ID) values (189,'군산시',13);
Insert into SIGUNGU (SIGUNGU_ID,NAME,SIDO_ID) values (190,'김제시',13);
Insert into SIGUNGU (SIGUNGU_ID,NAME,SIDO_ID) values (191,'남원시',13);
Insert into SIGUNGU (SIGUNGU_ID,NAME,SIDO_ID) values (192,'익산시',13);
Insert into SIGUNGU (SIGUNGU_ID,NAME,SIDO_ID) values (193,'전주시',13);
Insert into SIGUNGU (SIGUNGU_ID,NAME,SIDO_ID) values (194,'정읍시',13);
Insert into SIGUNGU (SIGUNGU_ID,NAME,SIDO_ID) values (195,'고창군',13);
Insert into SIGUNGU (SIGUNGU_ID,NAME,SIDO_ID) values (196,'무주군',13);
Insert into SIGUNGU (SIGUNGU_ID,NAME,SIDO_ID) values (197,'부안군',13);
Insert into SIGUNGU (SIGUNGU_ID,NAME,SIDO_ID) values (198,'순창군',13);
Insert into SIGUNGU (SIGUNGU_ID,NAME,SIDO_ID) values (199,'완주군',13);
Insert into SIGUNGU (SIGUNGU_ID,NAME,SIDO_ID) values (200,'임실군',13);
Insert into SIGUNGU (SIGUNGU_ID,NAME,SIDO_ID) values (201,'장수군',13);
Insert into SIGUNGU (SIGUNGU_ID,NAME,SIDO_ID) values (202,'진안군',13);
Insert into SIGUNGU (SIGUNGU_ID,NAME,SIDO_ID) values (203,'서귀포시',14);
Insert into SIGUNGU (SIGUNGU_ID,NAME,SIDO_ID) values (204,'제주시',14);
Insert into SIGUNGU (SIGUNGU_ID,NAME,SIDO_ID) values (205,'남제주군',14);
Insert into SIGUNGU (SIGUNGU_ID,NAME,SIDO_ID) values (206,'북제주군',14);
Insert into SIGUNGU (SIGUNGU_ID,NAME,SIDO_ID) values (207,'제천시',15);
Insert into SIGUNGU (SIGUNGU_ID,NAME,SIDO_ID) values (208,'청주시',15);
Insert into SIGUNGU (SIGUNGU_ID,NAME,SIDO_ID) values (209,'충주시',15);
Insert into SIGUNGU (SIGUNGU_ID,NAME,SIDO_ID) values (210,'괴산군',15);
Insert into SIGUNGU (SIGUNGU_ID,NAME,SIDO_ID) values (211,'단양군',15);
Insert into SIGUNGU (SIGUNGU_ID,NAME,SIDO_ID) values (212,'보은군',15);
Insert into SIGUNGU (SIGUNGU_ID,NAME,SIDO_ID) values (213,'영동군',15);
Insert into SIGUNGU (SIGUNGU_ID,NAME,SIDO_ID) values (214,'옥천군',15);
Insert into SIGUNGU (SIGUNGU_ID,NAME,SIDO_ID) values (215,'음성군',15);
Insert into SIGUNGU (SIGUNGU_ID,NAME,SIDO_ID) values (216,'증평군',15);
Insert into SIGUNGU (SIGUNGU_ID,NAME,SIDO_ID) values (217,'진천군',15);
Insert into SIGUNGU (SIGUNGU_ID,NAME,SIDO_ID) values (218,'청원군',15);
Insert into SIGUNGU (SIGUNGU_ID,NAME,SIDO_ID) values (219,'천안시',16);
Insert into SIGUNGU (SIGUNGU_ID,NAME,SIDO_ID) values (220,'공주시',16);
Insert into SIGUNGU (SIGUNGU_ID,NAME,SIDO_ID) values (221,'보령시',16);
Insert into SIGUNGU (SIGUNGU_ID,NAME,SIDO_ID) values (222,'아산시',16);
Insert into SIGUNGU (SIGUNGU_ID,NAME,SIDO_ID) values (223,'서산시',16);
Insert into SIGUNGU (SIGUNGU_ID,NAME,SIDO_ID) values (224,'논산시',16);
Insert into SIGUNGU (SIGUNGU_ID,NAME,SIDO_ID) values (225,'계룡시',16);
Insert into SIGUNGU (SIGUNGU_ID,NAME,SIDO_ID) values (226,'당진시',16);
Insert into SIGUNGU (SIGUNGU_ID,NAME,SIDO_ID) values (227,'금산군',16);
Insert into SIGUNGU (SIGUNGU_ID,NAME,SIDO_ID) values (228,'부여군',16);
Insert into SIGUNGU (SIGUNGU_ID,NAME,SIDO_ID) values (229,'서천군',16);
Insert into SIGUNGU (SIGUNGU_ID,NAME,SIDO_ID) values (230,'청양군',16);
Insert into SIGUNGU (SIGUNGU_ID,NAME,SIDO_ID) values (231,'홍성군',16);
Insert into SIGUNGU (SIGUNGU_ID,NAME,SIDO_ID) values (232,'예산군',16);
Insert into SIGUNGU (SIGUNGU_ID,NAME,SIDO_ID) values (233,'태안군',16);
Insert into SIGUNGU (SIGUNGU_ID,NAME,SIDO_ID) values (131,'관악구',9);
REM INSERTING into "SIGUNGU(tmp)"
SET DEFINE OFF;
Insert into "SIGUNGU(tmp)" (SIGUNGU_ID,NAME,SIDO_ID) values (1,'강릉시',1);
Insert into "SIGUNGU(tmp)" (SIGUNGU_ID,NAME,SIDO_ID) values (2,'동해시',1);
Insert into "SIGUNGU(tmp)" (SIGUNGU_ID,NAME,SIDO_ID) values (3,'삼척시',1);
Insert into "SIGUNGU(tmp)" (SIGUNGU_ID,NAME,SIDO_ID) values (4,'속초시',1);
Insert into "SIGUNGU(tmp)" (SIGUNGU_ID,NAME,SIDO_ID) values (5,'원주시',1);
Insert into "SIGUNGU(tmp)" (SIGUNGU_ID,NAME,SIDO_ID) values (6,'춘천시',1);
Insert into "SIGUNGU(tmp)" (SIGUNGU_ID,NAME,SIDO_ID) values (7,'태백시',1);
Insert into "SIGUNGU(tmp)" (SIGUNGU_ID,NAME,SIDO_ID) values (8,'고성군',1);
Insert into "SIGUNGU(tmp)" (SIGUNGU_ID,NAME,SIDO_ID) values (9,'양구군',1);
Insert into "SIGUNGU(tmp)" (SIGUNGU_ID,NAME,SIDO_ID) values (10,'양양군',1);
Insert into "SIGUNGU(tmp)" (SIGUNGU_ID,NAME,SIDO_ID) values (11,'영월군',1);
Insert into "SIGUNGU(tmp)" (SIGUNGU_ID,NAME,SIDO_ID) values (12,'인제군',1);
Insert into "SIGUNGU(tmp)" (SIGUNGU_ID,NAME,SIDO_ID) values (13,'정선군',1);
Insert into "SIGUNGU(tmp)" (SIGUNGU_ID,NAME,SIDO_ID) values (14,'철원군',1);
Insert into "SIGUNGU(tmp)" (SIGUNGU_ID,NAME,SIDO_ID) values (15,'평창군',1);
Insert into "SIGUNGU(tmp)" (SIGUNGU_ID,NAME,SIDO_ID) values (16,'홍천군',1);
Insert into "SIGUNGU(tmp)" (SIGUNGU_ID,NAME,SIDO_ID) values (17,'화천군',1);
Insert into "SIGUNGU(tmp)" (SIGUNGU_ID,NAME,SIDO_ID) values (18,'횡성군',1);
Insert into "SIGUNGU(tmp)" (SIGUNGU_ID,NAME,SIDO_ID) values (19,'고양시',2);
Insert into "SIGUNGU(tmp)" (SIGUNGU_ID,NAME,SIDO_ID) values (20,'과천시',2);
Insert into "SIGUNGU(tmp)" (SIGUNGU_ID,NAME,SIDO_ID) values (21,'광명시',2);
Insert into "SIGUNGU(tmp)" (SIGUNGU_ID,NAME,SIDO_ID) values (22,'광주시',2);
Insert into "SIGUNGU(tmp)" (SIGUNGU_ID,NAME,SIDO_ID) values (23,'구리시',2);
Insert into "SIGUNGU(tmp)" (SIGUNGU_ID,NAME,SIDO_ID) values (24,'군포시',2);
Insert into "SIGUNGU(tmp)" (SIGUNGU_ID,NAME,SIDO_ID) values (25,'김포시',2);
Insert into "SIGUNGU(tmp)" (SIGUNGU_ID,NAME,SIDO_ID) values (26,'남양주시',2);
Insert into "SIGUNGU(tmp)" (SIGUNGU_ID,NAME,SIDO_ID) values (27,'동두천시',2);
Insert into "SIGUNGU(tmp)" (SIGUNGU_ID,NAME,SIDO_ID) values (28,'부천시',2);
Insert into "SIGUNGU(tmp)" (SIGUNGU_ID,NAME,SIDO_ID) values (29,'성남시',2);
Insert into "SIGUNGU(tmp)" (SIGUNGU_ID,NAME,SIDO_ID) values (30,'수원시',2);
Insert into "SIGUNGU(tmp)" (SIGUNGU_ID,NAME,SIDO_ID) values (31,'시흥시',2);
Insert into "SIGUNGU(tmp)" (SIGUNGU_ID,NAME,SIDO_ID) values (32,'안산시',2);
Insert into "SIGUNGU(tmp)" (SIGUNGU_ID,NAME,SIDO_ID) values (33,'안성시',2);
Insert into "SIGUNGU(tmp)" (SIGUNGU_ID,NAME,SIDO_ID) values (34,'안양시',2);
Insert into "SIGUNGU(tmp)" (SIGUNGU_ID,NAME,SIDO_ID) values (35,'양주시',2);
Insert into "SIGUNGU(tmp)" (SIGUNGU_ID,NAME,SIDO_ID) values (36,'오산시',2);
Insert into "SIGUNGU(tmp)" (SIGUNGU_ID,NAME,SIDO_ID) values (37,'용인시',2);
Insert into "SIGUNGU(tmp)" (SIGUNGU_ID,NAME,SIDO_ID) values (38,'의왕시',2);
Insert into "SIGUNGU(tmp)" (SIGUNGU_ID,NAME,SIDO_ID) values (39,'의정부시',2);
Insert into "SIGUNGU(tmp)" (SIGUNGU_ID,NAME,SIDO_ID) values (40,'이천시',2);
Insert into "SIGUNGU(tmp)" (SIGUNGU_ID,NAME,SIDO_ID) values (41,'파주시',2);
Insert into "SIGUNGU(tmp)" (SIGUNGU_ID,NAME,SIDO_ID) values (42,'평택시',2);
Insert into "SIGUNGU(tmp)" (SIGUNGU_ID,NAME,SIDO_ID) values (43,'포천시',2);
Insert into "SIGUNGU(tmp)" (SIGUNGU_ID,NAME,SIDO_ID) values (44,'하남시',2);
Insert into "SIGUNGU(tmp)" (SIGUNGU_ID,NAME,SIDO_ID) values (45,'화성시',2);
Insert into "SIGUNGU(tmp)" (SIGUNGU_ID,NAME,SIDO_ID) values (46,'가평군',2);
Insert into "SIGUNGU(tmp)" (SIGUNGU_ID,NAME,SIDO_ID) values (47,'양평군',2);
Insert into "SIGUNGU(tmp)" (SIGUNGU_ID,NAME,SIDO_ID) values (48,'여주군',2);
Insert into "SIGUNGU(tmp)" (SIGUNGU_ID,NAME,SIDO_ID) values (49,'연천군',2);
Insert into "SIGUNGU(tmp)" (SIGUNGU_ID,NAME,SIDO_ID) values (50,'거제시',3);
Insert into "SIGUNGU(tmp)" (SIGUNGU_ID,NAME,SIDO_ID) values (51,'김해시',3);
Insert into "SIGUNGU(tmp)" (SIGUNGU_ID,NAME,SIDO_ID) values (52,'마산시',3);
Insert into "SIGUNGU(tmp)" (SIGUNGU_ID,NAME,SIDO_ID) values (53,'밀양시',3);
Insert into "SIGUNGU(tmp)" (SIGUNGU_ID,NAME,SIDO_ID) values (54,'사천시',3);
Insert into "SIGUNGU(tmp)" (SIGUNGU_ID,NAME,SIDO_ID) values (55,'양산시',3);
Insert into "SIGUNGU(tmp)" (SIGUNGU_ID,NAME,SIDO_ID) values (56,'진주시',3);
Insert into "SIGUNGU(tmp)" (SIGUNGU_ID,NAME,SIDO_ID) values (57,'진해시',3);
Insert into "SIGUNGU(tmp)" (SIGUNGU_ID,NAME,SIDO_ID) values (58,'창원시',3);
Insert into "SIGUNGU(tmp)" (SIGUNGU_ID,NAME,SIDO_ID) values (59,'통영시',3);
Insert into "SIGUNGU(tmp)" (SIGUNGU_ID,NAME,SIDO_ID) values (60,'거창군',3);
Insert into "SIGUNGU(tmp)" (SIGUNGU_ID,NAME,SIDO_ID) values (61,'고성군',3);
Insert into "SIGUNGU(tmp)" (SIGUNGU_ID,NAME,SIDO_ID) values (62,'남해군',3);
Insert into "SIGUNGU(tmp)" (SIGUNGU_ID,NAME,SIDO_ID) values (63,'산청군',3);
Insert into "SIGUNGU(tmp)" (SIGUNGU_ID,NAME,SIDO_ID) values (64,'의령군',3);
Insert into "SIGUNGU(tmp)" (SIGUNGU_ID,NAME,SIDO_ID) values (65,'창녕군',3);
Insert into "SIGUNGU(tmp)" (SIGUNGU_ID,NAME,SIDO_ID) values (66,'하동군',3);
Insert into "SIGUNGU(tmp)" (SIGUNGU_ID,NAME,SIDO_ID) values (67,'함안군',3);
Insert into "SIGUNGU(tmp)" (SIGUNGU_ID,NAME,SIDO_ID) values (68,'함양군',4);
Insert into "SIGUNGU(tmp)" (SIGUNGU_ID,NAME,SIDO_ID) values (69,'합천군',4);
Insert into "SIGUNGU(tmp)" (SIGUNGU_ID,NAME,SIDO_ID) values (70,'경산시',4);
Insert into "SIGUNGU(tmp)" (SIGUNGU_ID,NAME,SIDO_ID) values (71,'경주시',4);
Insert into "SIGUNGU(tmp)" (SIGUNGU_ID,NAME,SIDO_ID) values (72,'구미시',4);
Insert into "SIGUNGU(tmp)" (SIGUNGU_ID,NAME,SIDO_ID) values (73,'김천시',4);
Insert into "SIGUNGU(tmp)" (SIGUNGU_ID,NAME,SIDO_ID) values (74,'문경시',4);
Insert into "SIGUNGU(tmp)" (SIGUNGU_ID,NAME,SIDO_ID) values (75,'상주시',4);
Insert into "SIGUNGU(tmp)" (SIGUNGU_ID,NAME,SIDO_ID) values (76,'안동시',4);
Insert into "SIGUNGU(tmp)" (SIGUNGU_ID,NAME,SIDO_ID) values (77,'영주시',4);
Insert into "SIGUNGU(tmp)" (SIGUNGU_ID,NAME,SIDO_ID) values (78,'영천시',4);
Insert into "SIGUNGU(tmp)" (SIGUNGU_ID,NAME,SIDO_ID) values (79,'포항시',4);
Insert into "SIGUNGU(tmp)" (SIGUNGU_ID,NAME,SIDO_ID) values (80,'고령군',4);
Insert into "SIGUNGU(tmp)" (SIGUNGU_ID,NAME,SIDO_ID) values (81,'군위군',4);
Insert into "SIGUNGU(tmp)" (SIGUNGU_ID,NAME,SIDO_ID) values (82,'봉화군',4);
Insert into "SIGUNGU(tmp)" (SIGUNGU_ID,NAME,SIDO_ID) values (83,'성주군',4);
Insert into "SIGUNGU(tmp)" (SIGUNGU_ID,NAME,SIDO_ID) values (84,'영덕군',4);
Insert into "SIGUNGU(tmp)" (SIGUNGU_ID,NAME,SIDO_ID) values (85,'영양군',4);
Insert into "SIGUNGU(tmp)" (SIGUNGU_ID,NAME,SIDO_ID) values (86,'예천군',4);
Insert into "SIGUNGU(tmp)" (SIGUNGU_ID,NAME,SIDO_ID) values (87,'울룽군',4);
Insert into "SIGUNGU(tmp)" (SIGUNGU_ID,NAME,SIDO_ID) values (88,'울진군',4);
Insert into "SIGUNGU(tmp)" (SIGUNGU_ID,NAME,SIDO_ID) values (89,'의성군',4);
Insert into "SIGUNGU(tmp)" (SIGUNGU_ID,NAME,SIDO_ID) values (90,'청도군',4);
Insert into "SIGUNGU(tmp)" (SIGUNGU_ID,NAME,SIDO_ID) values (91,'청송군',5);
Insert into "SIGUNGU(tmp)" (SIGUNGU_ID,NAME,SIDO_ID) values (92,'칠곡군',5);
Insert into "SIGUNGU(tmp)" (SIGUNGU_ID,NAME,SIDO_ID) values (93,'광산구',5);
Insert into "SIGUNGU(tmp)" (SIGUNGU_ID,NAME,SIDO_ID) values (94,'남구',5);
Insert into "SIGUNGU(tmp)" (SIGUNGU_ID,NAME,SIDO_ID) values (95,'동구',5);
Insert into "SIGUNGU(tmp)" (SIGUNGU_ID,NAME,SIDO_ID) values (96,'북구',6);
Insert into "SIGUNGU(tmp)" (SIGUNGU_ID,NAME,SIDO_ID) values (97,'서구',6);
Insert into "SIGUNGU(tmp)" (SIGUNGU_ID,NAME,SIDO_ID) values (98,'남구',6);
Insert into "SIGUNGU(tmp)" (SIGUNGU_ID,NAME,SIDO_ID) values (99,'달서구',6);
Insert into "SIGUNGU(tmp)" (SIGUNGU_ID,NAME,SIDO_ID) values (100,'동구',6);
Insert into "SIGUNGU(tmp)" (SIGUNGU_ID,NAME,SIDO_ID) values (101,'서구',6);
Insert into "SIGUNGU(tmp)" (SIGUNGU_ID,NAME,SIDO_ID) values (102,'수성구',6);
Insert into "SIGUNGU(tmp)" (SIGUNGU_ID,NAME,SIDO_ID) values (103,'중구',6);
Insert into "SIGUNGU(tmp)" (SIGUNGU_ID,NAME,SIDO_ID) values (109,'강서구',8);
Insert into "SIGUNGU(tmp)" (SIGUNGU_ID,NAME,SIDO_ID) values (110,'금정구',8);
Insert into "SIGUNGU(tmp)" (SIGUNGU_ID,NAME,SIDO_ID) values (111,'남구',8);
Insert into "SIGUNGU(tmp)" (SIGUNGU_ID,NAME,SIDO_ID) values (112,'동구',8);
Insert into "SIGUNGU(tmp)" (SIGUNGU_ID,NAME,SIDO_ID) values (113,'동래구',8);
Insert into "SIGUNGU(tmp)" (SIGUNGU_ID,NAME,SIDO_ID) values (114,'부산진구',8);
Insert into "SIGUNGU(tmp)" (SIGUNGU_ID,NAME,SIDO_ID) values (115,'북구',8);
Insert into "SIGUNGU(tmp)" (SIGUNGU_ID,NAME,SIDO_ID) values (116,'사상구',8);
Insert into "SIGUNGU(tmp)" (SIGUNGU_ID,NAME,SIDO_ID) values (117,'사하구',8);
Insert into "SIGUNGU(tmp)" (SIGUNGU_ID,NAME,SIDO_ID) values (118,'서구',8);
Insert into "SIGUNGU(tmp)" (SIGUNGU_ID,NAME,SIDO_ID) values (119,'수영구',8);
Insert into "SIGUNGU(tmp)" (SIGUNGU_ID,NAME,SIDO_ID) values (120,'연제구',8);
Insert into "SIGUNGU(tmp)" (SIGUNGU_ID,NAME,SIDO_ID) values (121,'영도구',8);
Insert into "SIGUNGU(tmp)" (SIGUNGU_ID,NAME,SIDO_ID) values (122,'중구',8);
Insert into "SIGUNGU(tmp)" (SIGUNGU_ID,NAME,SIDO_ID) values (123,'해운대구',8);
Insert into "SIGUNGU(tmp)" (SIGUNGU_ID,NAME,SIDO_ID) values (124,'기장군',8);
Insert into "SIGUNGU(tmp)" (SIGUNGU_ID,NAME,SIDO_ID) values (125,'강남구',9);
Insert into "SIGUNGU(tmp)" (SIGUNGU_ID,NAME,SIDO_ID) values (126,'강동구',9);
Insert into "SIGUNGU(tmp)" (SIGUNGU_ID,NAME,SIDO_ID) values (127,'강북구',9);
Insert into "SIGUNGU(tmp)" (SIGUNGU_ID,NAME,SIDO_ID) values (128,'강서구',9);
Insert into "SIGUNGU(tmp)" (SIGUNGU_ID,NAME,SIDO_ID) values (129,'관악구',9);
Insert into "SIGUNGU(tmp)" (SIGUNGU_ID,NAME,SIDO_ID) values (130,'광진구',9);
Insert into "SIGUNGU(tmp)" (SIGUNGU_ID,NAME,SIDO_ID) values (131,'구로구',9);
Insert into "SIGUNGU(tmp)" (SIGUNGU_ID,NAME,SIDO_ID) values (132,'금천구',9);
Insert into "SIGUNGU(tmp)" (SIGUNGU_ID,NAME,SIDO_ID) values (133,'노원구',9);
Insert into "SIGUNGU(tmp)" (SIGUNGU_ID,NAME,SIDO_ID) values (134,'도봉구',9);
Insert into "SIGUNGU(tmp)" (SIGUNGU_ID,NAME,SIDO_ID) values (135,'동대문구',9);
Insert into "SIGUNGU(tmp)" (SIGUNGU_ID,NAME,SIDO_ID) values (136,'동작구',9);
Insert into "SIGUNGU(tmp)" (SIGUNGU_ID,NAME,SIDO_ID) values (137,'마포구',9);
Insert into "SIGUNGU(tmp)" (SIGUNGU_ID,NAME,SIDO_ID) values (138,'서대문구',9);
Insert into "SIGUNGU(tmp)" (SIGUNGU_ID,NAME,SIDO_ID) values (139,'서초구',9);
Insert into "SIGUNGU(tmp)" (SIGUNGU_ID,NAME,SIDO_ID) values (140,'성동구',9);
Insert into "SIGUNGU(tmp)" (SIGUNGU_ID,NAME,SIDO_ID) values (141,'성북구',9);
Insert into "SIGUNGU(tmp)" (SIGUNGU_ID,NAME,SIDO_ID) values (142,'송파구',9);
Insert into "SIGUNGU(tmp)" (SIGUNGU_ID,NAME,SIDO_ID) values (143,'양천구',9);
Insert into "SIGUNGU(tmp)" (SIGUNGU_ID,NAME,SIDO_ID) values (144,'영등포구',9);
Insert into "SIGUNGU(tmp)" (SIGUNGU_ID,NAME,SIDO_ID) values (145,'용산구',9);
Insert into "SIGUNGU(tmp)" (SIGUNGU_ID,NAME,SIDO_ID) values (146,'은평구',9);
Insert into "SIGUNGU(tmp)" (SIGUNGU_ID,NAME,SIDO_ID) values (147,'종로구',9);
Insert into "SIGUNGU(tmp)" (SIGUNGU_ID,NAME,SIDO_ID) values (148,'중구',9);
Insert into "SIGUNGU(tmp)" (SIGUNGU_ID,NAME,SIDO_ID) values (149,'중랑구',9);
Insert into "SIGUNGU(tmp)" (SIGUNGU_ID,NAME,SIDO_ID) values (150,'남구',10);
Insert into "SIGUNGU(tmp)" (SIGUNGU_ID,NAME,SIDO_ID) values (151,'동구',10);
Insert into "SIGUNGU(tmp)" (SIGUNGU_ID,NAME,SIDO_ID) values (152,'북구',10);
Insert into "SIGUNGU(tmp)" (SIGUNGU_ID,NAME,SIDO_ID) values (153,'중구',10);
Insert into "SIGUNGU(tmp)" (SIGUNGU_ID,NAME,SIDO_ID) values (154,'울주군',10);
Insert into "SIGUNGU(tmp)" (SIGUNGU_ID,NAME,SIDO_ID) values (155,'계양구',11);
Insert into "SIGUNGU(tmp)" (SIGUNGU_ID,NAME,SIDO_ID) values (156,'남구',11);
Insert into "SIGUNGU(tmp)" (SIGUNGU_ID,NAME,SIDO_ID) values (157,'남동구',11);
Insert into "SIGUNGU(tmp)" (SIGUNGU_ID,NAME,SIDO_ID) values (158,'동구',11);
Insert into "SIGUNGU(tmp)" (SIGUNGU_ID,NAME,SIDO_ID) values (159,'부평구',11);
Insert into "SIGUNGU(tmp)" (SIGUNGU_ID,NAME,SIDO_ID) values (160,'서구',11);
Insert into "SIGUNGU(tmp)" (SIGUNGU_ID,NAME,SIDO_ID) values (161,'연수구',11);
Insert into "SIGUNGU(tmp)" (SIGUNGU_ID,NAME,SIDO_ID) values (162,'중구',11);
Insert into "SIGUNGU(tmp)" (SIGUNGU_ID,NAME,SIDO_ID) values (163,'강화군',11);
Insert into "SIGUNGU(tmp)" (SIGUNGU_ID,NAME,SIDO_ID) values (164,'옹진군',11);
Insert into "SIGUNGU(tmp)" (SIGUNGU_ID,NAME,SIDO_ID) values (165,'광양시',12);
Insert into "SIGUNGU(tmp)" (SIGUNGU_ID,NAME,SIDO_ID) values (166,'나주시',12);
Insert into "SIGUNGU(tmp)" (SIGUNGU_ID,NAME,SIDO_ID) values (167,'목포시',12);
Insert into "SIGUNGU(tmp)" (SIGUNGU_ID,NAME,SIDO_ID) values (168,'순천시',12);
Insert into "SIGUNGU(tmp)" (SIGUNGU_ID,NAME,SIDO_ID) values (169,'여수시',12);
Insert into "SIGUNGU(tmp)" (SIGUNGU_ID,NAME,SIDO_ID) values (170,'강진군',12);
Insert into "SIGUNGU(tmp)" (SIGUNGU_ID,NAME,SIDO_ID) values (171,'고흥군',12);
Insert into "SIGUNGU(tmp)" (SIGUNGU_ID,NAME,SIDO_ID) values (172,'곡성군',12);
Insert into "SIGUNGU(tmp)" (SIGUNGU_ID,NAME,SIDO_ID) values (173,'구례군',12);
Insert into "SIGUNGU(tmp)" (SIGUNGU_ID,NAME,SIDO_ID) values (174,'담양군',12);
Insert into "SIGUNGU(tmp)" (SIGUNGU_ID,NAME,SIDO_ID) values (175,'무안군',12);
Insert into "SIGUNGU(tmp)" (SIGUNGU_ID,NAME,SIDO_ID) values (176,'보성군',12);
Insert into "SIGUNGU(tmp)" (SIGUNGU_ID,NAME,SIDO_ID) values (177,'신안군',12);
Insert into "SIGUNGU(tmp)" (SIGUNGU_ID,NAME,SIDO_ID) values (178,'영광군',12);
Insert into "SIGUNGU(tmp)" (SIGUNGU_ID,NAME,SIDO_ID) values (179,'영암군',12);
Insert into "SIGUNGU(tmp)" (SIGUNGU_ID,NAME,SIDO_ID) values (180,'완도군',12);
Insert into "SIGUNGU(tmp)" (SIGUNGU_ID,NAME,SIDO_ID) values (181,'장성군',12);
Insert into "SIGUNGU(tmp)" (SIGUNGU_ID,NAME,SIDO_ID) values (182,'장흥군',12);
Insert into "SIGUNGU(tmp)" (SIGUNGU_ID,NAME,SIDO_ID) values (183,'진도군',12);
Insert into "SIGUNGU(tmp)" (SIGUNGU_ID,NAME,SIDO_ID) values (184,'함평군',12);
Insert into "SIGUNGU(tmp)" (SIGUNGU_ID,NAME,SIDO_ID) values (185,'해남군',12);
Insert into "SIGUNGU(tmp)" (SIGUNGU_ID,NAME,SIDO_ID) values (186,'화순군',12);
Insert into "SIGUNGU(tmp)" (SIGUNGU_ID,NAME,SIDO_ID) values (187,'고창군',13);
Insert into "SIGUNGU(tmp)" (SIGUNGU_ID,NAME,SIDO_ID) values (188,'군산시',13);
Insert into "SIGUNGU(tmp)" (SIGUNGU_ID,NAME,SIDO_ID) values (189,'김제시',13);
Insert into "SIGUNGU(tmp)" (SIGUNGU_ID,NAME,SIDO_ID) values (190,'남원시',13);
Insert into "SIGUNGU(tmp)" (SIGUNGU_ID,NAME,SIDO_ID) values (191,'익산시',13);
Insert into "SIGUNGU(tmp)" (SIGUNGU_ID,NAME,SIDO_ID) values (192,'임실군',13);
Insert into "SIGUNGU(tmp)" (SIGUNGU_ID,NAME,SIDO_ID) values (193,'장수군',13);
Insert into "SIGUNGU(tmp)" (SIGUNGU_ID,NAME,SIDO_ID) values (194,'전주시',13);
Insert into "SIGUNGU(tmp)" (SIGUNGU_ID,NAME,SIDO_ID) values (195,'정읍시',13);
Insert into "SIGUNGU(tmp)" (SIGUNGU_ID,NAME,SIDO_ID) values (196,'진안군',13);
Insert into "SIGUNGU(tmp)" (SIGUNGU_ID,NAME,SIDO_ID) values (197,'서귀포시',14);
Insert into "SIGUNGU(tmp)" (SIGUNGU_ID,NAME,SIDO_ID) values (198,'제주시',14);
Insert into "SIGUNGU(tmp)" (SIGUNGU_ID,NAME,SIDO_ID) values (199,'보은군',15);
Insert into "SIGUNGU(tmp)" (SIGUNGU_ID,NAME,SIDO_ID) values (200,'영동군',15);
Insert into "SIGUNGU(tmp)" (SIGUNGU_ID,NAME,SIDO_ID) values (201,'옥천군',15);
Insert into "SIGUNGU(tmp)" (SIGUNGU_ID,NAME,SIDO_ID) values (202,'음성군',15);
Insert into "SIGUNGU(tmp)" (SIGUNGU_ID,NAME,SIDO_ID) values (203,'증평군',15);
Insert into "SIGUNGU(tmp)" (SIGUNGU_ID,NAME,SIDO_ID) values (204,'진천군',15);
Insert into "SIGUNGU(tmp)" (SIGUNGU_ID,NAME,SIDO_ID) values (205,'청원군',15);
Insert into "SIGUNGU(tmp)" (SIGUNGU_ID,NAME,SIDO_ID) values (206,'천안시',15);
Insert into "SIGUNGU(tmp)" (SIGUNGU_ID,NAME,SIDO_ID) values (207,'공주시',15);
Insert into "SIGUNGU(tmp)" (SIGUNGU_ID,NAME,SIDO_ID) values (208,'보령시',15);
Insert into "SIGUNGU(tmp)" (SIGUNGU_ID,NAME,SIDO_ID) values (209,'아산시',15);
Insert into "SIGUNGU(tmp)" (SIGUNGU_ID,NAME,SIDO_ID) values (210,'서산시',15);
Insert into "SIGUNGU(tmp)" (SIGUNGU_ID,NAME,SIDO_ID) values (211,'논산시',15);
Insert into "SIGUNGU(tmp)" (SIGUNGU_ID,NAME,SIDO_ID) values (212,'계룡시',15);
Insert into "SIGUNGU(tmp)" (SIGUNGU_ID,NAME,SIDO_ID) values (213,'당진시',15);
Insert into "SIGUNGU(tmp)" (SIGUNGU_ID,NAME,SIDO_ID) values (214,'금산군',16);
Insert into "SIGUNGU(tmp)" (SIGUNGU_ID,NAME,SIDO_ID) values (215,'부여군',16);
Insert into "SIGUNGU(tmp)" (SIGUNGU_ID,NAME,SIDO_ID) values (216,'서천군',16);
Insert into "SIGUNGU(tmp)" (SIGUNGU_ID,NAME,SIDO_ID) values (217,'청양군',16);
Insert into "SIGUNGU(tmp)" (SIGUNGU_ID,NAME,SIDO_ID) values (218,'홍성군',16);
Insert into "SIGUNGU(tmp)" (SIGUNGU_ID,NAME,SIDO_ID) values (219,'예산군',16);
Insert into "SIGUNGU(tmp)" (SIGUNGU_ID,NAME,SIDO_ID) values (220,'태안군',16);
Insert into "SIGUNGU(tmp)" (SIGUNGU_ID,NAME,SIDO_ID) values (221,'증평군',16);
Insert into "SIGUNGU(tmp)" (SIGUNGU_ID,NAME,SIDO_ID) values (222,'진천군',16);
Insert into "SIGUNGU(tmp)" (SIGUNGU_ID,NAME,SIDO_ID) values (223,'청주시',16);
Insert into "SIGUNGU(tmp)" (SIGUNGU_ID,NAME,SIDO_ID) values (999,'북구',6);
Insert into "SIGUNGU(tmp)" (SIGUNGU_ID,NAME,SIDO_ID) values (9999,'달성군',6);
Insert into "SIGUNGU(tmp)" (SIGUNGU_ID,NAME,SIDO_ID) values (99999,'대덕구',7);
Insert into "SIGUNGU(tmp)" (SIGUNGU_ID,NAME,SIDO_ID) values (999999,'동구',7);
Insert into "SIGUNGU(tmp)" (SIGUNGU_ID,NAME,SIDO_ID) values (9999999,'서구',7);
Insert into "SIGUNGU(tmp)" (SIGUNGU_ID,NAME,SIDO_ID) values (99999999,'수성구',7);
Insert into "SIGUNGU(tmp)" (SIGUNGU_ID,NAME,SIDO_ID) values (999999999,'중구',7);
Insert into "SIGUNGU(tmp)" (SIGUNGU_ID,NAME,SIDO_ID) values (9999999999,'달성군',7);
Insert into "SIGUNGU(tmp)" (SIGUNGU_ID,NAME,SIDO_ID) values (8888,'북제주군',14);
Insert into "SIGUNGU(tmp)" (SIGUNGU_ID,NAME,SIDO_ID) values (777,'제천시',15);
Insert into "SIGUNGU(tmp)" (SIGUNGU_ID,NAME,SIDO_ID) values (7777,'청주시',15);
Insert into "SIGUNGU(tmp)" (SIGUNGU_ID,NAME,SIDO_ID) values (77777,'충주시',15);
Insert into "SIGUNGU(tmp)" (SIGUNGU_ID,NAME,SIDO_ID) values (777777,'괴산군',15);
Insert into "SIGUNGU(tmp)" (SIGUNGU_ID,NAME,SIDO_ID) values (7777777,'단양군',15);
Insert into "SIGUNGU(tmp)" (SIGUNGU_ID,NAME,SIDO_ID) values (888,'남제주군',14);
REM INSERTING into STADIUM
SET DEFINE OFF;
Insert into STADIUM (STADIUM_NO,STADIUM_NAME,SIDO_NAME,SIGUNGU_NAME,DETAILED_ADDRESS,REG_DATE,CONTENT,STADIUM_STATUS) values (12,'경기장테스트',1,1,'경기장테스트',to_date('24/05/08','RR/MM/DD'),'경기장테스트','양호');
Insert into STADIUM (STADIUM_NO,STADIUM_NAME,SIDO_NAME,SIGUNGU_NAME,DETAILED_ADDRESS,REG_DATE,CONTENT,STADIUM_STATUS) values (2,'서울어린이대공원 인조잔디축구장',9,6,'서울특별시 광진구 능동로 216',to_date('24/05/07','RR/MM/DD'),'테스트','안좋음');
Insert into STADIUM (STADIUM_NO,STADIUM_NAME,SIDO_NAME,SIGUNGU_NAME,DETAILED_ADDRESS,REG_DATE,CONTENT,STADIUM_STATUS) values (3,'잠실유수지 축구장 ',9,142,'서울특별시 송파구 탄천동로 211',to_date('24/05/07','RR/MM/DD'),'테스트','이용불가');
Insert into STADIUM (STADIUM_NO,STADIUM_NAME,SIDO_NAME,SIGUNGU_NAME,DETAILED_ADDRESS,REG_DATE,CONTENT,STADIUM_STATUS) values (4,' 월드컵 보조경기장 ',9,137,'서울 마포구 성산동 499',to_date('24/05/07','RR/MM/DD'),'4','양호');
Insert into STADIUM (STADIUM_NO,STADIUM_NAME,SIDO_NAME,SIGUNGU_NAME,DETAILED_ADDRESS,REG_DATE,CONTENT,STADIUM_STATUS) values (5,' 동작구 노들나루공원 축구장
 ',9,136,'서울특별시 동작구 노량진로 247',to_date('24/05/07','RR/MM/DD'),'비로인한진흙','안좋음');
Insert into STADIUM (STADIUM_NO,STADIUM_NAME,SIDO_NAME,SIGUNGU_NAME,DETAILED_ADDRESS,REG_DATE,CONTENT,STADIUM_STATUS) values (6,' 효창운동장 ',9,145,'서울특별시 용산구 효창원로 177-15',to_date('24/05/07','RR/MM/DD'),'6','양호');
Insert into STADIUM (STADIUM_NO,STADIUM_NAME,SIDO_NAME,SIGUNGU_NAME,DETAILED_ADDRESS,REG_DATE,CONTENT,STADIUM_STATUS) values (7,' 삼척복합체육공원 ',1,4,'강원 삼척시 뒷나루길 153',to_date('24/05/07','RR/MM/DD'),'공사중','이용불가');
Insert into STADIUM (STADIUM_NO,STADIUM_NAME,SIDO_NAME,SIGUNGU_NAME,DETAILED_ADDRESS,REG_DATE,CONTENT,STADIUM_STATUS) values (8,' 옻골 축구장 ',5,94,'대구 북구 구암로 388-17',to_date('24/05/07','RR/MM/DD'),'8','양호');
Insert into STADIUM (STADIUM_NO,STADIUM_NAME,SIDO_NAME,SIGUNGU_NAME,DETAILED_ADDRESS,REG_DATE,CONTENT,STADIUM_STATUS) values (9,'풍호축구장 ',3,62,'경남 창원시 진해구 천자로 434-2',to_date('24/05/07','RR/MM/DD'),'9','양호');
Insert into STADIUM (STADIUM_NO,STADIUM_NAME,SIDO_NAME,SIGUNGU_NAME,DETAILED_ADDRESS,REG_DATE,CONTENT,STADIUM_STATUS) values (10,'승촌보축구장 ',5,92,'광주광역시 남구 승촌보길 90 승촌동 585',to_date('24/05/07','RR/MM/DD'),'10','양호');
Insert into STADIUM (STADIUM_NO,STADIUM_NAME,SIDO_NAME,SIGUNGU_NAME,DETAILED_ADDRESS,REG_DATE,CONTENT,STADIUM_STATUS) values (11,'축구장(복하천 체육공원) ',2,44,'경기 이천시 안흥동 469 ',to_date('24/05/07','RR/MM/DD'),'수리중','이용불가');
Insert into STADIUM (STADIUM_NO,STADIUM_NAME,SIDO_NAME,SIGUNGU_NAME,DETAILED_ADDRESS,REG_DATE,CONTENT,STADIUM_STATUS) values (13,'테스트세트',1,1,'테스트1',to_date('24/05/08','RR/MM/DD'),'테스트1','양호');
Insert into STADIUM (STADIUM_NO,STADIUM_NAME,SIDO_NAME,SIGUNGU_NAME,DETAILED_ADDRESS,REG_DATE,CONTENT,STADIUM_STATUS) values (14,'테스트세트트',1,1,'테스트',to_date('24/05/08','RR/MM/DD'),'테스트','양호');
Insert into STADIUM (STADIUM_NO,STADIUM_NAME,SIDO_NAME,SIGUNGU_NAME,DETAILED_ADDRESS,REG_DATE,CONTENT,STADIUM_STATUS) values (15,'테스틑',1,1,'테테텥',to_date('24/05/08','RR/MM/DD'),'테테테텥','안좋음');
Insert into STADIUM (STADIUM_NO,STADIUM_NAME,SIDO_NAME,SIGUNGU_NAME,DETAILED_ADDRESS,REG_DATE,CONTENT,STADIUM_STATUS) values (16,'아아아아',1,1,'아아아아',to_date('24/05/08','RR/MM/DD'),'아아아앙','양호');
Insert into STADIUM (STADIUM_NO,STADIUM_NAME,SIDO_NAME,SIGUNGU_NAME,DETAILED_ADDRESS,REG_DATE,CONTENT,STADIUM_STATUS) values (17,'으어어어어',1,1,'우ㅡ어어어어',to_date('24/05/08','RR/MM/DD'),'으아아아아','양호');
REM INSERTING into STADIUM_YANGDO
SET DEFINE OFF;
REM INSERTING into TEAM
SET DEFINE OFF;
Insert into TEAM (T_NO,TEAM_MEMBER,T_NAME) values (1,null,'임시팀');
REM INSERTING into TEAM_MEMBER
SET DEFINE OFF;
REM INSERTING into TEAM_RANKING
SET DEFINE OFF;
REM INSERTING into TEAM_RECORD
SET DEFINE OFF;
REM INSERTING into TEAMMEMBOARD_DAY
SET DEFINE OFF;
Insert into TEAMMEMBOARD_DAY (B_NO,DAY) values (19,6);
Insert into TEAMMEMBOARD_DAY (B_NO,DAY) values (19,7);
Insert into TEAMMEMBOARD_DAY (B_NO,DAY) values (20,3);
Insert into TEAMMEMBOARD_DAY (B_NO,DAY) values (20,4);
Insert into TEAMMEMBOARD_DAY (B_NO,DAY) values (20,6);
Insert into TEAMMEMBOARD_DAY (B_NO,DAY) values (20,7);
Insert into TEAMMEMBOARD_DAY (B_NO,DAY) values (21,6);
Insert into TEAMMEMBOARD_DAY (B_NO,DAY) values (22,5);
Insert into TEAMMEMBOARD_DAY (B_NO,DAY) values (22,6);
Insert into TEAMMEMBOARD_DAY (B_NO,DAY) values (22,7);
Insert into TEAMMEMBOARD_DAY (B_NO,DAY) values (23,5);
Insert into TEAMMEMBOARD_DAY (B_NO,DAY) values (23,6);
Insert into TEAMMEMBOARD_DAY (B_NO,DAY) values (23,7);
Insert into TEAMMEMBOARD_DAY (B_NO,DAY) values (24,2);
Insert into TEAMMEMBOARD_DAY (B_NO,DAY) values (24,3);
Insert into TEAMMEMBOARD_DAY (B_NO,DAY) values (24,4);
Insert into TEAMMEMBOARD_DAY (B_NO,DAY) values (25,1);
Insert into TEAMMEMBOARD_DAY (B_NO,DAY) values (25,2);
Insert into TEAMMEMBOARD_DAY (B_NO,DAY) values (25,3);
Insert into TEAMMEMBOARD_DAY (B_NO,DAY) values (25,4);
Insert into TEAMMEMBOARD_DAY (B_NO,DAY) values (25,5);
Insert into TEAMMEMBOARD_DAY (B_NO,DAY) values (26,4);
Insert into TEAMMEMBOARD_DAY (B_NO,DAY) values (26,5);
Insert into TEAMMEMBOARD_DAY (B_NO,DAY) values (27,3);
Insert into TEAMMEMBOARD_DAY (B_NO,DAY) values (28,4);
Insert into TEAMMEMBOARD_DAY (B_NO,DAY) values (29,1);
Insert into TEAMMEMBOARD_DAY (B_NO,DAY) values (29,2);
Insert into TEAMMEMBOARD_DAY (B_NO,DAY) values (30,5);
Insert into TEAMMEMBOARD_DAY (B_NO,DAY) values (30,6);
Insert into TEAMMEMBOARD_DAY (B_NO,DAY) values (31,5);
Insert into TEAMMEMBOARD_DAY (B_NO,DAY) values (32,2);
Insert into TEAMMEMBOARD_DAY (B_NO,DAY) values (32,4);
Insert into TEAMMEMBOARD_DAY (B_NO,DAY) values (32,6);
Insert into TEAMMEMBOARD_DAY (B_NO,DAY) values (33,4);
Insert into TEAMMEMBOARD_DAY (B_NO,DAY) values (33,5);
Insert into TEAMMEMBOARD_DAY (B_NO,DAY) values (34,4);
Insert into TEAMMEMBOARD_DAY (B_NO,DAY) values (34,5);
Insert into TEAMMEMBOARD_DAY (B_NO,DAY) values (35,2);
Insert into TEAMMEMBOARD_DAY (B_NO,DAY) values (35,3);
Insert into TEAMMEMBOARD_DAY (B_NO,DAY) values (35,4);
Insert into TEAMMEMBOARD_DAY (B_NO,DAY) values (36,1);
Insert into TEAMMEMBOARD_DAY (B_NO,DAY) values (36,2);
Insert into TEAMMEMBOARD_DAY (B_NO,DAY) values (36,3);
REM INSERTING into TEAMMEMBOARD_TIME
SET DEFINE OFF;
Insert into TEAMMEMBOARD_TIME (B_NO,TIME) values (19,'야간');
Insert into TEAMMEMBOARD_TIME (B_NO,TIME) values (19,'오후');
Insert into TEAMMEMBOARD_TIME (B_NO,TIME) values (20,'야간');
Insert into TEAMMEMBOARD_TIME (B_NO,TIME) values (20,'새벽');
Insert into TEAMMEMBOARD_TIME (B_NO,TIME) values (20,'오후');
Insert into TEAMMEMBOARD_TIME (B_NO,TIME) values (21,'야간');
Insert into TEAMMEMBOARD_TIME (B_NO,TIME) values (21,'오후');
Insert into TEAMMEMBOARD_TIME (B_NO,TIME) values (22,'야간');
Insert into TEAMMEMBOARD_TIME (B_NO,TIME) values (22,'오후');
Insert into TEAMMEMBOARD_TIME (B_NO,TIME) values (23,'야간');
Insert into TEAMMEMBOARD_TIME (B_NO,TIME) values (23,'오전');
Insert into TEAMMEMBOARD_TIME (B_NO,TIME) values (23,'오후');
Insert into TEAMMEMBOARD_TIME (B_NO,TIME) values (24,'오전');
Insert into TEAMMEMBOARD_TIME (B_NO,TIME) values (24,'오후');
Insert into TEAMMEMBOARD_TIME (B_NO,TIME) values (25,'야간');
Insert into TEAMMEMBOARD_TIME (B_NO,TIME) values (26,'야간');
Insert into TEAMMEMBOARD_TIME (B_NO,TIME) values (26,'오후');
Insert into TEAMMEMBOARD_TIME (B_NO,TIME) values (27,'오전');
Insert into TEAMMEMBOARD_TIME (B_NO,TIME) values (28,'오후');
Insert into TEAMMEMBOARD_TIME (B_NO,TIME) values (29,'새벽');
Insert into TEAMMEMBOARD_TIME (B_NO,TIME) values (29,'오전');
Insert into TEAMMEMBOARD_TIME (B_NO,TIME) values (30,'새벽');
Insert into TEAMMEMBOARD_TIME (B_NO,TIME) values (31,'오후');
Insert into TEAMMEMBOARD_TIME (B_NO,TIME) values (32,'새벽');
Insert into TEAMMEMBOARD_TIME (B_NO,TIME) values (32,'야간');
Insert into TEAMMEMBOARD_TIME (B_NO,TIME) values (32,'오후');
Insert into TEAMMEMBOARD_TIME (B_NO,TIME) values (33,'오후');
Insert into TEAMMEMBOARD_TIME (B_NO,TIME) values (34,'오후');
Insert into TEAMMEMBOARD_TIME (B_NO,TIME) values (35,'새벽');
Insert into TEAMMEMBOARD_TIME (B_NO,TIME) values (35,'오전');
Insert into TEAMMEMBOARD_TIME (B_NO,TIME) values (36,'새벽');
Insert into TEAMMEMBOARD_TIME (B_NO,TIME) values (36,'오전');
REM INSERTING into TIME_TABLE
SET DEFINE OFF;
Insert into TIME_TABLE (TIME_NO,TIME_RANGE) values (1,'AM06시~AM08시');
Insert into TIME_TABLE (TIME_NO,TIME_RANGE) values (2,'AM08시~AM10시');
Insert into TIME_TABLE (TIME_NO,TIME_RANGE) values (3,'AM10시~AM12시');
Insert into TIME_TABLE (TIME_NO,TIME_RANGE) values (4,'PM12시~PM14시');
Insert into TIME_TABLE (TIME_NO,TIME_RANGE) values (5,'PM14시~PM16시');
Insert into TIME_TABLE (TIME_NO,TIME_RANGE) values (6,'PM16시~PM18시');
Insert into TIME_TABLE (TIME_NO,TIME_RANGE) values (7,'PM18시~PM20시');
Insert into TIME_TABLE (TIME_NO,TIME_RANGE) values (8,'PM20시~PM22시');
Insert into TIME_TABLE (TIME_NO,TIME_RANGE) values (9,'PM22시~PM24시');
Insert into TIME_TABLE (TIME_NO,TIME_RANGE) values (10,'AM02시~AM04시');
Insert into TIME_TABLE (TIME_NO,TIME_RANGE) values (11,'AM04시~AM06시');
REM INSERTING into TOURNAMENT
SET DEFINE OFF;
Insert into TOURNAMENT (SUBJECT,REGION,CONTENT,REGIST_START,REGIST_END,LIST_NO,REG_DATE) values ('코스모배 제1회 축구대회','서울','이기면 백원',to_date('24/04/25','RR/MM/DD'),to_date('24/06/18','RR/MM/DD'),1,to_date('24/05/09','RR/MM/DD'));
Insert into TOURNAMENT (SUBJECT,REGION,CONTENT,REGIST_START,REGIST_END,LIST_NO,REG_DATE) values ('팀장배  제1회 축구대회','경기','이기면 이백원',to_date('24/05/25','RR/MM/DD'),to_date('24/06/18','RR/MM/DD'),2,to_date('24/05/09','RR/MM/DD'));
Insert into TOURNAMENT (SUBJECT,REGION,CONTENT,REGIST_START,REGIST_END,LIST_NO,REG_DATE) values ('피카츄배 제1회 축구대회','충청','이기면 포켓몬빵',to_date('24/03/25','RR/MM/DD'),to_date('24/06/18','RR/MM/DD'),3,to_date('24/05/09','RR/MM/DD'));
Insert into TOURNAMENT (SUBJECT,REGION,CONTENT,REGIST_START,REGIST_END,LIST_NO,REG_DATE) values ('왕재덕배 제1회 축구대회','제주','이기면 만원',to_date('24/01/01','RR/MM/DD'),to_date('24/03/01','RR/MM/DD'),4,to_date('24/05/09','RR/MM/DD'));
--------------------------------------------------------
--  DDL for Index SYS_C007678
--------------------------------------------------------

  CREATE UNIQUE INDEX "SYS_C007678" ON "BOOKING" ("BOOKING_NO") PCTFREE 10 INITRANS 2 MAXTRANS 255 COMPUTE STATISTICS  STORAGE(INITIAL 65536 NEXT 1048576 MINEXTENTS 1 MAXEXTENTS 2147483645 PCTINCREASE 0 FREELISTS 1 FREELIST GROUPS 1 BUFFER_POOL DEFAULT FLASH_CACHE DEFAULT CELL_FLASH_CACHE DEFAULT);
--------------------------------------------------------
--  DDL for Index UC_BOOKING_DATE_TIME
--------------------------------------------------------

  CREATE UNIQUE INDEX "UC_BOOKING_DATE_TIME" ON "BOOKING" ("BOOKING_DATE", "TIME_SLOT") PCTFREE 10 INITRANS 2 MAXTRANS 255 COMPUTE STATISTICS  STORAGE(INITIAL 65536 NEXT 1048576 MINEXTENTS 1 MAXEXTENTS 2147483645 PCTINCREASE 0 FREELISTS 1 FREELIST GROUPS 1 BUFFER_POOL DEFAULT FLASH_CACHE DEFAULT CELL_FLASH_CACHE DEFAULT);
--------------------------------------------------------
--  DDL for Index SYS_C007387
--------------------------------------------------------

  CREATE UNIQUE INDEX "SYS_C007387" ON "BUY" ("BUY_NO") PCTFREE 10 INITRANS 2 MAXTRANS 255 COMPUTE STATISTICS  STORAGE(INITIAL 65536 NEXT 1048576 MINEXTENTS 1 MAXEXTENTS 2147483645 PCTINCREASE 0 FREELISTS 1 FREELIST GROUPS 1 BUFFER_POOL DEFAULT FLASH_CACHE DEFAULT CELL_FLASH_CACHE DEFAULT);
--------------------------------------------------------
--  DDL for Index SYS_C007527
--------------------------------------------------------

  CREATE UNIQUE INDEX "SYS_C007527" ON "CUSTOMERSERVICE_CATEGORY" ("CUSTOMERSERVICE_CATEGORYNO") PCTFREE 10 INITRANS 2 MAXTRANS 255 COMPUTE STATISTICS  STORAGE(INITIAL 65536 NEXT 1048576 MINEXTENTS 1 MAXEXTENTS 2147483645 PCTINCREASE 0 FREELISTS 1 FREELIST GROUPS 1 BUFFER_POOL DEFAULT FLASH_CACHE DEFAULT CELL_FLASH_CACHE DEFAULT);
--------------------------------------------------------
--  DDL for Index SYS_C007374
--------------------------------------------------------

  CREATE UNIQUE INDEX "SYS_C007374" ON "DAY_OF_WEEK" ("DAY_NO") PCTFREE 10 INITRANS 2 MAXTRANS 255 COMPUTE STATISTICS  STORAGE(INITIAL 65536 NEXT 1048576 MINEXTENTS 1 MAXEXTENTS 2147483645 PCTINCREASE 0 FREELISTS 1 FREELIST GROUPS 1 BUFFER_POOL DEFAULT FLASH_CACHE DEFAULT CELL_FLASH_CACHE DEFAULT);
--------------------------------------------------------
--  DDL for Index SYS_C007391
--------------------------------------------------------

  CREATE UNIQUE INDEX "SYS_C007391" ON "FREE_SHARING" ("FREE_SHARING_NO") PCTFREE 10 INITRANS 2 MAXTRANS 255 COMPUTE STATISTICS  STORAGE(INITIAL 65536 NEXT 1048576 MINEXTENTS 1 MAXEXTENTS 2147483645 PCTINCREASE 0 FREELISTS 1 FREELIST GROUPS 1 BUFFER_POOL DEFAULT FLASH_CACHE DEFAULT CELL_FLASH_CACHE DEFAULT);
--------------------------------------------------------
--  DDL for Index SYS_C007393
--------------------------------------------------------

  CREATE UNIQUE INDEX "SYS_C007393" ON "FREE_SHARING_COMMENT" ("COMMENT_NO") PCTFREE 10 INITRANS 2 MAXTRANS 255 COMPUTE STATISTICS  STORAGE(INITIAL 65536 NEXT 1048576 MINEXTENTS 1 MAXEXTENTS 2147483645 PCTINCREASE 0 FREELISTS 1 FREELIST GROUPS 1 BUFFER_POOL DEFAULT FLASH_CACHE DEFAULT CELL_FLASH_CACHE DEFAULT);
--------------------------------------------------------
--  DDL for Index SYS_C007217
--------------------------------------------------------

  CREATE UNIQUE INDEX "SYS_C007217" ON "FREEBOARD" ("B_NO") PCTFREE 10 INITRANS 2 MAXTRANS 255 COMPUTE STATISTICS  STORAGE(INITIAL 65536 NEXT 1048576 MINEXTENTS 1 MAXEXTENTS 2147483645 PCTINCREASE 0 FREELISTS 1 FREELIST GROUPS 1 BUFFER_POOL DEFAULT FLASH_CACHE DEFAULT CELL_FLASH_CACHE DEFAULT);
--------------------------------------------------------
--  DDL for Index SYS_C007255
--------------------------------------------------------

  CREATE UNIQUE INDEX "SYS_C007255" ON "FREEBOARD_COMMENT" ("COMMENT_NO") PCTFREE 10 INITRANS 2 MAXTRANS 255 COMPUTE STATISTICS  STORAGE(INITIAL 65536 NEXT 1048576 MINEXTENTS 1 MAXEXTENTS 2147483645 PCTINCREASE 0 FREELISTS 1 FREELIST GROUPS 1 BUFFER_POOL DEFAULT FLASH_CACHE DEFAULT CELL_FLASH_CACHE DEFAULT);
--------------------------------------------------------
--  DDL for Index SYS_C007396
--------------------------------------------------------

  CREATE UNIQUE INDEX "SYS_C007396" ON "MATCH" ("MATCH_NO") PCTFREE 10 INITRANS 2 MAXTRANS 255 COMPUTE STATISTICS  STORAGE(INITIAL 65536 NEXT 1048576 MINEXTENTS 1 MAXEXTENTS 2147483645 PCTINCREASE 0 FREELISTS 1 FREELIST GROUPS 1 BUFFER_POOL DEFAULT FLASH_CACHE DEFAULT CELL_FLASH_CACHE DEFAULT);
--------------------------------------------------------
--  DDL for Index SYS_C007320
--------------------------------------------------------

  CREATE UNIQUE INDEX "SYS_C007320" ON "MEMBER" ("M_NO") PCTFREE 10 INITRANS 2 MAXTRANS 255 COMPUTE STATISTICS  STORAGE(INITIAL 65536 NEXT 1048576 MINEXTENTS 1 MAXEXTENTS 2147483645 PCTINCREASE 0 FREELISTS 1 FREELIST GROUPS 1 BUFFER_POOL DEFAULT FLASH_CACHE DEFAULT CELL_FLASH_CACHE DEFAULT);
--------------------------------------------------------
--  DDL for Index SYS_C007321
--------------------------------------------------------

  CREATE UNIQUE INDEX "SYS_C007321" ON "MEMBER" ("MID") PCTFREE 10 INITRANS 2 MAXTRANS 255 COMPUTE STATISTICS  STORAGE(INITIAL 65536 NEXT 1048576 MINEXTENTS 1 MAXEXTENTS 2147483645 PCTINCREASE 0 FREELISTS 1 FREELIST GROUPS 1 BUFFER_POOL DEFAULT FLASH_CACHE DEFAULT CELL_FLASH_CACHE DEFAULT);
--------------------------------------------------------
--  DDL for Index SYS_C007322
--------------------------------------------------------

  CREATE UNIQUE INDEX "SYS_C007322" ON "MEMBER" ("NICKNAME") PCTFREE 10 INITRANS 2 MAXTRANS 255 COMPUTE STATISTICS  STORAGE(INITIAL 65536 NEXT 1048576 MINEXTENTS 1 MAXEXTENTS 2147483645 PCTINCREASE 0 FREELISTS 1 FREELIST GROUPS 1 BUFFER_POOL DEFAULT FLASH_CACHE DEFAULT CELL_FLASH_CACHE DEFAULT);
--------------------------------------------------------
--  DDL for Index SYS_C007323
--------------------------------------------------------

  CREATE UNIQUE INDEX "SYS_C007323" ON "MEMBER" ("EMAIL") PCTFREE 10 INITRANS 2 MAXTRANS 255 COMPUTE STATISTICS  STORAGE(INITIAL 65536 NEXT 1048576 MINEXTENTS 1 MAXEXTENTS 2147483645 PCTINCREASE 0 FREELISTS 1 FREELIST GROUPS 1 BUFFER_POOL DEFAULT FLASH_CACHE DEFAULT CELL_FLASH_CACHE DEFAULT);
--------------------------------------------------------
--  DDL for Index SYS_C007324
--------------------------------------------------------

  CREATE UNIQUE INDEX "SYS_C007324" ON "MEMBER" ("PHONE") PCTFREE 10 INITRANS 2 MAXTRANS 255 COMPUTE STATISTICS  STORAGE(INITIAL 65536 NEXT 1048576 MINEXTENTS 1 MAXEXTENTS 2147483645 PCTINCREASE 0 FREELISTS 1 FREELIST GROUPS 1 BUFFER_POOL DEFAULT FLASH_CACHE DEFAULT CELL_FLASH_CACHE DEFAULT);
--------------------------------------------------------
--  DDL for Index SYS_C007462
--------------------------------------------------------

  CREATE UNIQUE INDEX "SYS_C007462" ON "MEMBER_DETAIL" ("MEMBER") PCTFREE 10 INITRANS 2 MAXTRANS 255 COMPUTE STATISTICS  STORAGE(INITIAL 65536 NEXT 1048576 MINEXTENTS 1 MAXEXTENTS 2147483645 PCTINCREASE 0 FREELISTS 1 FREELIST GROUPS 1 BUFFER_POOL DEFAULT FLASH_CACHE DEFAULT CELL_FLASH_CACHE DEFAULT);
--------------------------------------------------------
--  DDL for Index SYS_C007364
--------------------------------------------------------

  CREATE UNIQUE INDEX "SYS_C007364" ON "MERCENARY_RECRUITMENT" ("RECRUITMENT_NO") PCTFREE 10 INITRANS 2 MAXTRANS 255 COMPUTE STATISTICS  STORAGE(INITIAL 65536 NEXT 1048576 MINEXTENTS 1 MAXEXTENTS 2147483645 PCTINCREASE 0 FREELISTS 1 FREELIST GROUPS 1 BUFFER_POOL DEFAULT FLASH_CACHE DEFAULT CELL_FLASH_CACHE DEFAULT);
--------------------------------------------------------
--  DDL for Index SYS_C007225
--------------------------------------------------------

  CREATE UNIQUE INDEX "SYS_C007225" ON "NOTICEBOARD" ("B_NO") PCTFREE 10 INITRANS 2 MAXTRANS 255 COMPUTE STATISTICS  STORAGE(INITIAL 65536 NEXT 1048576 MINEXTENTS 1 MAXEXTENTS 2147483645 PCTINCREASE 0 FREELISTS 1 FREELIST GROUPS 1 BUFFER_POOL DEFAULT FLASH_CACHE DEFAULT CELL_FLASH_CACHE DEFAULT);
--------------------------------------------------------
--  DDL for Index SYS_C007414
--------------------------------------------------------

  CREATE UNIQUE INDEX "SYS_C007414" ON "PLAYER_RANKING" ("RANKING_NO") PCTFREE 10 INITRANS 2 MAXTRANS 255 COMPUTE STATISTICS  STORAGE(INITIAL 65536 NEXT 1048576 MINEXTENTS 1 MAXEXTENTS 2147483645 PCTINCREASE 0 FREELISTS 1 FREELIST GROUPS 1 BUFFER_POOL DEFAULT FLASH_CACHE DEFAULT CELL_FLASH_CACHE DEFAULT);
--------------------------------------------------------
--  DDL for Index SYS_C007464
--------------------------------------------------------

  CREATE UNIQUE INDEX "SYS_C007464" ON "PLAYER_RECORD" ("PLAYER") PCTFREE 10 INITRANS 2 MAXTRANS 255 COMPUTE STATISTICS  STORAGE(INITIAL 65536 NEXT 1048576 MINEXTENTS 1 MAXEXTENTS 2147483645 PCTINCREASE 0 FREELISTS 1 FREELIST GROUPS 1 BUFFER_POOL DEFAULT FLASH_CACHE DEFAULT CELL_FLASH_CACHE DEFAULT);
--------------------------------------------------------
--  DDL for Index SYS_C007550
--------------------------------------------------------

  CREATE UNIQUE INDEX "SYS_C007550" ON "QNABOARD" ("B_NO") PCTFREE 10 INITRANS 2 MAXTRANS 255 COMPUTE STATISTICS  STORAGE(INITIAL 65536 NEXT 1048576 MINEXTENTS 1 MAXEXTENTS 2147483645 PCTINCREASE 0 FREELISTS 1 FREELIST GROUPS 1 BUFFER_POOL DEFAULT FLASH_CACHE DEFAULT CELL_FLASH_CACHE DEFAULT);
--------------------------------------------------------
--  DDL for Index B_NO_PK
--------------------------------------------------------

  CREATE UNIQUE INDEX "B_NO_PK" ON "RECRUIT_TEAMMEMBOARD" ("B_NO") PCTFREE 10 INITRANS 2 MAXTRANS 255 COMPUTE STATISTICS  STORAGE(INITIAL 65536 NEXT 1048576 MINEXTENTS 1 MAXEXTENTS 2147483645 PCTINCREASE 0 FREELISTS 1 FREELIST GROUPS 1 BUFFER_POOL DEFAULT FLASH_CACHE DEFAULT CELL_FLASH_CACHE DEFAULT);
--------------------------------------------------------
--  DDL for Index SYS_C007383
--------------------------------------------------------

  CREATE UNIQUE INDEX "SYS_C007383" ON "RESERVATION" ("RESERVATION_NO") PCTFREE 10 INITRANS 2 MAXTRANS 255 COMPUTE STATISTICS  STORAGE(INITIAL 65536 NEXT 1048576 MINEXTENTS 1 MAXEXTENTS 2147483645 PCTINCREASE 0 FREELISTS 1 FREELIST GROUPS 1 BUFFER_POOL DEFAULT FLASH_CACHE DEFAULT CELL_FLASH_CACHE DEFAULT);
--------------------------------------------------------
--  DDL for Index SYS_C007389
--------------------------------------------------------

  CREATE UNIQUE INDEX "SYS_C007389" ON "SALE" ("SALE_NO") PCTFREE 10 INITRANS 2 MAXTRANS 255 COMPUTE STATISTICS  STORAGE(INITIAL 65536 NEXT 1048576 MINEXTENTS 1 MAXEXTENTS 2147483645 PCTINCREASE 0 FREELISTS 1 FREELIST GROUPS 1 BUFFER_POOL DEFAULT FLASH_CACHE DEFAULT CELL_FLASH_CACHE DEFAULT);
--------------------------------------------------------
--  DDL for Index SYS_C007245
--------------------------------------------------------

  CREATE UNIQUE INDEX "SYS_C007245" ON "SIDO" ("SIDO_ID") PCTFREE 10 INITRANS 2 MAXTRANS 255 COMPUTE STATISTICS  STORAGE(INITIAL 65536 NEXT 1048576 MINEXTENTS 1 MAXEXTENTS 2147483645 PCTINCREASE 0 FREELISTS 1 FREELIST GROUPS 1 BUFFER_POOL DEFAULT FLASH_CACHE DEFAULT CELL_FLASH_CACHE DEFAULT);
--------------------------------------------------------
--  DDL for Index PK_SIGUNGU
--------------------------------------------------------

  CREATE UNIQUE INDEX "PK_SIGUNGU" ON "SIGUNGU" ("SIGUNGU_ID") PCTFREE 10 INITRANS 2 MAXTRANS 255 COMPUTE STATISTICS  STORAGE(INITIAL 65536 NEXT 1048576 MINEXTENTS 1 MAXEXTENTS 2147483645 PCTINCREASE 0 FREELISTS 1 FREELIST GROUPS 1 BUFFER_POOL DEFAULT FLASH_CACHE DEFAULT CELL_FLASH_CACHE DEFAULT);
--------------------------------------------------------
--  DDL for Index SYS_C007246
--------------------------------------------------------

  CREATE UNIQUE INDEX "SYS_C007246" ON "SIGUNGU(tmp)" ("SIGUNGU_ID") PCTFREE 10 INITRANS 2 MAXTRANS 255 COMPUTE STATISTICS  STORAGE(INITIAL 65536 NEXT 1048576 MINEXTENTS 1 MAXEXTENTS 2147483645 PCTINCREASE 0 FREELISTS 1 FREELIST GROUPS 1 BUFFER_POOL DEFAULT FLASH_CACHE DEFAULT CELL_FLASH_CACHE DEFAULT);
--------------------------------------------------------
--  DDL for Index SYS_C007380
--------------------------------------------------------

  CREATE UNIQUE INDEX "SYS_C007380" ON "STADIUM" ("STADIUM_NO") PCTFREE 10 INITRANS 2 MAXTRANS 255 COMPUTE STATISTICS  STORAGE(INITIAL 65536 NEXT 1048576 MINEXTENTS 1 MAXEXTENTS 2147483645 PCTINCREASE 0 FREELISTS 1 FREELIST GROUPS 1 BUFFER_POOL DEFAULT FLASH_CACHE DEFAULT CELL_FLASH_CACHE DEFAULT);
--------------------------------------------------------
--  DDL for Index SYS_C007402
--------------------------------------------------------

  CREATE UNIQUE INDEX "SYS_C007402" ON "STADIUM_YANGDO" ("YANGDO_NO") PCTFREE 10 INITRANS 2 MAXTRANS 255 COMPUTE STATISTICS  STORAGE(INITIAL 65536 NEXT 1048576 MINEXTENTS 1 MAXEXTENTS 2147483645 PCTINCREASE 0 FREELISTS 1 FREELIST GROUPS 1 BUFFER_POOL DEFAULT FLASH_CACHE DEFAULT CELL_FLASH_CACHE DEFAULT);
--------------------------------------------------------
--  DDL for Index SYS_C007344
--------------------------------------------------------

  CREATE UNIQUE INDEX "SYS_C007344" ON "TEAM" ("T_NO") PCTFREE 10 INITRANS 2 MAXTRANS 255 COMPUTE STATISTICS  STORAGE(INITIAL 65536 NEXT 1048576 MINEXTENTS 1 MAXEXTENTS 2147483645 PCTINCREASE 0 FREELISTS 1 FREELIST GROUPS 1 BUFFER_POOL DEFAULT FLASH_CACHE DEFAULT CELL_FLASH_CACHE DEFAULT);
--------------------------------------------------------
--  DDL for Index SYS_C007350
--------------------------------------------------------

  CREATE UNIQUE INDEX "SYS_C007350" ON "TEAM_MEMBER" ("TEAM_MEMBER_NO") PCTFREE 10 INITRANS 2 MAXTRANS 255 COMPUTE STATISTICS  STORAGE(INITIAL 65536 NEXT 1048576 MINEXTENTS 1 MAXEXTENTS 2147483645 PCTINCREASE 0 FREELISTS 1 FREELIST GROUPS 1 BUFFER_POOL DEFAULT FLASH_CACHE DEFAULT CELL_FLASH_CACHE DEFAULT);
--------------------------------------------------------
--  DDL for Index SYS_C007412
--------------------------------------------------------

  CREATE UNIQUE INDEX "SYS_C007412" ON "TEAM_RANKING" ("RANKING_NO") PCTFREE 10 INITRANS 2 MAXTRANS 255 COMPUTE STATISTICS  STORAGE(INITIAL 65536 NEXT 1048576 MINEXTENTS 1 MAXEXTENTS 2147483645 PCTINCREASE 0 FREELISTS 1 FREELIST GROUPS 1 BUFFER_POOL DEFAULT FLASH_CACHE DEFAULT CELL_FLASH_CACHE DEFAULT);
--------------------------------------------------------
--  DDL for Index SYS_C007404
--------------------------------------------------------

  CREATE UNIQUE INDEX "SYS_C007404" ON "TEAM_RECORD" ("TEAM_RECORD_NO") PCTFREE 10 INITRANS 2 MAXTRANS 255 COMPUTE STATISTICS  STORAGE(INITIAL 65536 NEXT 1048576 MINEXTENTS 1 MAXEXTENTS 2147483645 PCTINCREASE 0 FREELISTS 1 FREELIST GROUPS 1 BUFFER_POOL DEFAULT FLASH_CACHE DEFAULT CELL_FLASH_CACHE DEFAULT);
--------------------------------------------------------
--  DDL for Index SYS_C007378
--------------------------------------------------------

  CREATE UNIQUE INDEX "SYS_C007378" ON "TIME_TABLE" ("TIME_NO") PCTFREE 10 INITRANS 2 MAXTRANS 255 COMPUTE STATISTICS  STORAGE(INITIAL 65536 NEXT 1048576 MINEXTENTS 1 MAXEXTENTS 2147483645 PCTINCREASE 0 FREELISTS 1 FREELIST GROUPS 1 BUFFER_POOL DEFAULT FLASH_CACHE DEFAULT CELL_FLASH_CACHE DEFAULT);
--------------------------------------------------------
--  Constraints for Table BOOKING
--------------------------------------------------------

  ALTER TABLE "BOOKING" MODIFY ("M_NO" NOT NULL ENABLE);
  ALTER TABLE "BOOKING" ADD CONSTRAINT "UC_BOOKING_DATE_TIME" UNIQUE ("BOOKING_DATE", "TIME_SLOT") USING INDEX PCTFREE 10 INITRANS 2 MAXTRANS 255 COMPUTE STATISTICS  STORAGE(INITIAL 65536 NEXT 1048576 MINEXTENTS 1 MAXEXTENTS 2147483645 PCTINCREASE 0 FREELISTS 1 FREELIST GROUPS 1 BUFFER_POOL DEFAULT FLASH_CACHE DEFAULT CELL_FLASH_CACHE DEFAULT) ENABLE;
  ALTER TABLE "BOOKING" ADD PRIMARY KEY ("BOOKING_NO") USING INDEX PCTFREE 10 INITRANS 2 MAXTRANS 255 COMPUTE STATISTICS  STORAGE(INITIAL 65536 NEXT 1048576 MINEXTENTS 1 MAXEXTENTS 2147483645 PCTINCREASE 0 FREELISTS 1 FREELIST GROUPS 1 BUFFER_POOL DEFAULT FLASH_CACHE DEFAULT CELL_FLASH_CACHE DEFAULT) ENABLE;
  ALTER TABLE "BOOKING" MODIFY ("TIME_SLOT" NOT NULL ENABLE);
  ALTER TABLE "BOOKING" MODIFY ("BOOKING_DATE" NOT NULL ENABLE);
  ALTER TABLE "BOOKING" MODIFY ("STADIUM_NO" NOT NULL ENABLE);
--------------------------------------------------------
--  Constraints for Table BUY
--------------------------------------------------------

  ALTER TABLE "BUY" ADD PRIMARY KEY ("BUY_NO") USING INDEX PCTFREE 10 INITRANS 2 MAXTRANS 255 COMPUTE STATISTICS  STORAGE(INITIAL 65536 NEXT 1048576 MINEXTENTS 1 MAXEXTENTS 2147483645 PCTINCREASE 0 FREELISTS 1 FREELIST GROUPS 1 BUFFER_POOL DEFAULT FLASH_CACHE DEFAULT CELL_FLASH_CACHE DEFAULT) ENABLE;
--------------------------------------------------------
--  Constraints for Table CUSTOMERSERVICE
--------------------------------------------------------

  ALTER TABLE "CUSTOMERSERVICE" MODIFY ("CUSTOMERSERVICE_CONTENT" NOT NULL ENABLE);
  ALTER TABLE "CUSTOMERSERVICE" MODIFY ("CUSTOMERSERVICE_SUBJECT" NOT NULL ENABLE);
  ALTER TABLE "CUSTOMERSERVICE" MODIFY ("CUSTOMERSERVICE_CATEGORYNO" NOT NULL ENABLE);
--------------------------------------------------------
--  Constraints for Table CUSTOMERSERVICE_CATEGORY
--------------------------------------------------------

  ALTER TABLE "CUSTOMERSERVICE_CATEGORY" ADD PRIMARY KEY ("CUSTOMERSERVICE_CATEGORYNO") USING INDEX PCTFREE 10 INITRANS 2 MAXTRANS 255 COMPUTE STATISTICS  STORAGE(INITIAL 65536 NEXT 1048576 MINEXTENTS 1 MAXEXTENTS 2147483645 PCTINCREASE 0 FREELISTS 1 FREELIST GROUPS 1 BUFFER_POOL DEFAULT FLASH_CACHE DEFAULT CELL_FLASH_CACHE DEFAULT) ENABLE;
  ALTER TABLE "CUSTOMERSERVICE_CATEGORY" MODIFY ("CUSTOMERSERVICE_CATEGORYNAME" NOT NULL ENABLE);
  ALTER TABLE "CUSTOMERSERVICE_CATEGORY" MODIFY ("CUSTOMERSERVICE_CATEGORYNO" NOT NULL ENABLE);
--------------------------------------------------------
--  Constraints for Table DAY_OF_WEEK
--------------------------------------------------------

  ALTER TABLE "DAY_OF_WEEK" ADD PRIMARY KEY ("DAY_NO") USING INDEX PCTFREE 10 INITRANS 2 MAXTRANS 255 COMPUTE STATISTICS  STORAGE(INITIAL 65536 NEXT 1048576 MINEXTENTS 1 MAXEXTENTS 2147483645 PCTINCREASE 0 FREELISTS 1 FREELIST GROUPS 1 BUFFER_POOL DEFAULT FLASH_CACHE DEFAULT CELL_FLASH_CACHE DEFAULT) ENABLE;
  ALTER TABLE "DAY_OF_WEEK" MODIFY ("DAY_NAME" NOT NULL ENABLE);
--------------------------------------------------------
--  Constraints for Table FREE_SHARING
--------------------------------------------------------

  ALTER TABLE "FREE_SHARING" ADD PRIMARY KEY ("FREE_SHARING_NO") USING INDEX PCTFREE 10 INITRANS 2 MAXTRANS 255 COMPUTE STATISTICS  STORAGE(INITIAL 65536 NEXT 1048576 MINEXTENTS 1 MAXEXTENTS 2147483645 PCTINCREASE 0 FREELISTS 1 FREELIST GROUPS 1 BUFFER_POOL DEFAULT FLASH_CACHE DEFAULT CELL_FLASH_CACHE DEFAULT) ENABLE;
--------------------------------------------------------
--  Constraints for Table FREE_SHARING_COMMENT
--------------------------------------------------------

  ALTER TABLE "FREE_SHARING_COMMENT" ADD PRIMARY KEY ("COMMENT_NO") USING INDEX PCTFREE 10 INITRANS 2 MAXTRANS 255 COMPUTE STATISTICS  STORAGE(INITIAL 65536 NEXT 1048576 MINEXTENTS 1 MAXEXTENTS 2147483645 PCTINCREASE 0 FREELISTS 1 FREELIST GROUPS 1 BUFFER_POOL DEFAULT FLASH_CACHE DEFAULT CELL_FLASH_CACHE DEFAULT) ENABLE;
--------------------------------------------------------
--  Constraints for Table FREEBOARD
--------------------------------------------------------

  ALTER TABLE "FREEBOARD" ADD PRIMARY KEY ("B_NO") USING INDEX PCTFREE 10 INITRANS 2 MAXTRANS 255 COMPUTE STATISTICS  STORAGE(INITIAL 65536 NEXT 1048576 MINEXTENTS 1 MAXEXTENTS 2147483645 PCTINCREASE 0 FREELISTS 1 FREELIST GROUPS 1 BUFFER_POOL DEFAULT FLASH_CACHE DEFAULT CELL_FLASH_CACHE DEFAULT) ENABLE;
  ALTER TABLE "FREEBOARD" MODIFY ("CONTENT" NOT NULL ENABLE);
  ALTER TABLE "FREEBOARD" MODIFY ("WRITER" NOT NULL ENABLE);
  ALTER TABLE "FREEBOARD" MODIFY ("SUBJECT" NOT NULL ENABLE);
--------------------------------------------------------
--  Constraints for Table FREEBOARD_COMMENT
--------------------------------------------------------

  ALTER TABLE "FREEBOARD_COMMENT" ADD PRIMARY KEY ("COMMENT_NO") USING INDEX PCTFREE 10 INITRANS 2 MAXTRANS 255 COMPUTE STATISTICS  STORAGE(INITIAL 65536 NEXT 1048576 MINEXTENTS 1 MAXEXTENTS 2147483645 PCTINCREASE 0 FREELISTS 1 FREELIST GROUPS 1 BUFFER_POOL DEFAULT FLASH_CACHE DEFAULT CELL_FLASH_CACHE DEFAULT) ENABLE;
  ALTER TABLE "FREEBOARD_COMMENT" MODIFY ("PRINT_LEVEL" NOT NULL ENABLE);
  ALTER TABLE "FREEBOARD_COMMENT" MODIFY ("PRINT_NO" NOT NULL ENABLE);
  ALTER TABLE "FREEBOARD_COMMENT" MODIFY ("GROUP_NO" NOT NULL ENABLE);
  ALTER TABLE "FREEBOARD_COMMENT" MODIFY ("CONTENT" NOT NULL ENABLE);
  ALTER TABLE "FREEBOARD_COMMENT" MODIFY ("NICK_NAME" NOT NULL ENABLE);
  ALTER TABLE "FREEBOARD_COMMENT" MODIFY ("B_NO" NOT NULL ENABLE);
  ALTER TABLE "FREEBOARD_COMMENT" MODIFY ("COMMENT_NO" NOT NULL ENABLE);
--------------------------------------------------------
--  Constraints for Table HIRED_RECRUITMENT
--------------------------------------------------------

  ALTER TABLE "HIRED_RECRUITMENT" MODIFY ("CONTENT" NOT NULL ENABLE);
  ALTER TABLE "HIRED_RECRUITMENT" MODIFY ("WRITER" NOT NULL ENABLE);
  ALTER TABLE "HIRED_RECRUITMENT" MODIFY ("TITLE" NOT NULL ENABLE);
--------------------------------------------------------
--  Constraints for Table HIRED_TEST
--------------------------------------------------------

  ALTER TABLE "HIRED_TEST" MODIFY ("CONTENT" NOT NULL ENABLE);
  ALTER TABLE "HIRED_TEST" MODIFY ("WRITER" NOT NULL ENABLE);
  ALTER TABLE "HIRED_TEST" MODIFY ("TITLE" NOT NULL ENABLE);
--------------------------------------------------------
--  Constraints for Table IMAGEBOARD
--------------------------------------------------------

  ALTER TABLE "IMAGEBOARD" MODIFY ("CONTENT" NOT NULL ENABLE);
  ALTER TABLE "IMAGEBOARD" MODIFY ("WRITER" NOT NULL ENABLE);
  ALTER TABLE "IMAGEBOARD" MODIFY ("SUBJECT" NOT NULL ENABLE);
  ALTER TABLE "IMAGEBOARD" MODIFY ("B_NO" NOT NULL ENABLE);
--------------------------------------------------------
--  Constraints for Table LESSON_RECRUITMENT
--------------------------------------------------------

  ALTER TABLE "LESSON_RECRUITMENT" MODIFY ("MONEY" NOT NULL ENABLE);
  ALTER TABLE "LESSON_RECRUITMENT" MODIFY ("CONTENT" NOT NULL ENABLE);
  ALTER TABLE "LESSON_RECRUITMENT" MODIFY ("WRITER" NOT NULL ENABLE);
  ALTER TABLE "LESSON_RECRUITMENT" MODIFY ("TITLE" NOT NULL ENABLE);
  ALTER TABLE "LESSON_RECRUITMENT" MODIFY ("RECRUITMENT_NO" NOT NULL ENABLE);
--------------------------------------------------------
--  Constraints for Table MATCH
--------------------------------------------------------

  ALTER TABLE "MATCH" ADD PRIMARY KEY ("MATCH_NO") USING INDEX PCTFREE 10 INITRANS 2 MAXTRANS 255 COMPUTE STATISTICS  STORAGE(INITIAL 65536 NEXT 1048576 MINEXTENTS 1 MAXEXTENTS 2147483645 PCTINCREASE 0 FREELISTS 1 FREELIST GROUPS 1 BUFFER_POOL DEFAULT FLASH_CACHE DEFAULT CELL_FLASH_CACHE DEFAULT) ENABLE;
--------------------------------------------------------
--  Constraints for Table MEMBER
--------------------------------------------------------

  ALTER TABLE "MEMBER" ADD UNIQUE ("PHONE") USING INDEX PCTFREE 10 INITRANS 2 MAXTRANS 255 COMPUTE STATISTICS  STORAGE(INITIAL 65536 NEXT 1048576 MINEXTENTS 1 MAXEXTENTS 2147483645 PCTINCREASE 0 FREELISTS 1 FREELIST GROUPS 1 BUFFER_POOL DEFAULT FLASH_CACHE DEFAULT CELL_FLASH_CACHE DEFAULT) ENABLE;
  ALTER TABLE "MEMBER" ADD UNIQUE ("EMAIL") USING INDEX PCTFREE 10 INITRANS 2 MAXTRANS 255 COMPUTE STATISTICS  STORAGE(INITIAL 65536 NEXT 1048576 MINEXTENTS 1 MAXEXTENTS 2147483645 PCTINCREASE 0 FREELISTS 1 FREELIST GROUPS 1 BUFFER_POOL DEFAULT FLASH_CACHE DEFAULT CELL_FLASH_CACHE DEFAULT) ENABLE;
  ALTER TABLE "MEMBER" ADD UNIQUE ("NICKNAME") USING INDEX PCTFREE 10 INITRANS 2 MAXTRANS 255 COMPUTE STATISTICS  STORAGE(INITIAL 65536 NEXT 1048576 MINEXTENTS 1 MAXEXTENTS 2147483645 PCTINCREASE 0 FREELISTS 1 FREELIST GROUPS 1 BUFFER_POOL DEFAULT FLASH_CACHE DEFAULT CELL_FLASH_CACHE DEFAULT) ENABLE;
  ALTER TABLE "MEMBER" ADD UNIQUE ("MID") USING INDEX PCTFREE 10 INITRANS 2 MAXTRANS 255 COMPUTE STATISTICS  STORAGE(INITIAL 65536 NEXT 1048576 MINEXTENTS 1 MAXEXTENTS 2147483645 PCTINCREASE 0 FREELISTS 1 FREELIST GROUPS 1 BUFFER_POOL DEFAULT FLASH_CACHE DEFAULT CELL_FLASH_CACHE DEFAULT) ENABLE;
  ALTER TABLE "MEMBER" ADD PRIMARY KEY ("M_NO") USING INDEX PCTFREE 10 INITRANS 2 MAXTRANS 255 COMPUTE STATISTICS  STORAGE(INITIAL 65536 NEXT 1048576 MINEXTENTS 1 MAXEXTENTS 2147483645 PCTINCREASE 0 FREELISTS 1 FREELIST GROUPS 1 BUFFER_POOL DEFAULT FLASH_CACHE DEFAULT CELL_FLASH_CACHE DEFAULT) ENABLE;
  ALTER TABLE "MEMBER" ADD CHECK (Gender IN ('남', '여')) ENABLE;
  ALTER TABLE "MEMBER" MODIFY ("DETAIL_ADDRESS" NOT NULL ENABLE);
  ALTER TABLE "MEMBER" MODIFY ("SIGUNGU_ID" NOT NULL ENABLE);
  ALTER TABLE "MEMBER" MODIFY ("SIDO_ID" NOT NULL ENABLE);
  ALTER TABLE "MEMBER" MODIFY ("GENDER" NOT NULL ENABLE);
  ALTER TABLE "MEMBER" MODIFY ("PHONE" NOT NULL ENABLE);
  ALTER TABLE "MEMBER" MODIFY ("BIRTHDATE" NOT NULL ENABLE);
  ALTER TABLE "MEMBER" MODIFY ("EMAIL" NOT NULL ENABLE);
  ALTER TABLE "MEMBER" MODIFY ("NICKNAME" NOT NULL ENABLE);
  ALTER TABLE "MEMBER" MODIFY ("PASSWORD" NOT NULL ENABLE);
  ALTER TABLE "MEMBER" MODIFY ("MID" NOT NULL ENABLE);
  ALTER TABLE "MEMBER" MODIFY ("NAME" NOT NULL ENABLE);
--------------------------------------------------------
--  Constraints for Table MEMBER_DETAIL
--------------------------------------------------------

  ALTER TABLE "MEMBER_DETAIL" ADD PRIMARY KEY ("MEMBER") USING INDEX PCTFREE 10 INITRANS 2 MAXTRANS 255 COMPUTE STATISTICS  STORAGE(INITIAL 65536 NEXT 1048576 MINEXTENTS 1 MAXEXTENTS 2147483645 PCTINCREASE 0 FREELISTS 1 FREELIST GROUPS 1 BUFFER_POOL DEFAULT FLASH_CACHE DEFAULT CELL_FLASH_CACHE DEFAULT) ENABLE;
--------------------------------------------------------
--  Constraints for Table MERCENARY_RECRUITMENT
--------------------------------------------------------

  ALTER TABLE "MERCENARY_RECRUITMENT" ADD PRIMARY KEY ("RECRUITMENT_NO") USING INDEX PCTFREE 10 INITRANS 2 MAXTRANS 255 COMPUTE STATISTICS  STORAGE(INITIAL 65536 NEXT 1048576 MINEXTENTS 1 MAXEXTENTS 2147483645 PCTINCREASE 0 FREELISTS 1 FREELIST GROUPS 1 BUFFER_POOL DEFAULT FLASH_CACHE DEFAULT CELL_FLASH_CACHE DEFAULT) ENABLE;
  ALTER TABLE "MERCENARY_RECRUITMENT" MODIFY ("CONTENT" NOT NULL ENABLE);
  ALTER TABLE "MERCENARY_RECRUITMENT" MODIFY ("TITLE" NOT NULL ENABLE);
--------------------------------------------------------
--  Constraints for Table NOTICEBOARD
--------------------------------------------------------

  ALTER TABLE "NOTICEBOARD" ADD PRIMARY KEY ("B_NO") USING INDEX PCTFREE 10 INITRANS 2 MAXTRANS 255 COMPUTE STATISTICS  STORAGE(INITIAL 65536 NEXT 1048576 MINEXTENTS 1 MAXEXTENTS 2147483645 PCTINCREASE 0 FREELISTS 1 FREELIST GROUPS 1 BUFFER_POOL DEFAULT FLASH_CACHE DEFAULT CELL_FLASH_CACHE DEFAULT) ENABLE;
  ALTER TABLE "NOTICEBOARD" MODIFY ("CONTENT" NOT NULL ENABLE);
  ALTER TABLE "NOTICEBOARD" MODIFY ("WRITER" NOT NULL ENABLE);
  ALTER TABLE "NOTICEBOARD" MODIFY ("SUBJECT" NOT NULL ENABLE);
--------------------------------------------------------
--  Constraints for Table PLAYER_RANKING
--------------------------------------------------------

  ALTER TABLE "PLAYER_RANKING" ADD PRIMARY KEY ("RANKING_NO") USING INDEX PCTFREE 10 INITRANS 2 MAXTRANS 255 COMPUTE STATISTICS  STORAGE(INITIAL 65536 NEXT 1048576 MINEXTENTS 1 MAXEXTENTS 2147483645 PCTINCREASE 0 FREELISTS 1 FREELIST GROUPS 1 BUFFER_POOL DEFAULT FLASH_CACHE DEFAULT CELL_FLASH_CACHE DEFAULT) ENABLE;
--------------------------------------------------------
--  Constraints for Table PLAYER_RECORD
--------------------------------------------------------

  ALTER TABLE "PLAYER_RECORD" ADD PRIMARY KEY ("PLAYER") USING INDEX PCTFREE 10 INITRANS 2 MAXTRANS 255 COMPUTE STATISTICS  STORAGE(INITIAL 65536 NEXT 1048576 MINEXTENTS 1 MAXEXTENTS 2147483645 PCTINCREASE 0 FREELISTS 1 FREELIST GROUPS 1 BUFFER_POOL DEFAULT FLASH_CACHE DEFAULT CELL_FLASH_CACHE DEFAULT) ENABLE;
--------------------------------------------------------
--  Constraints for Table QNABOARD
--------------------------------------------------------

  ALTER TABLE "QNABOARD" ADD PRIMARY KEY ("B_NO") USING INDEX PCTFREE 10 INITRANS 2 MAXTRANS 255 COMPUTE STATISTICS  STORAGE(INITIAL 65536 NEXT 1048576 MINEXTENTS 1 MAXEXTENTS 2147483645 PCTINCREASE 0 FREELISTS 1 FREELIST GROUPS 1 BUFFER_POOL DEFAULT FLASH_CACHE DEFAULT CELL_FLASH_CACHE DEFAULT) ENABLE;
  ALTER TABLE "QNABOARD" MODIFY ("CONTENT" NOT NULL ENABLE);
  ALTER TABLE "QNABOARD" MODIFY ("WRITER" NOT NULL ENABLE);
  ALTER TABLE "QNABOARD" MODIFY ("SUBJECT" NOT NULL ENABLE);
--------------------------------------------------------
--  Constraints for Table QNABOARD_COMMENT
--------------------------------------------------------

  ALTER TABLE "QNABOARD_COMMENT" ADD CONSTRAINT "PRIMARY_KEY" PRIMARY KEY ("BC_NO") DISABLE;
  ALTER TABLE "QNABOARD_COMMENT" MODIFY ("CONTENT" NOT NULL ENABLE);
  ALTER TABLE "QNABOARD_COMMENT" MODIFY ("WRITER" NOT NULL ENABLE);
  ALTER TABLE "QNABOARD_COMMENT" MODIFY ("BC_NO" NOT NULL ENABLE);
--------------------------------------------------------
--  Constraints for Table RECRUIT_TEAMMEMBOARD
--------------------------------------------------------

  ALTER TABLE "RECRUIT_TEAMMEMBOARD" MODIFY ("TEAM_MEM" NOT NULL ENABLE);
  ALTER TABLE "RECRUIT_TEAMMEMBOARD" MODIFY ("CONTENT" NOT NULL ENABLE);
  ALTER TABLE "RECRUIT_TEAMMEMBOARD" MODIFY ("WRITER" NOT NULL ENABLE);
  ALTER TABLE "RECRUIT_TEAMMEMBOARD" MODIFY ("TITLE" NOT NULL ENABLE);
  ALTER TABLE "RECRUIT_TEAMMEMBOARD" MODIFY ("B_NO" NOT NULL ENABLE);
  ALTER TABLE "RECRUIT_TEAMMEMBOARD" ADD CONSTRAINT "B_NO_PK" PRIMARY KEY ("B_NO") USING INDEX PCTFREE 10 INITRANS 2 MAXTRANS 255 COMPUTE STATISTICS  STORAGE(INITIAL 65536 NEXT 1048576 MINEXTENTS 1 MAXEXTENTS 2147483645 PCTINCREASE 0 FREELISTS 1 FREELIST GROUPS 1 BUFFER_POOL DEFAULT FLASH_CACHE DEFAULT CELL_FLASH_CACHE DEFAULT) ENABLE;
--------------------------------------------------------
--  Constraints for Table RESERVATION
--------------------------------------------------------

  ALTER TABLE "RESERVATION" ADD PRIMARY KEY ("RESERVATION_NO") USING INDEX PCTFREE 10 INITRANS 2 MAXTRANS 255 COMPUTE STATISTICS  STORAGE(INITIAL 65536 NEXT 1048576 MINEXTENTS 1 MAXEXTENTS 2147483645 PCTINCREASE 0 FREELISTS 1 FREELIST GROUPS 1 BUFFER_POOL DEFAULT FLASH_CACHE DEFAULT CELL_FLASH_CACHE DEFAULT) ENABLE;
--------------------------------------------------------
--  Constraints for Table SALE
--------------------------------------------------------

  ALTER TABLE "SALE" ADD PRIMARY KEY ("SALE_NO") USING INDEX PCTFREE 10 INITRANS 2 MAXTRANS 255 COMPUTE STATISTICS  STORAGE(INITIAL 65536 NEXT 1048576 MINEXTENTS 1 MAXEXTENTS 2147483645 PCTINCREASE 0 FREELISTS 1 FREELIST GROUPS 1 BUFFER_POOL DEFAULT FLASH_CACHE DEFAULT CELL_FLASH_CACHE DEFAULT) ENABLE;
--------------------------------------------------------
--  Constraints for Table SIDO
--------------------------------------------------------

  ALTER TABLE "SIDO" ADD PRIMARY KEY ("SIDO_ID") USING INDEX PCTFREE 10 INITRANS 2 MAXTRANS 255 COMPUTE STATISTICS  STORAGE(INITIAL 65536 NEXT 1048576 MINEXTENTS 1 MAXEXTENTS 2147483645 PCTINCREASE 0 FREELISTS 1 FREELIST GROUPS 1 BUFFER_POOL DEFAULT FLASH_CACHE DEFAULT CELL_FLASH_CACHE DEFAULT) ENABLE;
--------------------------------------------------------
--  Constraints for Table SIGUNGU
--------------------------------------------------------

  ALTER TABLE "SIGUNGU" ADD CONSTRAINT "PK_SIGUNGU" PRIMARY KEY ("SIGUNGU_ID") USING INDEX PCTFREE 10 INITRANS 2 MAXTRANS 255 COMPUTE STATISTICS  STORAGE(INITIAL 65536 NEXT 1048576 MINEXTENTS 1 MAXEXTENTS 2147483645 PCTINCREASE 0 FREELISTS 1 FREELIST GROUPS 1 BUFFER_POOL DEFAULT FLASH_CACHE DEFAULT CELL_FLASH_CACHE DEFAULT) ENABLE;
  ALTER TABLE "SIGUNGU" MODIFY ("SIGUNGU_ID" NOT NULL ENABLE);
--------------------------------------------------------
--  Constraints for Table SIGUNGU(tmp)
--------------------------------------------------------

  ALTER TABLE "SIGUNGU(tmp)" ADD PRIMARY KEY ("SIGUNGU_ID") USING INDEX PCTFREE 10 INITRANS 2 MAXTRANS 255 COMPUTE STATISTICS  STORAGE(INITIAL 65536 NEXT 1048576 MINEXTENTS 1 MAXEXTENTS 2147483645 PCTINCREASE 0 FREELISTS 1 FREELIST GROUPS 1 BUFFER_POOL DEFAULT FLASH_CACHE DEFAULT CELL_FLASH_CACHE DEFAULT) ENABLE;
--------------------------------------------------------
--  Constraints for Table STADIUM
--------------------------------------------------------

  ALTER TABLE "STADIUM" ADD PRIMARY KEY ("STADIUM_NO") USING INDEX PCTFREE 10 INITRANS 2 MAXTRANS 255 COMPUTE STATISTICS  STORAGE(INITIAL 65536 NEXT 1048576 MINEXTENTS 1 MAXEXTENTS 2147483645 PCTINCREASE 0 FREELISTS 1 FREELIST GROUPS 1 BUFFER_POOL DEFAULT FLASH_CACHE DEFAULT CELL_FLASH_CACHE DEFAULT) ENABLE;
  ALTER TABLE "STADIUM" MODIFY ("STADIUM_NAME" NOT NULL ENABLE);
  ALTER TABLE "STADIUM" ADD CHECK (STADIUM_STATUS IN ('양호', '안좋음', '이용불가')) ENABLE;
  ALTER TABLE "STADIUM" MODIFY ("SIGUNGU_NAME" NOT NULL ENABLE);
  ALTER TABLE "STADIUM" MODIFY ("SIDO_NAME" NOT NULL ENABLE);
--------------------------------------------------------
--  Constraints for Table STADIUM_YANGDO
--------------------------------------------------------

  ALTER TABLE "STADIUM_YANGDO" ADD PRIMARY KEY ("YANGDO_NO") USING INDEX PCTFREE 10 INITRANS 2 MAXTRANS 255 COMPUTE STATISTICS  STORAGE(INITIAL 65536 NEXT 1048576 MINEXTENTS 1 MAXEXTENTS 2147483645 PCTINCREASE 0 FREELISTS 1 FREELIST GROUPS 1 BUFFER_POOL DEFAULT FLASH_CACHE DEFAULT CELL_FLASH_CACHE DEFAULT) ENABLE;
--------------------------------------------------------
--  Constraints for Table TEAM
--------------------------------------------------------

  ALTER TABLE "TEAM" ADD PRIMARY KEY ("T_NO") USING INDEX PCTFREE 10 INITRANS 2 MAXTRANS 255 COMPUTE STATISTICS  STORAGE(INITIAL 65536 NEXT 1048576 MINEXTENTS 1 MAXEXTENTS 2147483645 PCTINCREASE 0 FREELISTS 1 FREELIST GROUPS 1 BUFFER_POOL DEFAULT FLASH_CACHE DEFAULT CELL_FLASH_CACHE DEFAULT) ENABLE;
  ALTER TABLE "TEAM" MODIFY ("T_NAME" NOT NULL ENABLE);
--------------------------------------------------------
--  Constraints for Table TEAM_MEMBER
--------------------------------------------------------

  ALTER TABLE "TEAM_MEMBER" ADD PRIMARY KEY ("TEAM_MEMBER_NO") USING INDEX PCTFREE 10 INITRANS 2 MAXTRANS 255 COMPUTE STATISTICS  STORAGE(INITIAL 65536 NEXT 1048576 MINEXTENTS 1 MAXEXTENTS 2147483645 PCTINCREASE 0 FREELISTS 1 FREELIST GROUPS 1 BUFFER_POOL DEFAULT FLASH_CACHE DEFAULT CELL_FLASH_CACHE DEFAULT) ENABLE;
--------------------------------------------------------
--  Constraints for Table TEAM_RANKING
--------------------------------------------------------

  ALTER TABLE "TEAM_RANKING" ADD PRIMARY KEY ("RANKING_NO") USING INDEX PCTFREE 10 INITRANS 2 MAXTRANS 255 COMPUTE STATISTICS  STORAGE(INITIAL 65536 NEXT 1048576 MINEXTENTS 1 MAXEXTENTS 2147483645 PCTINCREASE 0 FREELISTS 1 FREELIST GROUPS 1 BUFFER_POOL DEFAULT FLASH_CACHE DEFAULT CELL_FLASH_CACHE DEFAULT) ENABLE;
--------------------------------------------------------
--  Constraints for Table TEAM_RECORD
--------------------------------------------------------

  ALTER TABLE "TEAM_RECORD" ADD PRIMARY KEY ("TEAM_RECORD_NO") USING INDEX PCTFREE 10 INITRANS 2 MAXTRANS 255 COMPUTE STATISTICS  STORAGE(INITIAL 65536 NEXT 1048576 MINEXTENTS 1 MAXEXTENTS 2147483645 PCTINCREASE 0 FREELISTS 1 FREELIST GROUPS 1 BUFFER_POOL DEFAULT FLASH_CACHE DEFAULT CELL_FLASH_CACHE DEFAULT) ENABLE;
--------------------------------------------------------
--  Constraints for Table TEAMMEMBOARD_DAY
--------------------------------------------------------

  ALTER TABLE "TEAMMEMBOARD_DAY" MODIFY ("DAY" NOT NULL ENABLE);
  ALTER TABLE "TEAMMEMBOARD_DAY" MODIFY ("B_NO" NOT NULL ENABLE);
--------------------------------------------------------
--  Constraints for Table TEAMMEMBOARD_TIME
--------------------------------------------------------

  ALTER TABLE "TEAMMEMBOARD_TIME" MODIFY ("TIME" NOT NULL ENABLE);
  ALTER TABLE "TEAMMEMBOARD_TIME" MODIFY ("B_NO" NOT NULL ENABLE);
--------------------------------------------------------
--  Constraints for Table TIME_TABLE
--------------------------------------------------------

  ALTER TABLE "TIME_TABLE" ADD PRIMARY KEY ("TIME_NO") USING INDEX PCTFREE 10 INITRANS 2 MAXTRANS 255 COMPUTE STATISTICS  STORAGE(INITIAL 65536 NEXT 1048576 MINEXTENTS 1 MAXEXTENTS 2147483645 PCTINCREASE 0 FREELISTS 1 FREELIST GROUPS 1 BUFFER_POOL DEFAULT FLASH_CACHE DEFAULT CELL_FLASH_CACHE DEFAULT) ENABLE;
  ALTER TABLE "TIME_TABLE" MODIFY ("TIME_RANGE" NOT NULL ENABLE);
--------------------------------------------------------
--  Constraints for Table TOURNAMENT
--------------------------------------------------------

  ALTER TABLE "TOURNAMENT" MODIFY ("REGIST_END" NOT NULL ENABLE);
  ALTER TABLE "TOURNAMENT" MODIFY ("REGIST_START" NOT NULL ENABLE);
  ALTER TABLE "TOURNAMENT" MODIFY ("CONTENT" NOT NULL ENABLE);
  ALTER TABLE "TOURNAMENT" MODIFY ("REGION" NOT NULL ENABLE);
  ALTER TABLE "TOURNAMENT" MODIFY ("SUBJECT" NOT NULL ENABLE);
--------------------------------------------------------
--  Ref Constraints for Table BOOKING
--------------------------------------------------------

  ALTER TABLE "BOOKING" ADD FOREIGN KEY ("STADIUM_NO") REFERENCES "STADIUM" ("STADIUM_NO") ENABLE;
--------------------------------------------------------
--  Ref Constraints for Table BUY
--------------------------------------------------------

  ALTER TABLE "BUY" ADD CONSTRAINT "FK_BUY_MEMBER" FOREIGN KEY ("WRITER") REFERENCES "MEMBER" ("M_NO") ON DELETE CASCADE ENABLE;
--------------------------------------------------------
--  Ref Constraints for Table CUSTOMERSERVICE
--------------------------------------------------------

  ALTER TABLE "CUSTOMERSERVICE" ADD FOREIGN KEY ("CUSTOMERSERVICE_CATEGORYNO") REFERENCES "CUSTOMERSERVICE_CATEGORY" ("CUSTOMERSERVICE_CATEGORYNO") ENABLE;
--------------------------------------------------------
--  Ref Constraints for Table FREE_SHARING
--------------------------------------------------------

  ALTER TABLE "FREE_SHARING" ADD CONSTRAINT "FK_FREE_SHARING_MEMBER" FOREIGN KEY ("WRITER") REFERENCES "MEMBER" ("M_NO") ON DELETE CASCADE ENABLE;
--------------------------------------------------------
--  Ref Constraints for Table FREE_SHARING_COMMENT
--------------------------------------------------------

  ALTER TABLE "FREE_SHARING_COMMENT" ADD FOREIGN KEY ("WRITER") REFERENCES "MEMBER" ("M_NO") ENABLE;
  ALTER TABLE "FREE_SHARING_COMMENT" ADD FOREIGN KEY ("FREE_SHARING_NO") REFERENCES "FREE_SHARING" ("FREE_SHARING_NO") ENABLE;
--------------------------------------------------------
--  Ref Constraints for Table FREEBOARD
--------------------------------------------------------

  ALTER TABLE "FREEBOARD" ADD FOREIGN KEY ("WRITER") REFERENCES "MEMBER" ("M_NO") ENABLE;
--------------------------------------------------------
--  Ref Constraints for Table FREEBOARD_COMMENT
--------------------------------------------------------

  ALTER TABLE "FREEBOARD_COMMENT" ADD FOREIGN KEY ("B_NO") REFERENCES "FREEBOARD" ("B_NO") ENABLE;
--------------------------------------------------------
--  Ref Constraints for Table MATCH
--------------------------------------------------------

  ALTER TABLE "MATCH" ADD FOREIGN KEY ("WRITER") REFERENCES "MEMBER" ("M_NO") ENABLE;
  ALTER TABLE "MATCH" ADD FOREIGN KEY ("SIDO_NAME") REFERENCES "SIDO" ("SIDO_ID") ENABLE;
  ALTER TABLE "MATCH" ADD FOREIGN KEY ("SIGUNGU_NAME") REFERENCES "SIGUNGU(tmp)" ("SIGUNGU_ID") ENABLE;
  ALTER TABLE "MATCH" ADD FOREIGN KEY ("DAY_NO") REFERENCES "DAY_OF_WEEK" ("DAY_NO") ENABLE;
  ALTER TABLE "MATCH" ADD FOREIGN KEY ("TIME_NO") REFERENCES "TIME_TABLE" ("TIME_NO") ENABLE;
--------------------------------------------------------
--  Ref Constraints for Table MEMBER
--------------------------------------------------------

  ALTER TABLE "MEMBER" ADD FOREIGN KEY ("SIDO_ID") REFERENCES "SIDO" ("SIDO_ID") ENABLE;
  ALTER TABLE "MEMBER" ADD FOREIGN KEY ("SIGUNGU_ID") REFERENCES "SIGUNGU(tmp)" ("SIGUNGU_ID") ENABLE;
--------------------------------------------------------
--  Ref Constraints for Table MEMBER_DETAIL
--------------------------------------------------------

  ALTER TABLE "MEMBER_DETAIL" ADD CONSTRAINT "FK_M_NO" FOREIGN KEY ("MEMBER") REFERENCES "MEMBER" ("M_NO") ON DELETE CASCADE ENABLE;
--------------------------------------------------------
--  Ref Constraints for Table MERCENARY_RECRUITMENT
--------------------------------------------------------

  ALTER TABLE "MERCENARY_RECRUITMENT" ADD FOREIGN KEY ("WRITER") REFERENCES "MEMBER" ("M_NO") ENABLE;
  ALTER TABLE "MERCENARY_RECRUITMENT" ADD FOREIGN KEY ("TEAM") REFERENCES "TEAM" ("T_NO") ENABLE;
--------------------------------------------------------
--  Ref Constraints for Table PLAYER_RECORD
--------------------------------------------------------

  ALTER TABLE "PLAYER_RECORD" ADD CONSTRAINT "FK_MEMBER" FOREIGN KEY ("PLAYER") REFERENCES "MEMBER_DETAIL" ("MEMBER") ON DELETE CASCADE ENABLE;
--------------------------------------------------------
--  Ref Constraints for Table QNABOARD
--------------------------------------------------------

  ALTER TABLE "QNABOARD" ADD CONSTRAINT "FK_QNABOARD_MEMBER" FOREIGN KEY ("WRITER") REFERENCES "MEMBER" ("M_NO") ON DELETE CASCADE ENABLE;
--------------------------------------------------------
--  Ref Constraints for Table QNABOARD_COMMENT
--------------------------------------------------------

  ALTER TABLE "QNABOARD_COMMENT" ADD FOREIGN KEY ("BC_NO") REFERENCES "QNABOARD" ("B_NO") ON DELETE CASCADE ENABLE;
--------------------------------------------------------
--  Ref Constraints for Table RECRUIT_TEAMMEMBOARD
--------------------------------------------------------

  ALTER TABLE "RECRUIT_TEAMMEMBOARD" ADD CONSTRAINT "FK_SIDO" FOREIGN KEY ("SIDO") REFERENCES "SIDO" ("SIDO_ID") ON DELETE CASCADE ENABLE;
  ALTER TABLE "RECRUIT_TEAMMEMBOARD" ADD CONSTRAINT "FK_SIGUNGU" FOREIGN KEY ("SIGUNGU") REFERENCES "SIGUNGU(tmp)" ("SIGUNGU_ID") ON DELETE CASCADE ENABLE;
--------------------------------------------------------
--  Ref Constraints for Table RESERVATION
--------------------------------------------------------

  ALTER TABLE "RESERVATION" ADD FOREIGN KEY ("STADIUM") REFERENCES "STADIUM" ("STADIUM_NO") ENABLE;
  ALTER TABLE "RESERVATION" ADD FOREIGN KEY ("MID") REFERENCES "MEMBER" ("M_NO") ENABLE;
  ALTER TABLE "RESERVATION" ADD FOREIGN KEY ("RESERVATION_TIMES") REFERENCES "TIME_TABLE" ("TIME_NO") ENABLE;
--------------------------------------------------------
--  Ref Constraints for Table SALE
--------------------------------------------------------

  ALTER TABLE "SALE" ADD CONSTRAINT "FK_SALE_MEMBER" FOREIGN KEY ("WRITER") REFERENCES "MEMBER" ("M_NO") ON DELETE CASCADE ENABLE;
--------------------------------------------------------
--  Ref Constraints for Table SIGUNGU
--------------------------------------------------------

  ALTER TABLE "SIGUNGU" ADD CONSTRAINT "FK_SIDO_ID" FOREIGN KEY ("SIDO_ID") REFERENCES "SIDO" ("SIDO_ID") ON DELETE CASCADE ENABLE;
--------------------------------------------------------
--  Ref Constraints for Table SIGUNGU(tmp)
--------------------------------------------------------

  ALTER TABLE "SIGUNGU(tmp)" ADD FOREIGN KEY ("SIDO_ID") REFERENCES "SIDO" ("SIDO_ID") ENABLE;
--------------------------------------------------------
--  Ref Constraints for Table STADIUM
--------------------------------------------------------

  ALTER TABLE "STADIUM" ADD FOREIGN KEY ("SIDO_NAME") REFERENCES "SIDO" ("SIDO_ID") ENABLE;
  ALTER TABLE "STADIUM" ADD FOREIGN KEY ("SIGUNGU_NAME") REFERENCES "SIGUNGU(tmp)" ("SIGUNGU_ID") ENABLE;
--------------------------------------------------------
--  Ref Constraints for Table STADIUM_YANGDO
--------------------------------------------------------

  ALTER TABLE "STADIUM_YANGDO" ADD FOREIGN KEY ("WRITER") REFERENCES "MEMBER" ("M_NO") ENABLE;
--------------------------------------------------------
--  Ref Constraints for Table TEAM
--------------------------------------------------------

  ALTER TABLE "TEAM" ADD CONSTRAINT "FK_TEAM_MEMBER_NO" FOREIGN KEY ("TEAM_MEMBER") REFERENCES "TEAM_MEMBER" ("TEAM_MEMBER_NO") ENABLE;
--------------------------------------------------------
--  Ref Constraints for Table TEAM_RANKING
--------------------------------------------------------

  ALTER TABLE "TEAM_RANKING" ADD FOREIGN KEY ("T_NO") REFERENCES "TEAM" ("T_NO") ENABLE;
--------------------------------------------------------
--  Ref Constraints for Table TEAM_RECORD
--------------------------------------------------------

  ALTER TABLE "TEAM_RECORD" ADD FOREIGN KEY ("TEAM_NO") REFERENCES "TEAM" ("T_NO") ENABLE;
--------------------------------------------------------
--  Ref Constraints for Table TEAMMEMBOARD_DAY
--------------------------------------------------------

  ALTER TABLE "TEAMMEMBOARD_DAY" ADD FOREIGN KEY ("B_NO") REFERENCES "RECRUIT_TEAMMEMBOARD" ("B_NO") ENABLE;
  ALTER TABLE "TEAMMEMBOARD_DAY" ADD FOREIGN KEY ("DAY") REFERENCES "DAY_OF_WEEK" ("DAY_NO") ENABLE;
--------------------------------------------------------
--  Ref Constraints for Table TEAMMEMBOARD_TIME
--------------------------------------------------------

  ALTER TABLE "TEAMMEMBOARD_TIME" ADD FOREIGN KEY ("B_NO") REFERENCES "RECRUIT_TEAMMEMBOARD" ("B_NO") ENABLE;
