--------------------------------------------------------
--  파일이 생성됨 - 화요일-5월-21-2024   
--------------------------------------------------------
--------------------------------------------------------
--  DDL for Table BOOKING
--------------------------------------------------------

  CREATE TABLE "BOOKING" ("BOOKING_NO" NUMBER, "STADIUM_NO" NUMBER, "BOOKING_DATE" DATE, "TIME_SLOT" NUMBER, "M_NO" NUMBER(30,0)) SEGMENT CREATION IMMEDIATE PCTFREE 10 PCTUSED 40 INITRANS 1 MAXTRANS 255 NOCOMPRESS LOGGING STORAGE(INITIAL 65536 NEXT 1048576 MINEXTENTS 1 MAXEXTENTS 2147483645 PCTINCREASE 0 FREELISTS 1 FREELIST GROUPS 1 BUFFER_POOL DEFAULT FLASH_CACHE DEFAULT CELL_FLASH_CACHE DEFAULT);

   COMMENT ON COLUMN "BOOKING"."M_NO" IS 'member 테이블의 m_no 참조';
--------------------------------------------------------
--  DDL for Table BUY
--------------------------------------------------------

  CREATE TABLE "BUY" ("BUY_NO" NUMBER, "TITLE" VARCHAR2(255), "WRITER" NUMBER, "CONTENT" VARCHAR2(255), "READCOUNT" NUMBER DEFAULT 0, "REG_DATE" DATE DEFAULT SYSDATE) SEGMENT CREATION IMMEDIATE PCTFREE 10 PCTUSED 40 INITRANS 1 MAXTRANS 255 NOCOMPRESS LOGGING STORAGE(INITIAL 65536 NEXT 1048576 MINEXTENTS 1 MAXEXTENTS 2147483645 PCTINCREASE 0 FREELISTS 1 FREELIST GROUPS 1 BUFFER_POOL DEFAULT FLASH_CACHE DEFAULT CELL_FLASH_CACHE DEFAULT);
--------------------------------------------------------
--  DDL for Table CUSTOMERSERVICE
--------------------------------------------------------

  CREATE TABLE "CUSTOMERSERVICE" ("CUSTOMERSERVICE_CATEGORYNO" NUMBER, "CUSTOMERSERVICE_SUBJECT" VARCHAR2(100), "CUSTOMERSERVICE_CONTENT" VARCHAR2(1000)) SEGMENT CREATION IMMEDIATE PCTFREE 10 PCTUSED 40 INITRANS 1 MAXTRANS 255 NOCOMPRESS LOGGING STORAGE(INITIAL 65536 NEXT 1048576 MINEXTENTS 1 MAXEXTENTS 2147483645 PCTINCREASE 0 FREELISTS 1 FREELIST GROUPS 1 BUFFER_POOL DEFAULT FLASH_CACHE DEFAULT CELL_FLASH_CACHE DEFAULT);
--------------------------------------------------------
--  DDL for Table CUSTOMERSERVICE_CATEGORY
--------------------------------------------------------

  CREATE TABLE "CUSTOMERSERVICE_CATEGORY" ("CUSTOMERSERVICE_CATEGORYNO" NUMBER, "CUSTOMERSERVICE_CATEGORYNAME" VARCHAR2(50)) SEGMENT CREATION IMMEDIATE PCTFREE 10 PCTUSED 40 INITRANS 1 MAXTRANS 255 NOCOMPRESS LOGGING STORAGE(INITIAL 65536 NEXT 1048576 MINEXTENTS 1 MAXEXTENTS 2147483645 PCTINCREASE 0 FREELISTS 1 FREELIST GROUPS 1 BUFFER_POOL DEFAULT FLASH_CACHE DEFAULT CELL_FLASH_CACHE DEFAULT);
--------------------------------------------------------
--  DDL for Table DAY_OF_WEEK
--------------------------------------------------------

  CREATE TABLE "DAY_OF_WEEK" ("DAY_NO" NUMBER, "DAY_NAME" VARCHAR2(20)) SEGMENT CREATION IMMEDIATE PCTFREE 10 PCTUSED 40 INITRANS 1 MAXTRANS 255 NOCOMPRESS LOGGING STORAGE(INITIAL 65536 NEXT 1048576 MINEXTENTS 1 MAXEXTENTS 2147483645 PCTINCREASE 0 FREELISTS 1 FREELIST GROUPS 1 BUFFER_POOL DEFAULT FLASH_CACHE DEFAULT CELL_FLASH_CACHE DEFAULT);
--------------------------------------------------------
--  DDL for Table FREE_SHARING
--------------------------------------------------------

  CREATE TABLE "FREE_SHARING" ("FREE_SHARING_NO" NUMBER, "SUBJECT" VARCHAR2(255), "WRITER" NUMBER, "CONTENT" VARCHAR2(255), "READCOUNT" NUMBER DEFAULT 0, "REG_DATE" DATE DEFAULT SYSDATE) SEGMENT CREATION IMMEDIATE PCTFREE 10 PCTUSED 40 INITRANS 1 MAXTRANS 255 NOCOMPRESS LOGGING STORAGE(INITIAL 65536 NEXT 1048576 MINEXTENTS 1 MAXEXTENTS 2147483645 PCTINCREASE 0 FREELISTS 1 FREELIST GROUPS 1 BUFFER_POOL DEFAULT FLASH_CACHE DEFAULT CELL_FLASH_CACHE DEFAULT);
--------------------------------------------------------
--  DDL for Table FREE_SHARING_COMMENT
--------------------------------------------------------

  CREATE TABLE "FREE_SHARING_COMMENT" ("COMMENT_NO" NUMBER, "FREE_SHARING_NO" NUMBER, "SUBJECT" VARCHAR2(255), "WRITER" NUMBER, "CONTENT" VARCHAR2(255), "GROUP_NO" NUMBER(9,0), "PRINT_NO" NUMBER(9,0), "PRINT_LEVEL" NUMBER(9,0), "READCOUNT" NUMBER DEFAULT 0, "REG_DATE" DATE DEFAULT SYSDATE) SEGMENT CREATION IMMEDIATE PCTFREE 10 PCTUSED 40 INITRANS 1 MAXTRANS 255 NOCOMPRESS LOGGING STORAGE(INITIAL 65536 NEXT 1048576 MINEXTENTS 1 MAXEXTENTS 2147483645 PCTINCREASE 0 FREELISTS 1 FREELIST GROUPS 1 BUFFER_POOL DEFAULT FLASH_CACHE DEFAULT CELL_FLASH_CACHE DEFAULT);
--------------------------------------------------------
--  DDL for Table FREEBOARD
--------------------------------------------------------

  CREATE TABLE "FREEBOARD" ("B_NO" NUMBER(9,0), "SUBJECT" VARCHAR2(50), "WRITER" NUMBER, "CONTENT" VARCHAR2(2000), "REG_DATE" DATE DEFAULT sysdate --등록일 
          , "READCOUNT" NUMBER(5,0) DEFAULT 0 --조회수 
          ) SEGMENT CREATION IMMEDIATE PCTFREE 10 PCTUSED 40 INITRANS 1 MAXTRANS 255 NOCOMPRESS LOGGING STORAGE(INITIAL 65536 NEXT 1048576 MINEXTENTS 1 MAXEXTENTS 2147483645 PCTINCREASE 0 FREELISTS 1 FREELIST GROUPS 1 BUFFER_POOL DEFAULT FLASH_CACHE DEFAULT CELL_FLASH_CACHE DEFAULT);
--------------------------------------------------------
--  DDL for Table FREEBOARD_COMMENT
--------------------------------------------------------

  CREATE TABLE "FREEBOARD_COMMENT" ("COMMENT_NO" NUMBER(9,0), "B_NO" NUMBER(9,0), "NICK_NAME" VARCHAR2(50), "CONTENT" VARCHAR2(500), "GROUP_NO" NUMBER(9,0), "PRINT_NO" NUMBER(9,0), "PRINT_LEVEL" NUMBER(9,0), "REG_DATE" DATE DEFAULT SYSDATE) SEGMENT CREATION IMMEDIATE PCTFREE 10 PCTUSED 40 INITRANS 1 MAXTRANS 255 NOCOMPRESS LOGGING STORAGE(INITIAL 65536 NEXT 1048576 MINEXTENTS 1 MAXEXTENTS 2147483645 PCTINCREASE 0 FREELISTS 1 FREELIST GROUPS 1 BUFFER_POOL DEFAULT FLASH_CACHE DEFAULT CELL_FLASH_CACHE DEFAULT);
--------------------------------------------------------
--  DDL for Table HIRED_RECRUITMENT
--------------------------------------------------------

  CREATE TABLE "HIRED_RECRUITMENT" ("RECRUITMENT_NO" NUMBER DEFAULT 0, "TITLE" VARCHAR2(100), "CONTENT" VARCHAR2(100), "REG_DATE" DATE DEFAULT sysdate, "SIDO" NUMBER, "SIGUNGU" NUMBER, "POS" VARCHAR2(30), "NICKNAME" NUMBER, "READCOUNT" NUMBER DEFAULT 0) SEGMENT CREATION IMMEDIATE PCTFREE 10 PCTUSED 40 INITRANS 1 MAXTRANS 255 NOCOMPRESS LOGGING STORAGE(INITIAL 65536 NEXT 1048576 MINEXTENTS 1 MAXEXTENTS 2147483645 PCTINCREASE 0 FREELISTS 1 FREELIST GROUPS 1 BUFFER_POOL DEFAULT FLASH_CACHE DEFAULT CELL_FLASH_CACHE DEFAULT);
--------------------------------------------------------
--  DDL for Table HIRED_TEST
--------------------------------------------------------

  CREATE TABLE "HIRED_TEST" ("HIRED_NO" NUMBER DEFAULT 0, "TITLE" VARCHAR2(100), "WRITER" VARCHAR2(100), "CONTENT" VARCHAR2(100), "READCOUNT" NUMBER, "REG_DATE" DATE DEFAULT sysdate) SEGMENT CREATION IMMEDIATE PCTFREE 10 PCTUSED 40 INITRANS 1 MAXTRANS 255 NOCOMPRESS LOGGING STORAGE(INITIAL 65536 NEXT 1048576 MINEXTENTS 1 MAXEXTENTS 2147483645 PCTINCREASE 0 FREELISTS 1 FREELIST GROUPS 1 BUFFER_POOL DEFAULT FLASH_CACHE DEFAULT CELL_FLASH_CACHE DEFAULT);
--------------------------------------------------------
--  DDL for Table HIREDBOARD_DAY
--------------------------------------------------------

  CREATE TABLE "HIREDBOARD_DAY" ("RECRUITMENT_NO" NUMBER, "DAY" NUMBER) SEGMENT CREATION IMMEDIATE PCTFREE 10 PCTUSED 40 INITRANS 1 MAXTRANS 255 NOCOMPRESS LOGGING STORAGE(INITIAL 65536 NEXT 1048576 MINEXTENTS 1 MAXEXTENTS 2147483645 PCTINCREASE 0 FREELISTS 1 FREELIST GROUPS 1 BUFFER_POOL DEFAULT FLASH_CACHE DEFAULT CELL_FLASH_CACHE DEFAULT);
--------------------------------------------------------
--  DDL for Table HIREDBOARD_TIME
--------------------------------------------------------

  CREATE TABLE "HIREDBOARD_TIME" ("RECRUITMENT_NO" NUMBER, "TIME" VARCHAR2(30)) SEGMENT CREATION IMMEDIATE PCTFREE 10 PCTUSED 40 INITRANS 1 MAXTRANS 255 NOCOMPRESS LOGGING STORAGE(INITIAL 65536 NEXT 1048576 MINEXTENTS 1 MAXEXTENTS 2147483645 PCTINCREASE 0 FREELISTS 1 FREELIST GROUPS 1 BUFFER_POOL DEFAULT FLASH_CACHE DEFAULT CELL_FLASH_CACHE DEFAULT);
--------------------------------------------------------
--  DDL for Table IMAGEBOARD
--------------------------------------------------------

  CREATE TABLE "IMAGEBOARD" ("B_NO" NUMBER(9,0), "SUBJECT" VARCHAR2(50), "WRITER" NUMBER, "CONTENT" VARCHAR2(2000), "REG_DATE" DATE DEFAULT sysdate, "READCOUNT" NUMBER(5,0) DEFAULT 0) SEGMENT CREATION IMMEDIATE PCTFREE 10 PCTUSED 40 INITRANS 1 MAXTRANS 255 NOCOMPRESS LOGGING STORAGE(INITIAL 65536 NEXT 1048576 MINEXTENTS 1 MAXEXTENTS 2147483645 PCTINCREASE 0 FREELISTS 1 FREELIST GROUPS 1 BUFFER_POOL DEFAULT FLASH_CACHE DEFAULT CELL_FLASH_CACHE DEFAULT);
--------------------------------------------------------
--  DDL for Table LESSON_RECRUITMENT
--------------------------------------------------------

  CREATE TABLE "LESSON_RECRUITMENT" ("RECRUITMENT_NO" NUMBER, "TITLE" VARCHAR2(100), "NICKNAME" NUMBER, "CONTENT" VARCHAR2(2000), "REG_DATE" DATE DEFAULT sysdate, "MONEY" VARCHAR2(1000), "SIDO" NUMBER, "SIGUNGU" NUMBER, "READCOUNT" NUMBER DEFAULT 0) SEGMENT CREATION IMMEDIATE PCTFREE 10 PCTUSED 40 INITRANS 1 MAXTRANS 255 NOCOMPRESS LOGGING STORAGE(INITIAL 65536 NEXT 1048576 MINEXTENTS 1 MAXEXTENTS 2147483645 PCTINCREASE 0 FREELISTS 1 FREELIST GROUPS 1 BUFFER_POOL DEFAULT FLASH_CACHE DEFAULT CELL_FLASH_CACHE DEFAULT);
--------------------------------------------------------
--  DDL for Table LESSONBOARD_DAY
--------------------------------------------------------

  CREATE TABLE "LESSONBOARD_DAY" ("RECRUITMENT_NO" NUMBER, "DAY" NUMBER) SEGMENT CREATION IMMEDIATE PCTFREE 10 PCTUSED 40 INITRANS 1 MAXTRANS 255 NOCOMPRESS LOGGING STORAGE(INITIAL 65536 NEXT 1048576 MINEXTENTS 1 MAXEXTENTS 2147483645 PCTINCREASE 0 FREELISTS 1 FREELIST GROUPS 1 BUFFER_POOL DEFAULT FLASH_CACHE DEFAULT CELL_FLASH_CACHE DEFAULT);
--------------------------------------------------------
--  DDL for Table LESSONBOARD_TIME
--------------------------------------------------------

  CREATE TABLE "LESSONBOARD_TIME" ("RECRUITMENT_NO" NUMBER, "TIME" VARCHAR2(30)) SEGMENT CREATION IMMEDIATE PCTFREE 10 PCTUSED 40 INITRANS 1 MAXTRANS 255 NOCOMPRESS LOGGING STORAGE(INITIAL 65536 NEXT 1048576 MINEXTENTS 1 MAXEXTENTS 2147483645 PCTINCREASE 0 FREELISTS 1 FREELIST GROUPS 1 BUFFER_POOL DEFAULT FLASH_CACHE DEFAULT CELL_FLASH_CACHE DEFAULT);
--------------------------------------------------------
--  DDL for Table MATCH
--------------------------------------------------------

  CREATE TABLE "MATCH" ("MATCH_NO" NUMBER, "TITLE" VARCHAR2(255), "WRITER" NUMBER, "CONTENT" VARCHAR2(255), "READCOUNT" NUMBER DEFAULT 0, "REG_DATE" DATE DEFAULT SYSDATE, "TIME_NO" NUMBER, "DAY" VARCHAR2(100), "STADIUM" NUMBER) SEGMENT CREATION IMMEDIATE PCTFREE 10 PCTUSED 40 INITRANS 1 MAXTRANS 255 NOCOMPRESS LOGGING STORAGE(INITIAL 65536 NEXT 1048576 MINEXTENTS 1 MAXEXTENTS 2147483645 PCTINCREASE 0 FREELISTS 1 FREELIST GROUPS 1 BUFFER_POOL DEFAULT FLASH_CACHE DEFAULT CELL_FLASH_CACHE DEFAULT);
--------------------------------------------------------
--  DDL for Table MATCH_DAY
--------------------------------------------------------

  CREATE TABLE "MATCH_DAY" ("MATCH_NO" NUMBER, "TEAM1" NUMBER, "TEAM2" NUMBER) SEGMENT CREATION IMMEDIATE PCTFREE 10 PCTUSED 40 INITRANS 1 MAXTRANS 255 NOCOMPRESS LOGGING STORAGE(INITIAL 65536 NEXT 1048576 MINEXTENTS 1 MAXEXTENTS 2147483645 PCTINCREASE 0 FREELISTS 1 FREELIST GROUPS 1 BUFFER_POOL DEFAULT FLASH_CACHE DEFAULT CELL_FLASH_CACHE DEFAULT);
--------------------------------------------------------
--  DDL for Table MEMBER
--------------------------------------------------------

  CREATE TABLE "MEMBER" ("M_NO" NUMBER, "NAME" VARCHAR2(50), "MID" VARCHAR2(50), "PASSWORD" VARCHAR2(50), "NICKNAME" VARCHAR2(50), "EMAIL" VARCHAR2(100), "BIRTHDATE" DATE, "PHONE" VARCHAR2(20), "GENDER" CHAR(10), "SIDO_ID" NUMBER, "SIGUNGU_ID" NUMBER, "DETAIL_ADDRESS" VARCHAR2(200), "REG_DATE" DATE DEFAULT SYSDATE) SEGMENT CREATION IMMEDIATE PCTFREE 10 PCTUSED 40 INITRANS 1 MAXTRANS 255 NOCOMPRESS LOGGING STORAGE(INITIAL 65536 NEXT 1048576 MINEXTENTS 1 MAXEXTENTS 2147483645 PCTINCREASE 0 FREELISTS 1 FREELIST GROUPS 1 BUFFER_POOL DEFAULT FLASH_CACHE DEFAULT CELL_FLASH_CACHE DEFAULT);
--------------------------------------------------------
--  DDL for Table MEMBER_DETAIL
--------------------------------------------------------

  CREATE TABLE "MEMBER_DETAIL" ("MEMBER" NUMBER, "TEAM" NUMBER) SEGMENT CREATION IMMEDIATE PCTFREE 10 PCTUSED 40 INITRANS 1 MAXTRANS 255 NOCOMPRESS LOGGING STORAGE(INITIAL 65536 NEXT 1048576 MINEXTENTS 1 MAXEXTENTS 2147483645 PCTINCREASE 0 FREELISTS 1 FREELIST GROUPS 1 BUFFER_POOL DEFAULT FLASH_CACHE DEFAULT CELL_FLASH_CACHE DEFAULT);
--------------------------------------------------------
--  DDL for Table NOTICEBOARD
--------------------------------------------------------

  CREATE TABLE "NOTICEBOARD" ("B_NO" NUMBER(9,0), "SUBJECT" VARCHAR2(200), "WRITER" VARCHAR2(30), "CONTENT" VARCHAR2(2000), "REG_DATE" DATE DEFAULT sysdate --등록일 
          , "READCOUNT" NUMBER(5,0) DEFAULT 0 --조회수 
          ) SEGMENT CREATION IMMEDIATE PCTFREE 10 PCTUSED 40 INITRANS 1 MAXTRANS 255 NOCOMPRESS LOGGING STORAGE(INITIAL 65536 NEXT 1048576 MINEXTENTS 1 MAXEXTENTS 2147483645 PCTINCREASE 0 FREELISTS 1 FREELIST GROUPS 1 BUFFER_POOL DEFAULT FLASH_CACHE DEFAULT CELL_FLASH_CACHE DEFAULT);
--------------------------------------------------------
--  DDL for Table PLAYER_RANKING
--------------------------------------------------------

  CREATE TABLE "PLAYER_RANKING" ("RANKING_NO" NUMBER, "PLAYER" NUMBER, "RANKING_POSITION" NUMBER) SEGMENT CREATION IMMEDIATE PCTFREE 10 PCTUSED 40 INITRANS 1 MAXTRANS 255 NOCOMPRESS LOGGING STORAGE(INITIAL 65536 NEXT 1048576 MINEXTENTS 1 MAXEXTENTS 2147483645 PCTINCREASE 0 FREELISTS 1 FREELIST GROUPS 1 BUFFER_POOL DEFAULT FLASH_CACHE DEFAULT CELL_FLASH_CACHE DEFAULT);
--------------------------------------------------------
--  DDL for Table PLAYER_RECORD
--------------------------------------------------------

  CREATE TABLE "PLAYER_RECORD" ("PLAYER" NUMBER, "GAMES_PLAYED" NUMBER DEFAULT 0, "WINS" NUMBER DEFAULT 0, "DRAWS" NUMBER DEFAULT 0, "LOSSES" NUMBER DEFAULT 0, "GOALS_FOR" NUMBER DEFAULT 0, "GOALS_ASSIST" NUMBER DEFAULT 0) SEGMENT CREATION IMMEDIATE PCTFREE 10 PCTUSED 40 INITRANS 1 MAXTRANS 255 NOCOMPRESS LOGGING STORAGE(INITIAL 65536 NEXT 1048576 MINEXTENTS 1 MAXEXTENTS 2147483645 PCTINCREASE 0 FREELISTS 1 FREELIST GROUPS 1 BUFFER_POOL DEFAULT FLASH_CACHE DEFAULT CELL_FLASH_CACHE DEFAULT);
--------------------------------------------------------
--  DDL for Table QNABOARD
--------------------------------------------------------

  CREATE TABLE "QNABOARD" ("B_NO" NUMBER(9,0), "SUBJECT" VARCHAR2(100), "WRITER" NUMBER, "CONTENT" VARCHAR2(1000), "REG_DATE" DATE DEFAULT sysdate, "READCOUNT" NUMBER(5,0) DEFAULT 0) SEGMENT CREATION IMMEDIATE PCTFREE 10 PCTUSED 40 INITRANS 1 MAXTRANS 255 NOCOMPRESS LOGGING STORAGE(INITIAL 65536 NEXT 1048576 MINEXTENTS 1 MAXEXTENTS 2147483645 PCTINCREASE 0 FREELISTS 1 FREELIST GROUPS 1 BUFFER_POOL DEFAULT FLASH_CACHE DEFAULT CELL_FLASH_CACHE DEFAULT);
--------------------------------------------------------
--  DDL for Table QNABOARD_COMMENT
--------------------------------------------------------

  CREATE TABLE "QNABOARD_COMMENT" ("BC_NO" NUMBER(9,0), "WRITER" VARCHAR2(100) DEFAULT '관리자', "CONTENT" VARCHAR2(1000), "REG_DATE" DATE DEFAULT sysdate, "SUBJECT" VARCHAR2(100), "C_NO" NUMBER(9,0)) SEGMENT CREATION IMMEDIATE PCTFREE 10 PCTUSED 40 INITRANS 1 MAXTRANS 255 NOCOMPRESS LOGGING STORAGE(INITIAL 65536 NEXT 1048576 MINEXTENTS 1 MAXEXTENTS 2147483645 PCTINCREASE 0 FREELISTS 1 FREELIST GROUPS 1 BUFFER_POOL DEFAULT FLASH_CACHE DEFAULT CELL_FLASH_CACHE DEFAULT);
--------------------------------------------------------
--  DDL for Table RECRUIT_TEAMMEMBOARD
--------------------------------------------------------

  CREATE TABLE "RECRUIT_TEAMMEMBOARD" ("B_NO" NUMBER, "TITLE" VARCHAR2(300), "CONTENT" VARCHAR2(1000), "READCOUNT" NUMBER DEFAULT 0, "REG_DATE" DATE DEFAULT sysdate, "TEAM_MEM" VARCHAR2(10), "SIDO" NUMBER, "SIGUNGU" NUMBER, "POS" VARCHAR2(30), "WRITER" NUMBER) SEGMENT CREATION IMMEDIATE PCTFREE 10 PCTUSED 40 INITRANS 1 MAXTRANS 255 NOCOMPRESS LOGGING STORAGE(INITIAL 65536 NEXT 1048576 MINEXTENTS 1 MAXEXTENTS 2147483645 PCTINCREASE 0 FREELISTS 1 FREELIST GROUPS 1 BUFFER_POOL DEFAULT FLASH_CACHE DEFAULT CELL_FLASH_CACHE DEFAULT);
--------------------------------------------------------
--  DDL for Table RESERVATION
--------------------------------------------------------

  CREATE TABLE "RESERVATION" ("RESERVATION_NO" NUMBER, "STADIUM" NUMBER, "MID" NUMBER, "RESERVATION_DATE" DATE, "RESERVATION_TIMES" NUMBER, "MONEY" VARCHAR2(1000)) SEGMENT CREATION IMMEDIATE PCTFREE 10 PCTUSED 40 INITRANS 1 MAXTRANS 255 NOCOMPRESS LOGGING STORAGE(INITIAL 65536 NEXT 1048576 MINEXTENTS 1 MAXEXTENTS 2147483645 PCTINCREASE 0 FREELISTS 1 FREELIST GROUPS 1 BUFFER_POOL DEFAULT FLASH_CACHE DEFAULT CELL_FLASH_CACHE DEFAULT);
--------------------------------------------------------
--  DDL for Table SALE
--------------------------------------------------------

  CREATE TABLE "SALE" ("SALE_NO" NUMBER, "SUBJECT" VARCHAR2(255), "WRITER" NUMBER, "CONTENT" VARCHAR2(255), "READCOUNT" NUMBER DEFAULT 0, "REG_DATE" DATE DEFAULT SYSDATE) SEGMENT CREATION IMMEDIATE PCTFREE 10 PCTUSED 40 INITRANS 1 MAXTRANS 255 NOCOMPRESS LOGGING STORAGE(INITIAL 65536 NEXT 1048576 MINEXTENTS 1 MAXEXTENTS 2147483645 PCTINCREASE 0 FREELISTS 1 FREELIST GROUPS 1 BUFFER_POOL DEFAULT FLASH_CACHE DEFAULT CELL_FLASH_CACHE DEFAULT);
--------------------------------------------------------
--  DDL for Table SIDO
--------------------------------------------------------

  CREATE TABLE "SIDO" ("SIDO_ID" NUMBER, "NAME" VARCHAR2(50)) SEGMENT CREATION IMMEDIATE PCTFREE 10 PCTUSED 40 INITRANS 1 MAXTRANS 255 NOCOMPRESS LOGGING STORAGE(INITIAL 65536 NEXT 1048576 MINEXTENTS 1 MAXEXTENTS 2147483645 PCTINCREASE 0 FREELISTS 1 FREELIST GROUPS 1 BUFFER_POOL DEFAULT FLASH_CACHE DEFAULT CELL_FLASH_CACHE DEFAULT);
--------------------------------------------------------
--  DDL for Table SIGUNGU
--------------------------------------------------------

  CREATE TABLE "SIGUNGU" ("SIGUNGU_ID" NUMBER, "NAME" VARCHAR2(100), "SIDO_ID" NUMBER) SEGMENT CREATION IMMEDIATE PCTFREE 10 PCTUSED 40 INITRANS 1 MAXTRANS 255 NOCOMPRESS LOGGING STORAGE(INITIAL 65536 NEXT 1048576 MINEXTENTS 1 MAXEXTENTS 2147483645 PCTINCREASE 0 FREELISTS 1 FREELIST GROUPS 1 BUFFER_POOL DEFAULT FLASH_CACHE DEFAULT CELL_FLASH_CACHE DEFAULT);
--------------------------------------------------------
--  DDL for Table SIGUNGU(tmp)
--------------------------------------------------------

  CREATE TABLE "SIGUNGU(tmp)" ("SIGUNGU_ID" NUMBER, "NAME" VARCHAR2(100), "SIDO_ID" NUMBER) SEGMENT CREATION IMMEDIATE PCTFREE 10 PCTUSED 40 INITRANS 1 MAXTRANS 255 NOCOMPRESS LOGGING STORAGE(INITIAL 65536 NEXT 1048576 MINEXTENTS 1 MAXEXTENTS 2147483645 PCTINCREASE 0 FREELISTS 1 FREELIST GROUPS 1 BUFFER_POOL DEFAULT FLASH_CACHE DEFAULT CELL_FLASH_CACHE DEFAULT);
--------------------------------------------------------
--  DDL for Table STADIUM
--------------------------------------------------------

  CREATE TABLE "STADIUM" ("STADIUM_NO" NUMBER, "STADIUM_NAME" VARCHAR2(100), "SIDO_NAME" NUMBER, "SIGUNGU_NAME" NUMBER, "DETAILED_ADDRESS" VARCHAR2(200), "REG_DATE" DATE DEFAULT SYSDATE, "CONTENT" VARCHAR2(2000), "STADIUM_STATUS" VARCHAR2(20)) SEGMENT CREATION IMMEDIATE PCTFREE 10 PCTUSED 40 INITRANS 1 MAXTRANS 255 NOCOMPRESS LOGGING STORAGE(INITIAL 65536 NEXT 1048576 MINEXTENTS 1 MAXEXTENTS 2147483645 PCTINCREASE 0 FREELISTS 1 FREELIST GROUPS 1 BUFFER_POOL DEFAULT FLASH_CACHE DEFAULT CELL_FLASH_CACHE DEFAULT);
--------------------------------------------------------
--  DDL for Table STADIUM_YANGDO
--------------------------------------------------------

  CREATE TABLE "STADIUM_YANGDO" ("YANGDO_NO" NUMBER, "TITLE" VARCHAR2(255), "WRITER" NUMBER, "CONTENT" VARCHAR2(255), "READCOUNT" NUMBER DEFAULT 0, "REG_DATE" DATE DEFAULT SYSDATE, "BOOKING_NO" NUMBER, "STATUS" VARCHAR2(20) DEFAULT '양도중', "TRANSFERRED_TO" NUMBER DEFAULT NULL) SEGMENT CREATION IMMEDIATE PCTFREE 10 PCTUSED 40 INITRANS 1 MAXTRANS 255 NOCOMPRESS LOGGING STORAGE(INITIAL 65536 NEXT 1048576 MINEXTENTS 1 MAXEXTENTS 2147483645 PCTINCREASE 0 FREELISTS 1 FREELIST GROUPS 1 BUFFER_POOL DEFAULT FLASH_CACHE DEFAULT CELL_FLASH_CACHE DEFAULT);
--------------------------------------------------------
--  DDL for Table TEAM
--------------------------------------------------------

  CREATE TABLE "TEAM" ("TEAM_NO" NUMBER, "TEAM_NAME" VARCHAR2(50), "TEAM_MASTER" NUMBER) SEGMENT CREATION IMMEDIATE PCTFREE 10 PCTUSED 40 INITRANS 1 MAXTRANS 255 NOCOMPRESS LOGGING STORAGE(INITIAL 65536 NEXT 1048576 MINEXTENTS 1 MAXEXTENTS 2147483645 PCTINCREASE 0 FREELISTS 1 FREELIST GROUPS 1 BUFFER_POOL DEFAULT FLASH_CACHE DEFAULT CELL_FLASH_CACHE DEFAULT);
--------------------------------------------------------
--  DDL for Table TEAM_MEMBER
--------------------------------------------------------

  CREATE TABLE "TEAM_MEMBER" ("TEAM_NO" NUMBER, "TEAM_MEMBER" NUMBER) SEGMENT CREATION IMMEDIATE PCTFREE 10 PCTUSED 40 INITRANS 1 MAXTRANS 255 NOCOMPRESS LOGGING STORAGE(INITIAL 65536 NEXT 1048576 MINEXTENTS 1 MAXEXTENTS 2147483645 PCTINCREASE 0 FREELISTS 1 FREELIST GROUPS 1 BUFFER_POOL DEFAULT FLASH_CACHE DEFAULT CELL_FLASH_CACHE DEFAULT);
--------------------------------------------------------
--  DDL for Table TEAM_RANKING
--------------------------------------------------------

  CREATE TABLE "TEAM_RANKING" ("RANKING_NO" NUMBER, "T_NO" NUMBER, "RANKING_POSITION" NUMBER) SEGMENT CREATION IMMEDIATE PCTFREE 10 PCTUSED 40 INITRANS 1 MAXTRANS 255 NOCOMPRESS LOGGING STORAGE(INITIAL 65536 NEXT 1048576 MINEXTENTS 1 MAXEXTENTS 2147483645 PCTINCREASE 0 FREELISTS 1 FREELIST GROUPS 1 BUFFER_POOL DEFAULT FLASH_CACHE DEFAULT CELL_FLASH_CACHE DEFAULT);
--------------------------------------------------------
--  DDL for Table TEAM_RECORD
--------------------------------------------------------

  CREATE TABLE "TEAM_RECORD" ("TEAM_RECORD_NO" NUMBER, "TEAM_NO" NUMBER, "GAMES_PLAYED" NUMBER, "WINS" NUMBER, "DRAWS" NUMBER, "LOSSES" NUMBER, "GOALS_FOR" NUMBER, "GOALS_AGAINST" NUMBER) SEGMENT CREATION IMMEDIATE PCTFREE 10 PCTUSED 40 INITRANS 1 MAXTRANS 255 NOCOMPRESS LOGGING STORAGE(INITIAL 65536 NEXT 1048576 MINEXTENTS 1 MAXEXTENTS 2147483645 PCTINCREASE 0 FREELISTS 1 FREELIST GROUPS 1 BUFFER_POOL DEFAULT FLASH_CACHE DEFAULT CELL_FLASH_CACHE DEFAULT);
--------------------------------------------------------
--  DDL for Table TEAMMEMBOARD_DAY
--------------------------------------------------------

  CREATE TABLE "TEAMMEMBOARD_DAY" ("B_NO" NUMBER, "DAY" NUMBER) SEGMENT CREATION IMMEDIATE PCTFREE 10 PCTUSED 40 INITRANS 1 MAXTRANS 255 NOCOMPRESS LOGGING STORAGE(INITIAL 65536 NEXT 1048576 MINEXTENTS 1 MAXEXTENTS 2147483645 PCTINCREASE 0 FREELISTS 1 FREELIST GROUPS 1 BUFFER_POOL DEFAULT FLASH_CACHE DEFAULT CELL_FLASH_CACHE DEFAULT);
--------------------------------------------------------
--  DDL for Table TEAMMEMBOARD_TIME
--------------------------------------------------------

  CREATE TABLE "TEAMMEMBOARD_TIME" ("B_NO" NUMBER, "TIME" VARCHAR2(30)) SEGMENT CREATION IMMEDIATE PCTFREE 10 PCTUSED 40 INITRANS 1 MAXTRANS 255 NOCOMPRESS LOGGING STORAGE(INITIAL 65536 NEXT 1048576 MINEXTENTS 1 MAXEXTENTS 2147483645 PCTINCREASE 0 FREELISTS 1 FREELIST GROUPS 1 BUFFER_POOL DEFAULT FLASH_CACHE DEFAULT CELL_FLASH_CACHE DEFAULT);
--------------------------------------------------------
--  DDL for Table TIME_TABLE
--------------------------------------------------------

  CREATE TABLE "TIME_TABLE" ("TIME_NO" NUMBER, "TIME_RANGE" VARCHAR2(20)) SEGMENT CREATION IMMEDIATE PCTFREE 10 PCTUSED 40 INITRANS 1 MAXTRANS 255 NOCOMPRESS LOGGING STORAGE(INITIAL 65536 NEXT 1048576 MINEXTENTS 1 MAXEXTENTS 2147483645 PCTINCREASE 0 FREELISTS 1 FREELIST GROUPS 1 BUFFER_POOL DEFAULT FLASH_CACHE DEFAULT CELL_FLASH_CACHE DEFAULT);
--------------------------------------------------------
--  DDL for Table TOURNAMENT
--------------------------------------------------------

  CREATE TABLE "TOURNAMENT" ("SUBJECT" VARCHAR2(100), "CONTENT" VARCHAR2(300), "REGIST_START" DATE, "REGIST_END" DATE, "LIST_NO" NUMBER(9,0), "REG_DATE" DATE DEFAULT sysdate, "REGION" VARCHAR2(20)) SEGMENT CREATION IMMEDIATE PCTFREE 10 PCTUSED 40 INITRANS 1 MAXTRANS 255 NOCOMPRESS LOGGING STORAGE(INITIAL 65536 NEXT 1048576 MINEXTENTS 1 MAXEXTENTS 2147483645 PCTINCREASE 0 FREELISTS 1 FREELIST GROUPS 1 BUFFER_POOL DEFAULT FLASH_CACHE DEFAULT CELL_FLASH_CACHE DEFAULT);
--------------------------------------------------------
--  DDL for Table WAITING_HIREDREG
--------------------------------------------------------

  CREATE TABLE "WAITING_HIREDREG" ("M_NO" NUMBER, "TEAM" NUMBER) SEGMENT CREATION IMMEDIATE PCTFREE 10 PCTUSED 40 INITRANS 1 MAXTRANS 255 NOCOMPRESS LOGGING STORAGE(INITIAL 65536 NEXT 1048576 MINEXTENTS 1 MAXEXTENTS 2147483645 PCTINCREASE 0 FREELISTS 1 FREELIST GROUPS 1 BUFFER_POOL DEFAULT FLASH_CACHE DEFAULT CELL_FLASH_CACHE DEFAULT);
--------------------------------------------------------
--  DDL for Table WAITING_MATCHREG
--------------------------------------------------------

  CREATE TABLE "WAITING_MATCHREG" ("MATCH_NO" NUMBER, "TEAM_NO" NUMBER) SEGMENT CREATION IMMEDIATE PCTFREE 10 PCTUSED 40 INITRANS 1 MAXTRANS 255 NOCOMPRESS LOGGING STORAGE(INITIAL 65536 NEXT 1048576 MINEXTENTS 1 MAXEXTENTS 2147483645 PCTINCREASE 0 FREELISTS 1 FREELIST GROUPS 1 BUFFER_POOL DEFAULT FLASH_CACHE DEFAULT CELL_FLASH_CACHE DEFAULT);
--------------------------------------------------------
--  DDL for Table WAITING_TEAMREG
--------------------------------------------------------

  CREATE TABLE "WAITING_TEAMREG" ("NAME" NUMBER, "TEAM" NUMBER) SEGMENT CREATION IMMEDIATE PCTFREE 10 PCTUSED 40 INITRANS 1 MAXTRANS 255 NOCOMPRESS LOGGING STORAGE(INITIAL 65536 NEXT 1048576 MINEXTENTS 1 MAXEXTENTS 2147483645 PCTINCREASE 0 FREELISTS 1 FREELIST GROUPS 1 BUFFER_POOL DEFAULT FLASH_CACHE DEFAULT CELL_FLASH_CACHE DEFAULT);
REM INSERTING into BOOKING
SET DEFINE OFF;
Insert into BOOKING (BOOKING_NO,STADIUM_NO,BOOKING_DATE,TIME_SLOT,M_NO) values (1,14,to_date('24/05/20','RR/MM/DD'),1,35);
Insert into BOOKING (BOOKING_NO,STADIUM_NO,BOOKING_DATE,TIME_SLOT,M_NO) values (3,13,to_date('24/05/20','RR/MM/DD'),2,30);
Insert into BOOKING (BOOKING_NO,STADIUM_NO,BOOKING_DATE,TIME_SLOT,M_NO) values (2,13,to_date('24/05/20','RR/MM/DD'),1,35);
Insert into BOOKING (BOOKING_NO,STADIUM_NO,BOOKING_DATE,TIME_SLOT,M_NO) values (4,14,to_date('24/05/19','RR/MM/DD'),2,35);
Insert into BOOKING (BOOKING_NO,STADIUM_NO,BOOKING_DATE,TIME_SLOT,M_NO) values (5,14,to_date('24/05/20','RR/MM/DD'),2,2);
Insert into BOOKING (BOOKING_NO,STADIUM_NO,BOOKING_DATE,TIME_SLOT,M_NO) values (6,14,to_date('24/05/20','RR/MM/DD'),4,42);
Insert into BOOKING (BOOKING_NO,STADIUM_NO,BOOKING_DATE,TIME_SLOT,M_NO) values (7,13,to_date('24/05/21','RR/MM/DD'),1,35);
Insert into BOOKING (BOOKING_NO,STADIUM_NO,BOOKING_DATE,TIME_SLOT,M_NO) values (8,13,to_date('24/05/21','RR/MM/DD'),2,2);
Insert into BOOKING (BOOKING_NO,STADIUM_NO,BOOKING_DATE,TIME_SLOT,M_NO) values (9,15,to_date('24/06/28','RR/MM/DD'),6,40);
Insert into BOOKING (BOOKING_NO,STADIUM_NO,BOOKING_DATE,TIME_SLOT,M_NO) values (10,2,to_date('24/07/04','RR/MM/DD'),8,2);
Insert into BOOKING (BOOKING_NO,STADIUM_NO,BOOKING_DATE,TIME_SLOT,M_NO) values (11,9,to_date('24/06/03','RR/MM/DD'),8,42);
Insert into BOOKING (BOOKING_NO,STADIUM_NO,BOOKING_DATE,TIME_SLOT,M_NO) values (12,6,to_date('24/05/21','RR/MM/DD'),1,45);
Insert into BOOKING (BOOKING_NO,STADIUM_NO,BOOKING_DATE,TIME_SLOT,M_NO) values (13,6,to_date('24/05/21','RR/MM/DD'),2,45);
Insert into BOOKING (BOOKING_NO,STADIUM_NO,BOOKING_DATE,TIME_SLOT,M_NO) values (14,6,to_date('24/05/21','RR/MM/DD'),3,45);
Insert into BOOKING (BOOKING_NO,STADIUM_NO,BOOKING_DATE,TIME_SLOT,M_NO) values (15,13,to_date('24/05/24','RR/MM/DD'),7,42);
Insert into BOOKING (BOOKING_NO,STADIUM_NO,BOOKING_DATE,TIME_SLOT,M_NO) values (16,6,to_date('24/05/22','RR/MM/DD'),1,41);
Insert into BOOKING (BOOKING_NO,STADIUM_NO,BOOKING_DATE,TIME_SLOT,M_NO) values (17,6,to_date('24/05/22','RR/MM/DD'),11,41);
Insert into BOOKING (BOOKING_NO,STADIUM_NO,BOOKING_DATE,TIME_SLOT,M_NO) values (18,6,to_date('24/05/18','RR/MM/DD'),1,43);
Insert into BOOKING (BOOKING_NO,STADIUM_NO,BOOKING_DATE,TIME_SLOT,M_NO) values (19,6,to_date('24/05/18','RR/MM/DD'),2,43);
Insert into BOOKING (BOOKING_NO,STADIUM_NO,BOOKING_DATE,TIME_SLOT,M_NO) values (20,17,to_date('24/06/20','RR/MM/DD'),9,42);
Insert into BOOKING (BOOKING_NO,STADIUM_NO,BOOKING_DATE,TIME_SLOT,M_NO) values (21,24,to_date('24/05/31','RR/MM/DD'),1,35);
Insert into BOOKING (BOOKING_NO,STADIUM_NO,BOOKING_DATE,TIME_SLOT,M_NO) values (22,34,to_date('24/05/25','RR/MM/DD'),2,15);
Insert into BOOKING (BOOKING_NO,STADIUM_NO,BOOKING_DATE,TIME_SLOT,M_NO) values (23,4,to_date('24/05/26','RR/MM/DD'),1,18);
Insert into BOOKING (BOOKING_NO,STADIUM_NO,BOOKING_DATE,TIME_SLOT,M_NO) values (24,33,to_date('24/06/02','RR/MM/DD'),10,3);
REM INSERTING into BUY
SET DEFINE OFF;
Insert into BUY (BUY_NO,TITLE,WRITER,CONTENT,READCOUNT,REG_DATE) values (1,'타이틀01',1,'컨텐츠01',0,to_date('24/05/01','RR/MM/DD'));
Insert into BUY (BUY_NO,TITLE,WRITER,CONTENT,READCOUNT,REG_DATE) values (2,'타이틀02',2,'컨텐츠02',0,to_date('24/05/01','RR/MM/DD'));
Insert into BUY (BUY_NO,TITLE,WRITER,CONTENT,READCOUNT,REG_DATE) values (3,'타이틀03',3,'컨텐츠03',0,to_date('24/05/01','RR/MM/DD'));
Insert into BUY (BUY_NO,TITLE,WRITER,CONTENT,READCOUNT,REG_DATE) values (4,'타이틀04',4,'컨텐츠04',0,to_date('24/05/01','RR/MM/DD'));
Insert into BUY (BUY_NO,TITLE,WRITER,CONTENT,READCOUNT,REG_DATE) values (5,'타이틀05',5,'컨텐츠05',0,to_date('24/05/01','RR/MM/DD'));
Insert into BUY (BUY_NO,TITLE,WRITER,CONTENT,READCOUNT,REG_DATE) values (6,'타이틀06',6,'컨텐츠06',0,to_date('24/05/01','RR/MM/DD'));
Insert into BUY (BUY_NO,TITLE,WRITER,CONTENT,READCOUNT,REG_DATE) values (7,'타이틀07',7,'컨텐츠07',0,to_date('24/05/01','RR/MM/DD'));
Insert into BUY (BUY_NO,TITLE,WRITER,CONTENT,READCOUNT,REG_DATE) values (8,'타이틀08',8,'컨텐츠08',0,to_date('24/05/01','RR/MM/DD'));
Insert into BUY (BUY_NO,TITLE,WRITER,CONTENT,READCOUNT,REG_DATE) values (9,'타이틀09',9,'컨텐츠09',0,to_date('24/05/01','RR/MM/DD'));
Insert into BUY (BUY_NO,TITLE,WRITER,CONTENT,READCOUNT,REG_DATE) values (10,'타이틀10',10,'컨텐츠10',0,to_date('24/05/01','RR/MM/DD'));
Insert into BUY (BUY_NO,TITLE,WRITER,CONTENT,READCOUNT,REG_DATE) values (11,'타이틀11',11,'컨텐츠11',0,to_date('24/05/01','RR/MM/DD'));
Insert into BUY (BUY_NO,TITLE,WRITER,CONTENT,READCOUNT,REG_DATE) values (12,'타이틀12',12,'컨텐츠12',0,to_date('24/05/01','RR/MM/DD'));
Insert into BUY (BUY_NO,TITLE,WRITER,CONTENT,READCOUNT,REG_DATE) values (13,'타이틀13',13,'컨텐츠13',0,to_date('24/05/01','RR/MM/DD'));
Insert into BUY (BUY_NO,TITLE,WRITER,CONTENT,READCOUNT,REG_DATE) values (14,'타이틀14',14,'컨텐츠14',0,to_date('24/05/01','RR/MM/DD'));
Insert into BUY (BUY_NO,TITLE,WRITER,CONTENT,READCOUNT,REG_DATE) values (15,'타이틀15',15,'컨텐츠15',0,to_date('24/05/01','RR/MM/DD'));
Insert into BUY (BUY_NO,TITLE,WRITER,CONTENT,READCOUNT,REG_DATE) values (16,'타이틀16',16,'컨텐츠16',0,to_date('24/05/01','RR/MM/DD'));
Insert into BUY (BUY_NO,TITLE,WRITER,CONTENT,READCOUNT,REG_DATE) values (17,'타이틀17',17,'컨텐츠17',0,to_date('24/05/01','RR/MM/DD'));
Insert into BUY (BUY_NO,TITLE,WRITER,CONTENT,READCOUNT,REG_DATE) values (18,'타이틀18',18,'컨텐츠18',0,to_date('24/05/01','RR/MM/DD'));
Insert into BUY (BUY_NO,TITLE,WRITER,CONTENT,READCOUNT,REG_DATE) values (19,'타이틀19',19,'컨텐츠19',0,to_date('24/05/01','RR/MM/DD'));
Insert into BUY (BUY_NO,TITLE,WRITER,CONTENT,READCOUNT,REG_DATE) values (20,'타이틀20',20,'컨텐츠20',0,to_date('24/05/01','RR/MM/DD'));
Insert into BUY (BUY_NO,TITLE,WRITER,CONTENT,READCOUNT,REG_DATE) values (21,'타이틀21',21,'컨텐츠21',0,to_date('24/05/01','RR/MM/DD'));
Insert into BUY (BUY_NO,TITLE,WRITER,CONTENT,READCOUNT,REG_DATE) values (22,'타이틀22',22,'컨텐츠22',0,to_date('24/05/01','RR/MM/DD'));
Insert into BUY (BUY_NO,TITLE,WRITER,CONTENT,READCOUNT,REG_DATE) values (23,'타이틀23',23,'컨텐츠23',0,to_date('24/05/01','RR/MM/DD'));
Insert into BUY (BUY_NO,TITLE,WRITER,CONTENT,READCOUNT,REG_DATE) values (24,'타이틀24',24,'컨텐츠24',0,to_date('24/05/01','RR/MM/DD'));
Insert into BUY (BUY_NO,TITLE,WRITER,CONTENT,READCOUNT,REG_DATE) values (25,'타이틀25',25,'컨텐츠25',0,to_date('24/05/01','RR/MM/DD'));
Insert into BUY (BUY_NO,TITLE,WRITER,CONTENT,READCOUNT,REG_DATE) values (26,'타이틀26',26,'컨텐츠26',0,to_date('24/05/01','RR/MM/DD'));
REM INSERTING into CUSTOMERSERVICE
SET DEFINE OFF;
Insert into CUSTOMERSERVICE (CUSTOMERSERVICE_CATEGORYNO,CUSTOMERSERVICE_SUBJECT,CUSTOMERSERVICE_CONTENT) values (1,'회원가입은 어떻게 하나요?','회원가입은 홈페이지 우측 상단의 "회원가입" 버튼을 클릭하여 이메일 주소 및 비밀번호를 입력하고 가입 양식을 제출하면 됩니다.');
Insert into CUSTOMERSERVICE (CUSTOMERSERVICE_CATEGORYNO,CUSTOMERSERVICE_SUBJECT,CUSTOMERSERVICE_CONTENT) values (1,'비밀번호를 잊어버렸어요. 어떻게 하면 되나요?','로그인 페이지에서 "회원정보찾기"를 클릭하여 정보를 입력해주시면 됩니다.');
Insert into CUSTOMERSERVICE (CUSTOMERSERVICE_CATEGORYNO,CUSTOMERSERVICE_SUBJECT,CUSTOMERSERVICE_CONTENT) values (1,'계정을 삭제하려면 어떻게 해야 하나요?','계정 삭제를 원하실 경우 고객 서비스에 문의하여 삭제 절차를 안내받으세요.');
Insert into CUSTOMERSERVICE (CUSTOMERSERVICE_CATEGORYNO,CUSTOMERSERVICE_SUBJECT,CUSTOMERSERVICE_CONTENT) values (1,'하나의 이메일로 여러 개의 게정을 만들 수 있나요?','아니요, 하나의 이메일로는 하나의 계정만 만들 수 있습니다.');
Insert into CUSTOMERSERVICE (CUSTOMERSERVICE_CATEGORYNO,CUSTOMERSERVICE_SUBJECT,CUSTOMERSERVICE_CONTENT) values (1,'회원 정보를 수정하려면 어디에서 할 수 있나요?','마이페이지에서 개인 정보를 수정할 수 있습니다.');
Insert into CUSTOMERSERVICE (CUSTOMERSERVICE_CATEGORYNO,CUSTOMERSERVICE_SUBJECT,CUSTOMERSERVICE_CONTENT) values (2,'경기 매칭은 어떻게 이루어지나요?','"매칭 찾기"에서 원하는 지역과 시간을 선택하신 후 원하는 경기를 선택하시면 매칭할 수 있습니다.');
Insert into CUSTOMERSERVICE (CUSTOMERSERVICE_CATEGORYNO,CUSTOMERSERVICE_SUBJECT,CUSTOMERSERVICE_CONTENT) values (2,'매칭 조건을 변경할 수 있나요?','"매칭 찾기"에서 원하는 지역과 시간을 선택하여 원하는 매칭 조건을 찾으실 수 있습니다.');
Insert into CUSTOMERSERVICE (CUSTOMERSERVICE_CATEGORYNO,CUSTOMERSERVICE_SUBJECT,CUSTOMERSERVICE_CONTENT) values (2,'매칭 결과를 어떻게 확인할 수 있나요?','마이페이지에서 해당 경기 결과와 세부적인 통계, 랭킹 자료를 확인하실 수 있습니다.');
Insert into CUSTOMERSERVICE (CUSTOMERSERVICE_CATEGORYNO,CUSTOMERSERVICE_SUBJECT,CUSTOMERSERVICE_CONTENT) values (2,'이미 매칭된 상대방과의 경기를 취소할 수 있나요?','네, 매칭된 경기는 매칭 확인 페이지에서 취소할 수 있습니다. 다만, 취소 시 상대방에게 사정 통지하는 것을 권유드립니다.');
Insert into CUSTOMERSERVICE (CUSTOMERSERVICE_CATEGORYNO,CUSTOMERSERVICE_SUBJECT,CUSTOMERSERVICE_CONTENT) values (2,'경기를 마친 후기를 작성할 수 있나요?','경기를 마친 후에는 매칭을 신청한 대표자가 경기 후기를 작성할 수 있습니다. 이를 통해 상대팀은 물론 용병의 평가를 할 수 있습니다.');
Insert into CUSTOMERSERVICE (CUSTOMERSERVICE_CATEGORYNO,CUSTOMERSERVICE_SUBJECT,CUSTOMERSERVICE_CONTENT) values (3,'예약은 어떻게 하나요?','예약을 하려면 먼저 웹페이지에 가입한 뒤, 로그인 해야 합니다. 다음 사용 가능한 날짜와 시간을 확인하여 원하는 날짜와 시간을 선택한 후 예약을 완료하세요.');
Insert into CUSTOMERSERVICE (CUSTOMERSERVICE_CATEGORYNO,CUSTOMERSERVICE_SUBJECT,CUSTOMERSERVICE_CONTENT) values (3,'예약이 정상적으로 완료되었는지 어떻게 확인할 수 있나요?','예약이 완료되면 마이페이지에서 예약 내역을 확인할 수 있습니다.');
Insert into CUSTOMERSERVICE (CUSTOMERSERVICE_CATEGORYNO,CUSTOMERSERVICE_SUBJECT,CUSTOMERSERVICE_CONTENT) values (3,'예약을 변경하려면 어떻게 해야 하나요?','예약을 변경하려면 로그인 한 후 예약 목록에서 해당 예약을 선택하여 변경 요청을 제출하세요. 변경 가능한 날짜와 시간을 확인한 후 변경이 완료됩니다.');
Insert into CUSTOMERSERVICE (CUSTOMERSERVICE_CATEGORYNO,CUSTOMERSERVICE_SUBJECT,CUSTOMERSERVICE_CONTENT) values (3,'예약을 취소하려면 어떻게 해야 하나요?','예약 취소 정책은 경기 예약 상황과 시간에 따라 다를 수 있습니다. 자세한 내용은 고객 서비스에 문의해주세요.');
Insert into CUSTOMERSERVICE (CUSTOMERSERVICE_CATEGORYNO,CUSTOMERSERVICE_SUBJECT,CUSTOMERSERVICE_CONTENT) values (4,'서비스 이용 중 문제가 발생했어요. 어떻게 해결하죠?','문제가 발생했을 때는 고객 지원팀에 문의하여 신속하고 정확한 도움을 받을 수 있습니다.');
Insert into CUSTOMERSERVICE (CUSTOMERSERVICE_CATEGORYNO,CUSTOMERSERVICE_SUBJECT,CUSTOMERSERVICE_CONTENT) values (4,'새로운 기능을 기능을 제안하고 싶어요. 어디에 의견을 보내면 되나요?','고객 의견은 저희에게 매우 소중합니다. 이메일이나 SNS를 통해 의견을 보내실 수 있습니다. 제안된 기능은 우선적으로 검토되고, 적절하다고 판단될 경우 서비스에 반영될 수 있습니다.');
Insert into CUSTOMERSERVICE (CUSTOMERSERVICE_CATEGORYNO,CUSTOMERSERVICE_SUBJECT,CUSTOMERSERVICE_CONTENT) values (4,'새로운 업데이트나 기능 개선이 있을 때 어떻게 알 수 있나요?','새로운 업데이트나 기능 개선에 대한 소식은 공식 웹사이트 공지사항을 통해 확인하실 수 있습니다.');
Insert into CUSTOMERSERVICE (CUSTOMERSERVICE_CATEGORYNO,CUSTOMERSERVICE_SUBJECT,CUSTOMERSERVICE_CONTENT) values (4,'서비스를 더 잘 활용하기 위한 자료는 어디에서 확인할 수 있나요?','추후 사용자들이 서비스를 더 효과적으로 활용할 수 있도록 다양한 자료를 추가할 예정입니다. 많은 관심 부탁드립니다.');
Insert into CUSTOMERSERVICE (CUSTOMERSERVICE_CATEGORYNO,CUSTOMERSERVICE_SUBJECT,CUSTOMERSERVICE_CONTENT) values (5,'서비스 이용에 관한 약관은 어디에서 확인할 수 있나요?','서비스 이용에 관한 약관은 로그인 또는 회원가입 시 동의하셔야 합니다. 약관은 웹사이트의 이용 약관 페이지에서 언제든지 확인하실 수 있습니다.');
Insert into CUSTOMERSERVICE (CUSTOMERSERVICE_CATEGORYNO,CUSTOMERSERVICE_SUBJECT,CUSTOMERSERVICE_CONTENT) values (5,'서비스와 소셜 미디어 계정을 연동할 수 있나요?','편리한 로그인 및 공유를 위해 추후 소셜 미디어 계정과 연동할 수 있는 서비스를 제공하고자 준비하고 있습니다.');
REM INSERTING into CUSTOMERSERVICE_CATEGORY
SET DEFINE OFF;
Insert into CUSTOMERSERVICE_CATEGORY (CUSTOMERSERVICE_CATEGORYNO,CUSTOMERSERVICE_CATEGORYNAME) values (1,'계정 및 회원가입');
Insert into CUSTOMERSERVICE_CATEGORY (CUSTOMERSERVICE_CATEGORYNO,CUSTOMERSERVICE_CATEGORYNAME) values (2,'경기 매칭');
Insert into CUSTOMERSERVICE_CATEGORY (CUSTOMERSERVICE_CATEGORYNO,CUSTOMERSERVICE_CATEGORYNAME) values (3,'예약');
Insert into CUSTOMERSERVICE_CATEGORY (CUSTOMERSERVICE_CATEGORYNO,CUSTOMERSERVICE_CATEGORYNAME) values (4,'기술 지원');
Insert into CUSTOMERSERVICE_CATEGORY (CUSTOMERSERVICE_CATEGORYNO,CUSTOMERSERVICE_CATEGORYNAME) values (5,'기타');
REM INSERTING into DAY_OF_WEEK
SET DEFINE OFF;
Insert into DAY_OF_WEEK (DAY_NO,DAY_NAME) values (1,'월');
Insert into DAY_OF_WEEK (DAY_NO,DAY_NAME) values (2,'화');
Insert into DAY_OF_WEEK (DAY_NO,DAY_NAME) values (3,'수');
Insert into DAY_OF_WEEK (DAY_NO,DAY_NAME) values (4,'목');
Insert into DAY_OF_WEEK (DAY_NO,DAY_NAME) values (5,'금');
Insert into DAY_OF_WEEK (DAY_NO,DAY_NAME) values (6,'토');
Insert into DAY_OF_WEEK (DAY_NO,DAY_NAME) values (7,'일');
REM INSERTING into FREE_SHARING
SET DEFINE OFF;
Insert into FREE_SHARING (FREE_SHARING_NO,SUBJECT,WRITER,CONTENT,READCOUNT,REG_DATE) values (30,'주장 완장 무료나눔합니다',2,'지역은 서울 가산디지털단지역 부근 직거래 할게요~',0,to_date('24/05/21','RR/MM/DD'));
Insert into FREE_SHARING (FREE_SHARING_NO,SUBJECT,WRITER,CONTENT,READCOUNT,REG_DATE) values (31,'아디다스 트레이닝복 가져가요~',15,'사이즈 작아서 그냥 드릴게요~
지역은 금천구 입니다~',0,to_date('24/05/21','RR/MM/DD'));
Insert into FREE_SHARING (FREE_SHARING_NO,SUBJECT,WRITER,CONTENT,READCOUNT,REG_DATE) values (32,'헤어밴드 무료나눔합니다',13,'부천쪽이고 오후에만 가능합니다~',0,to_date('24/05/21','RR/MM/DD'));
Insert into FREE_SHARING (FREE_SHARING_NO,SUBJECT,WRITER,CONTENT,READCOUNT,REG_DATE) values (33,'미즈나 축구장갑 10회 착용!',18,'독산역쪽 오후7시 이후 가능합니다!',0,to_date('24/05/21','RR/MM/DD'));
Insert into FREE_SHARING (FREE_SHARING_NO,SUBJECT,WRITER,CONTENT,READCOUNT,REG_DATE) values (34,'축구공 에어펌프 가져가세요',10,'선착순!',0,to_date('24/05/21','RR/MM/DD'));
Insert into FREE_SHARING (FREE_SHARING_NO,SUBJECT,WRITER,CONTENT,READCOUNT,REG_DATE) values (35,'호날두 유니폼 가져가요',3,'날강도 유니폼 태우기 전에 가져가세요',0,to_date('24/05/21','RR/MM/DD'));
Insert into FREE_SHARING (FREE_SHARING_NO,SUBJECT,WRITER,CONTENT,READCOUNT,REG_DATE) values (36,'메시 vs 날강두',9,'메시가 좋아요 하는 사람 
키카 축구공 무료나눔합니다!',0,to_date('24/05/21','RR/MM/DD'));
Insert into FREE_SHARING (FREE_SHARING_NO,SUBJECT,WRITER,CONTENT,READCOUNT,REG_DATE) values (37,'손흥민 친필사인 유니폼 무료나눔',45,'손흥민이 친동생이라서 뿌리는중',0,to_date('24/05/21','RR/MM/DD'));
Insert into FREE_SHARING (FREE_SHARING_NO,SUBJECT,WRITER,CONTENT,READCOUNT,REG_DATE) values (38,'나눕니다아아아',42,'나누요오오오',0,to_date('24/05/21','RR/MM/DD'));
Insert into FREE_SHARING (FREE_SHARING_NO,SUBJECT,WRITER,CONTENT,READCOUNT,REG_DATE) values (25,'팀 조끼 무료나눔 합니다',25,'10장 있습니다        ',5,to_date('24/05/10','RR/MM/DD'));
Insert into FREE_SHARING (FREE_SHARING_NO,SUBJECT,WRITER,CONTENT,READCOUNT,REG_DATE) values (29,'축구화 상태 좋은 제품 무료 나눔',38,'축구화 상태 좋은 제품 무료 나눔합니다.
주소지 가까운 분들께 우선 나눔합니다.',5,to_date('24/05/21','RR/MM/DD'));
REM INSERTING into FREE_SHARING_COMMENT
SET DEFINE OFF;
REM INSERTING into FREEBOARD
SET DEFINE OFF;
Insert into FREEBOARD (B_NO,SUBJECT,WRITER,CONTENT,REG_DATE,READCOUNT) values (2,'제목2',2,'콘텐츠22',to_date('24/05/03','RR/MM/DD'),10);
Insert into FREEBOARD (B_NO,SUBJECT,WRITER,CONTENT,REG_DATE,READCOUNT) values (3,'제목32222',27,'콘텐츠27222',to_date('24/05/01','RR/MM/DD'),6);
Insert into FREEBOARD (B_NO,SUBJECT,WRITER,CONTENT,REG_DATE,READCOUNT) values (4,'안녕1',27,'안녕하세요1',to_date('24/05/03','RR/MM/DD'),24);
Insert into FREEBOARD (B_NO,SUBJECT,WRITER,CONTENT,REG_DATE,READCOUNT) values (15,'123456',2,'123456',to_date('24/05/18','RR/MM/DD'),72);
Insert into FREEBOARD (B_NO,SUBJECT,WRITER,CONTENT,REG_DATE,READCOUNT) values (6,'에이비씨',2,'에이비씨',to_date('24/05/04','RR/MM/DD'),23);
Insert into FREEBOARD (B_NO,SUBJECT,WRITER,CONTENT,REG_DATE,READCOUNT) values (7,'웅순 가입했어요~',2,'반갑습니다~',to_date('24/05/04','RR/MM/DD'),3);
Insert into FREEBOARD (B_NO,SUBJECT,WRITER,CONTENT,REG_DATE,READCOUNT) values (8,'2',2,'2',to_date('24/05/04','RR/MM/DD'),24);
Insert into FREEBOARD (B_NO,SUBJECT,WRITER,CONTENT,REG_DATE,READCOUNT) values (9,'1',2,'2',to_date('24/05/04','RR/MM/DD'),10);
Insert into FREEBOARD (B_NO,SUBJECT,WRITER,CONTENT,REG_DATE,READCOUNT) values (10,'3',2,'3',to_date('24/05/04','RR/MM/DD'),31);
Insert into FREEBOARD (B_NO,SUBJECT,WRITER,CONTENT,REG_DATE,READCOUNT) values (11,'1',2,'2',to_date('24/05/11','RR/MM/DD'),27);
Insert into FREEBOARD (B_NO,SUBJECT,WRITER,CONTENT,REG_DATE,READCOUNT) values (12,'111111',1,'11111',to_date('24/05/17','RR/MM/DD'),3);
Insert into FREEBOARD (B_NO,SUBJECT,WRITER,CONTENT,REG_DATE,READCOUNT) values (13,'1212',1,'1212',to_date('24/05/17','RR/MM/DD'),8);
Insert into FREEBOARD (B_NO,SUBJECT,WRITER,CONTENT,REG_DATE,READCOUNT) values (14,'테스트1',1,'테스트1',to_date('24/05/17','RR/MM/DD'),41);
Insert into FREEBOARD (B_NO,SUBJECT,WRITER,CONTENT,REG_DATE,READCOUNT) values (16,'가입했어요',42,'방가워요',to_date('24/05/21','RR/MM/DD'),33);
Insert into FREEBOARD (B_NO,SUBJECT,WRITER,CONTENT,REG_DATE,READCOUNT) values (1,'제목1',1,'콘텐츠1',to_date('24/05/01','RR/MM/DD'),57);
REM INSERTING into FREEBOARD_COMMENT
SET DEFINE OFF;
Insert into FREEBOARD_COMMENT (COMMENT_NO,B_NO,NICK_NAME,CONTENT,GROUP_NO,PRINT_NO,PRINT_LEVEL,REG_DATE) values (3,1,'1','1',3,0,0,to_date('24/05/03','RR/MM/DD'));
Insert into FREEBOARD_COMMENT (COMMENT_NO,B_NO,NICK_NAME,CONTENT,GROUP_NO,PRINT_NO,PRINT_LEVEL,REG_DATE) values (4,2,'ㅁ','ㅁ',4,0,0,to_date('24/05/03','RR/MM/DD'));
Insert into FREEBOARD_COMMENT (COMMENT_NO,B_NO,NICK_NAME,CONTENT,GROUP_NO,PRINT_NO,PRINT_LEVEL,REG_DATE) values (5,2,'ㅁ2','ㅁ',5,0,0,to_date('24/05/03','RR/MM/DD'));
Insert into FREEBOARD_COMMENT (COMMENT_NO,B_NO,NICK_NAME,CONTENT,GROUP_NO,PRINT_NO,PRINT_LEVEL,REG_DATE) values (6,2,'ㅁ3','ㅁ',6,0,0,to_date('24/05/03','RR/MM/DD'));
Insert into FREEBOARD_COMMENT (COMMENT_NO,B_NO,NICK_NAME,CONTENT,GROUP_NO,PRINT_NO,PRINT_LEVEL,REG_DATE) values (7,2,'ㅁㅁ','1',6,1,1,to_date('24/05/03','RR/MM/DD'));
Insert into FREEBOARD_COMMENT (COMMENT_NO,B_NO,NICK_NAME,CONTENT,GROUP_NO,PRINT_NO,PRINT_LEVEL,REG_DATE) values (8,4,'ㅁ','ㅁ',8,0,0,to_date('24/05/03','RR/MM/DD'));
Insert into FREEBOARD_COMMENT (COMMENT_NO,B_NO,NICK_NAME,CONTENT,GROUP_NO,PRINT_NO,PRINT_LEVEL,REG_DATE) values (9,4,'ㅁㅁ','ㅁㅁ',8,4,1,to_date('24/05/03','RR/MM/DD'));
Insert into FREEBOARD_COMMENT (COMMENT_NO,B_NO,NICK_NAME,CONTENT,GROUP_NO,PRINT_NO,PRINT_LEVEL,REG_DATE) values (10,4,'ㅁㅁ','ㅁㅁ',8,1,1,to_date('24/05/03','RR/MM/DD'));
Insert into FREEBOARD_COMMENT (COMMENT_NO,B_NO,NICK_NAME,CONTENT,GROUP_NO,PRINT_NO,PRINT_LEVEL,REG_DATE) values (11,4,'ㄴㄴ','ㄴㄴ',8,3,2,to_date('24/05/03','RR/MM/DD'));
Insert into FREEBOARD_COMMENT (COMMENT_NO,B_NO,NICK_NAME,CONTENT,GROUP_NO,PRINT_NO,PRINT_LEVEL,REG_DATE) values (12,4,'ㄴㄴ','ㄴㄴ',8,2,2,to_date('24/05/03','RR/MM/DD'));
Insert into FREEBOARD_COMMENT (COMMENT_NO,B_NO,NICK_NAME,CONTENT,GROUP_NO,PRINT_NO,PRINT_LEVEL,REG_DATE) values (13,4,'ㄴㄴ','ㄴㄴ',8,6,2,to_date('24/05/03','RR/MM/DD'));
Insert into FREEBOARD_COMMENT (COMMENT_NO,B_NO,NICK_NAME,CONTENT,GROUP_NO,PRINT_NO,PRINT_LEVEL,REG_DATE) values (14,4,'ㄴㄴ','ㄴㄴ',8,5,2,to_date('24/05/03','RR/MM/DD'));
Insert into FREEBOARD_COMMENT (COMMENT_NO,B_NO,NICK_NAME,CONTENT,GROUP_NO,PRINT_NO,PRINT_LEVEL,REG_DATE) values (15,1,'파이리','파~~',1,2,2,to_date('24/05/03','RR/MM/DD'));
Insert into FREEBOARD_COMMENT (COMMENT_NO,B_NO,NICK_NAME,CONTENT,GROUP_NO,PRINT_NO,PRINT_LEVEL,REG_DATE) values (16,6,'1','2',16,0,0,to_date('24/05/04','RR/MM/DD'));
Insert into FREEBOARD_COMMENT (COMMENT_NO,B_NO,NICK_NAME,CONTENT,GROUP_NO,PRINT_NO,PRINT_LEVEL,REG_DATE) values (17,6,'3','4',17,0,0,to_date('24/05/04','RR/MM/DD'));
Insert into FREEBOARD_COMMENT (COMMENT_NO,B_NO,NICK_NAME,CONTENT,GROUP_NO,PRINT_NO,PRINT_LEVEL,REG_DATE) values (18,6,'3','4',18,0,0,to_date('24/05/04','RR/MM/DD'));
Insert into FREEBOARD_COMMENT (COMMENT_NO,B_NO,NICK_NAME,CONTENT,GROUP_NO,PRINT_NO,PRINT_LEVEL,REG_DATE) values (19,6,'3','4',19,0,0,to_date('24/05/04','RR/MM/DD'));
Insert into FREEBOARD_COMMENT (COMMENT_NO,B_NO,NICK_NAME,CONTENT,GROUP_NO,PRINT_NO,PRINT_LEVEL,REG_DATE) values (20,6,'3','4',20,0,0,to_date('24/05/04','RR/MM/DD'));
Insert into FREEBOARD_COMMENT (COMMENT_NO,B_NO,NICK_NAME,CONTENT,GROUP_NO,PRINT_NO,PRINT_LEVEL,REG_DATE) values (21,6,'5','5',20,1,1,to_date('24/05/04','RR/MM/DD'));
Insert into FREEBOARD_COMMENT (COMMENT_NO,B_NO,NICK_NAME,CONTENT,GROUP_NO,PRINT_NO,PRINT_LEVEL,REG_DATE) values (22,6,'6','6',20,2,2,to_date('24/05/04','RR/MM/DD'));
Insert into FREEBOARD_COMMENT (COMMENT_NO,B_NO,NICK_NAME,CONTENT,GROUP_NO,PRINT_NO,PRINT_LEVEL,REG_DATE) values (23,8,'샘플3','1',23,0,0,to_date('24/05/04','RR/MM/DD'));
Insert into FREEBOARD_COMMENT (COMMENT_NO,B_NO,NICK_NAME,CONTENT,GROUP_NO,PRINT_NO,PRINT_LEVEL,REG_DATE) values (24,8,'샘플3','2',24,0,0,to_date('24/05/04','RR/MM/DD'));
Insert into FREEBOARD_COMMENT (COMMENT_NO,B_NO,NICK_NAME,CONTENT,GROUP_NO,PRINT_NO,PRINT_LEVEL,REG_DATE) values (25,8,'샘플3','3',25,0,0,to_date('24/05/04','RR/MM/DD'));
Insert into FREEBOARD_COMMENT (COMMENT_NO,B_NO,NICK_NAME,CONTENT,GROUP_NO,PRINT_NO,PRINT_LEVEL,REG_DATE) values (26,8,'샘플3','4',26,0,0,to_date('24/05/04','RR/MM/DD'));
Insert into FREEBOARD_COMMENT (COMMENT_NO,B_NO,NICK_NAME,CONTENT,GROUP_NO,PRINT_NO,PRINT_LEVEL,REG_DATE) values (27,8,'샘플3','45',27,0,0,to_date('24/05/04','RR/MM/DD'));
Insert into FREEBOARD_COMMENT (COMMENT_NO,B_NO,NICK_NAME,CONTENT,GROUP_NO,PRINT_NO,PRINT_LEVEL,REG_DATE) values (28,8,'샘플3','456',28,0,0,to_date('24/05/04','RR/MM/DD'));
Insert into FREEBOARD_COMMENT (COMMENT_NO,B_NO,NICK_NAME,CONTENT,GROUP_NO,PRINT_NO,PRINT_LEVEL,REG_DATE) values (29,8,'샘플3','asdfgf',29,0,0,to_date('24/05/04','RR/MM/DD'));
Insert into FREEBOARD_COMMENT (COMMENT_NO,B_NO,NICK_NAME,CONTENT,GROUP_NO,PRINT_NO,PRINT_LEVEL,REG_DATE) values (30,8,'샘플3','1',30,0,0,to_date('24/05/04','RR/MM/DD'));
Insert into FREEBOARD_COMMENT (COMMENT_NO,B_NO,NICK_NAME,CONTENT,GROUP_NO,PRINT_NO,PRINT_LEVEL,REG_DATE) values (31,8,'샘플3','12',31,0,0,to_date('24/05/04','RR/MM/DD'));
Insert into FREEBOARD_COMMENT (COMMENT_NO,B_NO,NICK_NAME,CONTENT,GROUP_NO,PRINT_NO,PRINT_LEVEL,REG_DATE) values (32,8,'샘플3','123',32,0,0,to_date('24/05/04','RR/MM/DD'));
Insert into FREEBOARD_COMMENT (COMMENT_NO,B_NO,NICK_NAME,CONTENT,GROUP_NO,PRINT_NO,PRINT_LEVEL,REG_DATE) values (33,8,'샘플3','1234',33,0,0,to_date('24/05/04','RR/MM/DD'));
Insert into FREEBOARD_COMMENT (COMMENT_NO,B_NO,NICK_NAME,CONTENT,GROUP_NO,PRINT_NO,PRINT_LEVEL,REG_DATE) values (34,8,'샘플3','12345',34,0,0,to_date('24/05/04','RR/MM/DD'));
Insert into FREEBOARD_COMMENT (COMMENT_NO,B_NO,NICK_NAME,CONTENT,GROUP_NO,PRINT_NO,PRINT_LEVEL,REG_DATE) values (35,8,'샘플3','123456',35,0,0,to_date('24/05/04','RR/MM/DD'));
Insert into FREEBOARD_COMMENT (COMMENT_NO,B_NO,NICK_NAME,CONTENT,GROUP_NO,PRINT_NO,PRINT_LEVEL,REG_DATE) values (36,8,'샘플3','1234567',36,0,0,to_date('24/05/04','RR/MM/DD'));
Insert into FREEBOARD_COMMENT (COMMENT_NO,B_NO,NICK_NAME,CONTENT,GROUP_NO,PRINT_NO,PRINT_LEVEL,REG_DATE) values (37,8,'샘플3','a',36,1,1,to_date('24/05/04','RR/MM/DD'));
Insert into FREEBOARD_COMMENT (COMMENT_NO,B_NO,NICK_NAME,CONTENT,GROUP_NO,PRINT_NO,PRINT_LEVEL,REG_DATE) values (38,8,'샘플3','a',36,2,2,to_date('24/05/04','RR/MM/DD'));
Insert into FREEBOARD_COMMENT (COMMENT_NO,B_NO,NICK_NAME,CONTENT,GROUP_NO,PRINT_NO,PRINT_LEVEL,REG_DATE) values (39,8,'샘플3','asdf',36,3,3,to_date('24/05/04','RR/MM/DD'));
Insert into FREEBOARD_COMMENT (COMMENT_NO,B_NO,NICK_NAME,CONTENT,GROUP_NO,PRINT_NO,PRINT_LEVEL,REG_DATE) values (40,8,'샘플3','asd',36,4,4,to_date('24/05/04','RR/MM/DD'));
Insert into FREEBOARD_COMMENT (COMMENT_NO,B_NO,NICK_NAME,CONTENT,GROUP_NO,PRINT_NO,PRINT_LEVEL,REG_DATE) values (41,8,'샘플3','123',41,0,0,to_date('24/05/04','RR/MM/DD'));
Insert into FREEBOARD_COMMENT (COMMENT_NO,B_NO,NICK_NAME,CONTENT,GROUP_NO,PRINT_NO,PRINT_LEVEL,REG_DATE) values (42,8,'샘플3','123',41,1,1,to_date('24/05/04','RR/MM/DD'));
Insert into FREEBOARD_COMMENT (COMMENT_NO,B_NO,NICK_NAME,CONTENT,GROUP_NO,PRINT_NO,PRINT_LEVEL,REG_DATE) values (43,9,'샘플3','삭제된 댓글입니다.',43,0,0,to_date('24/05/04','RR/MM/DD'));
Insert into FREEBOARD_COMMENT (COMMENT_NO,B_NO,NICK_NAME,CONTENT,GROUP_NO,PRINT_NO,PRINT_LEVEL,REG_DATE) values (44,10,'샘플3','1',44,0,0,to_date('24/05/04','RR/MM/DD'));
Insert into FREEBOARD_COMMENT (COMMENT_NO,B_NO,NICK_NAME,CONTENT,GROUP_NO,PRINT_NO,PRINT_LEVEL,REG_DATE) values (45,10,'샘플3','2',44,8,1,to_date('24/05/04','RR/MM/DD'));
Insert into FREEBOARD_COMMENT (COMMENT_NO,B_NO,NICK_NAME,CONTENT,GROUP_NO,PRINT_NO,PRINT_LEVEL,REG_DATE) values (46,10,'샘플3','3',44,7,1,to_date('24/05/04','RR/MM/DD'));
Insert into FREEBOARD_COMMENT (COMMENT_NO,B_NO,NICK_NAME,CONTENT,GROUP_NO,PRINT_NO,PRINT_LEVEL,REG_DATE) values (47,10,'샘플3','4',44,6,1,to_date('24/05/04','RR/MM/DD'));
Insert into FREEBOARD_COMMENT (COMMENT_NO,B_NO,NICK_NAME,CONTENT,GROUP_NO,PRINT_NO,PRINT_LEVEL,REG_DATE) values (48,10,'샘플3','5',44,5,1,to_date('24/05/04','RR/MM/DD'));
Insert into FREEBOARD_COMMENT (COMMENT_NO,B_NO,NICK_NAME,CONTENT,GROUP_NO,PRINT_NO,PRINT_LEVEL,REG_DATE) values (49,10,'샘플3','6',44,4,1,to_date('24/05/04','RR/MM/DD'));
Insert into FREEBOARD_COMMENT (COMMENT_NO,B_NO,NICK_NAME,CONTENT,GROUP_NO,PRINT_NO,PRINT_LEVEL,REG_DATE) values (50,10,'샘플3','7',44,1,1,to_date('24/05/04','RR/MM/DD'));
Insert into FREEBOARD_COMMENT (COMMENT_NO,B_NO,NICK_NAME,CONTENT,GROUP_NO,PRINT_NO,PRINT_LEVEL,REG_DATE) values (51,10,'샘플3','1',44,3,2,to_date('24/05/04','RR/MM/DD'));
Insert into FREEBOARD_COMMENT (COMMENT_NO,B_NO,NICK_NAME,CONTENT,GROUP_NO,PRINT_NO,PRINT_LEVEL,REG_DATE) values (52,10,'샘플3','2',44,2,2,to_date('24/05/04','RR/MM/DD'));
Insert into FREEBOARD_COMMENT (COMMENT_NO,B_NO,NICK_NAME,CONTENT,GROUP_NO,PRINT_NO,PRINT_LEVEL,REG_DATE) values (53,10,'null','1',53,0,0,to_date('24/05/05','RR/MM/DD'));
Insert into FREEBOARD_COMMENT (COMMENT_NO,B_NO,NICK_NAME,CONTENT,GROUP_NO,PRINT_NO,PRINT_LEVEL,REG_DATE) values (54,10,'null','1',54,0,0,to_date('24/05/05','RR/MM/DD'));
Insert into FREEBOARD_COMMENT (COMMENT_NO,B_NO,NICK_NAME,CONTENT,GROUP_NO,PRINT_NO,PRINT_LEVEL,REG_DATE) values (55,10,'null',' 1',54,1,1,to_date('24/05/05','RR/MM/DD'));
Insert into FREEBOARD_COMMENT (COMMENT_NO,B_NO,NICK_NAME,CONTENT,GROUP_NO,PRINT_NO,PRINT_LEVEL,REG_DATE) values (56,10,'null','  2',54,2,2,to_date('24/05/05','RR/MM/DD'));
Insert into FREEBOARD_COMMENT (COMMENT_NO,B_NO,NICK_NAME,CONTENT,GROUP_NO,PRINT_NO,PRINT_LEVEL,REG_DATE) values (57,10,'null',' 3',54,3,3,to_date('24/05/05','RR/MM/DD'));
Insert into FREEBOARD_COMMENT (COMMENT_NO,B_NO,NICK_NAME,CONTENT,GROUP_NO,PRINT_NO,PRINT_LEVEL,REG_DATE) values (58,10,'null','4',54,4,4,to_date('24/05/05','RR/MM/DD'));
Insert into FREEBOARD_COMMENT (COMMENT_NO,B_NO,NICK_NAME,CONTENT,GROUP_NO,PRINT_NO,PRINT_LEVEL,REG_DATE) values (1,1,'ㅁ','ㅁ',1,0,0,to_date('24/05/01','RR/MM/DD'));
Insert into FREEBOARD_COMMENT (COMMENT_NO,B_NO,NICK_NAME,CONTENT,GROUP_NO,PRINT_NO,PRINT_LEVEL,REG_DATE) values (2,1,'ㅁㅁ','ㅁㅁ',1,1,1,to_date('24/05/01','RR/MM/DD'));
Insert into FREEBOARD_COMMENT (COMMENT_NO,B_NO,NICK_NAME,CONTENT,GROUP_NO,PRINT_NO,PRINT_LEVEL,REG_DATE) values (59,10,'null','5',54,5,5,to_date('24/05/05','RR/MM/DD'));
Insert into FREEBOARD_COMMENT (COMMENT_NO,B_NO,NICK_NAME,CONTENT,GROUP_NO,PRINT_NO,PRINT_LEVEL,REG_DATE) values (60,10,'샘플3','123',60,0,0,to_date('24/05/07','RR/MM/DD'));
Insert into FREEBOARD_COMMENT (COMMENT_NO,B_NO,NICK_NAME,CONTENT,GROUP_NO,PRINT_NO,PRINT_LEVEL,REG_DATE) values (61,10,'샘플3','123',60,1,1,to_date('24/05/07','RR/MM/DD'));
Insert into FREEBOARD_COMMENT (COMMENT_NO,B_NO,NICK_NAME,CONTENT,GROUP_NO,PRINT_NO,PRINT_LEVEL,REG_DATE) values (62,10,'샘플3','123',60,2,2,to_date('24/05/07','RR/MM/DD'));
Insert into FREEBOARD_COMMENT (COMMENT_NO,B_NO,NICK_NAME,CONTENT,GROUP_NO,PRINT_NO,PRINT_LEVEL,REG_DATE) values (63,10,'샘플3','123',60,3,3,to_date('24/05/07','RR/MM/DD'));
Insert into FREEBOARD_COMMENT (COMMENT_NO,B_NO,NICK_NAME,CONTENT,GROUP_NO,PRINT_NO,PRINT_LEVEL,REG_DATE) values (64,10,'샘플3','456',64,0,0,to_date('24/05/10','RR/MM/DD'));
Insert into FREEBOARD_COMMENT (COMMENT_NO,B_NO,NICK_NAME,CONTENT,GROUP_NO,PRINT_NO,PRINT_LEVEL,REG_DATE) values (65,11,'샘플3','1',65,0,0,to_date('24/05/11','RR/MM/DD'));
Insert into FREEBOARD_COMMENT (COMMENT_NO,B_NO,NICK_NAME,CONTENT,GROUP_NO,PRINT_NO,PRINT_LEVEL,REG_DATE) values (66,13,'관리자','1',66,0,0,to_date('24/05/17','RR/MM/DD'));
Insert into FREEBOARD_COMMENT (COMMENT_NO,B_NO,NICK_NAME,CONTENT,GROUP_NO,PRINT_NO,PRINT_LEVEL,REG_DATE) values (67,13,'관리자','12',67,0,0,to_date('24/05/17','RR/MM/DD'));
Insert into FREEBOARD_COMMENT (COMMENT_NO,B_NO,NICK_NAME,CONTENT,GROUP_NO,PRINT_NO,PRINT_LEVEL,REG_DATE) values (68,13,'관리자','123',68,0,0,to_date('24/05/17','RR/MM/DD'));
Insert into FREEBOARD_COMMENT (COMMENT_NO,B_NO,NICK_NAME,CONTENT,GROUP_NO,PRINT_NO,PRINT_LEVEL,REG_DATE) values (69,13,'관리자','1234',69,0,0,to_date('24/05/17','RR/MM/DD'));
Insert into FREEBOARD_COMMENT (COMMENT_NO,B_NO,NICK_NAME,CONTENT,GROUP_NO,PRINT_NO,PRINT_LEVEL,REG_DATE) values (70,13,'관리자','12345',70,0,0,to_date('24/05/17','RR/MM/DD'));
Insert into FREEBOARD_COMMENT (COMMENT_NO,B_NO,NICK_NAME,CONTENT,GROUP_NO,PRINT_NO,PRINT_LEVEL,REG_DATE) values (71,13,'관리자','00',70,1,1,to_date('24/05/17','RR/MM/DD'));
Insert into FREEBOARD_COMMENT (COMMENT_NO,B_NO,NICK_NAME,CONTENT,GROUP_NO,PRINT_NO,PRINT_LEVEL,REG_DATE) values (72,13,'관리자','009',70,2,2,to_date('24/05/17','RR/MM/DD'));
Insert into FREEBOARD_COMMENT (COMMENT_NO,B_NO,NICK_NAME,CONTENT,GROUP_NO,PRINT_NO,PRINT_LEVEL,REG_DATE) values (73,13,'관리자','89',70,3,3,to_date('24/05/17','RR/MM/DD'));
Insert into FREEBOARD_COMMENT (COMMENT_NO,B_NO,NICK_NAME,CONTENT,GROUP_NO,PRINT_NO,PRINT_LEVEL,REG_DATE) values (74,13,'관리자','654',68,1,1,to_date('24/05/17','RR/MM/DD'));
Insert into FREEBOARD_COMMENT (COMMENT_NO,B_NO,NICK_NAME,CONTENT,GROUP_NO,PRINT_NO,PRINT_LEVEL,REG_DATE) values (75,13,'관리자','63',68,2,2,to_date('24/05/17','RR/MM/DD'));
Insert into FREEBOARD_COMMENT (COMMENT_NO,B_NO,NICK_NAME,CONTENT,GROUP_NO,PRINT_NO,PRINT_LEVEL,REG_DATE) values (76,14,'관리자','테스트',76,0,0,to_date('24/05/17','RR/MM/DD'));
Insert into FREEBOARD_COMMENT (COMMENT_NO,B_NO,NICK_NAME,CONTENT,GROUP_NO,PRINT_NO,PRINT_LEVEL,REG_DATE) values (77,14,'관리자','테스트2',76,1,1,to_date('24/05/17','RR/MM/DD'));
Insert into FREEBOARD_COMMENT (COMMENT_NO,B_NO,NICK_NAME,CONTENT,GROUP_NO,PRINT_NO,PRINT_LEVEL,REG_DATE) values (78,14,'샘플3','123',78,0,0,to_date('24/05/18','RR/MM/DD'));
Insert into FREEBOARD_COMMENT (COMMENT_NO,B_NO,NICK_NAME,CONTENT,GROUP_NO,PRINT_NO,PRINT_LEVEL,REG_DATE) values (79,14,'샘플3','123',78,3,1,to_date('24/05/18','RR/MM/DD'));
Insert into FREEBOARD_COMMENT (COMMENT_NO,B_NO,NICK_NAME,CONTENT,GROUP_NO,PRINT_NO,PRINT_LEVEL,REG_DATE) values (80,14,'샘플3','123',78,1,1,to_date('24/05/18','RR/MM/DD'));
Insert into FREEBOARD_COMMENT (COMMENT_NO,B_NO,NICK_NAME,CONTENT,GROUP_NO,PRINT_NO,PRINT_LEVEL,REG_DATE) values (81,14,'샘플3','123',78,2,2,to_date('24/05/18','RR/MM/DD'));
Insert into FREEBOARD_COMMENT (COMMENT_NO,B_NO,NICK_NAME,CONTENT,GROUP_NO,PRINT_NO,PRINT_LEVEL,REG_DATE) values (82,14,'샘플3','1',82,0,0,to_date('24/05/18','RR/MM/DD'));
Insert into FREEBOARD_COMMENT (COMMENT_NO,B_NO,NICK_NAME,CONTENT,GROUP_NO,PRINT_NO,PRINT_LEVEL,REG_DATE) values (83,14,'샘플3','1',83,0,0,to_date('24/05/18','RR/MM/DD'));
Insert into FREEBOARD_COMMENT (COMMENT_NO,B_NO,NICK_NAME,CONTENT,GROUP_NO,PRINT_NO,PRINT_LEVEL,REG_DATE) values (84,14,'샘플3','123',83,1,1,to_date('24/05/18','RR/MM/DD'));
Insert into FREEBOARD_COMMENT (COMMENT_NO,B_NO,NICK_NAME,CONTENT,GROUP_NO,PRINT_NO,PRINT_LEVEL,REG_DATE) values (85,14,'샘플3','123',85,0,0,to_date('24/05/18','RR/MM/DD'));
Insert into FREEBOARD_COMMENT (COMMENT_NO,B_NO,NICK_NAME,CONTENT,GROUP_NO,PRINT_NO,PRINT_LEVEL,REG_DATE) values (86,14,'샘플3','123',85,2,1,to_date('24/05/18','RR/MM/DD'));
Insert into FREEBOARD_COMMENT (COMMENT_NO,B_NO,NICK_NAME,CONTENT,GROUP_NO,PRINT_NO,PRINT_LEVEL,REG_DATE) values (87,14,'샘플3','123',85,1,1,to_date('24/05/18','RR/MM/DD'));
Insert into FREEBOARD_COMMENT (COMMENT_NO,B_NO,NICK_NAME,CONTENT,GROUP_NO,PRINT_NO,PRINT_LEVEL,REG_DATE) values (88,14,'샘플3','123',88,0,0,to_date('24/05/18','RR/MM/DD'));
Insert into FREEBOARD_COMMENT (COMMENT_NO,B_NO,NICK_NAME,CONTENT,GROUP_NO,PRINT_NO,PRINT_LEVEL,REG_DATE) values (89,14,'샘플3','1234',89,0,0,to_date('24/05/18','RR/MM/DD'));
Insert into FREEBOARD_COMMENT (COMMENT_NO,B_NO,NICK_NAME,CONTENT,GROUP_NO,PRINT_NO,PRINT_LEVEL,REG_DATE) values (90,14,'샘플3','12345',90,0,0,to_date('24/05/18','RR/MM/DD'));
Insert into FREEBOARD_COMMENT (COMMENT_NO,B_NO,NICK_NAME,CONTENT,GROUP_NO,PRINT_NO,PRINT_LEVEL,REG_DATE) values (91,14,'샘플3','123456',91,0,0,to_date('24/05/18','RR/MM/DD'));
Insert into FREEBOARD_COMMENT (COMMENT_NO,B_NO,NICK_NAME,CONTENT,GROUP_NO,PRINT_NO,PRINT_LEVEL,REG_DATE) values (92,14,'샘플3','123',91,6,1,to_date('24/05/18','RR/MM/DD'));
Insert into FREEBOARD_COMMENT (COMMENT_NO,B_NO,NICK_NAME,CONTENT,GROUP_NO,PRINT_NO,PRINT_LEVEL,REG_DATE) values (93,14,'샘플3','123',91,5,1,to_date('24/05/18','RR/MM/DD'));
Insert into FREEBOARD_COMMENT (COMMENT_NO,B_NO,NICK_NAME,CONTENT,GROUP_NO,PRINT_NO,PRINT_LEVEL,REG_DATE) values (94,15,'샘플3','삭제된 댓글입니다.',94,0,0,to_date('24/05/18','RR/MM/DD'));
Insert into FREEBOARD_COMMENT (COMMENT_NO,B_NO,NICK_NAME,CONTENT,GROUP_NO,PRINT_NO,PRINT_LEVEL,REG_DATE) values (95,15,'샘플3','123',94,6,1,to_date('24/05/18','RR/MM/DD'));
Insert into FREEBOARD_COMMENT (COMMENT_NO,B_NO,NICK_NAME,CONTENT,GROUP_NO,PRINT_NO,PRINT_LEVEL,REG_DATE) values (96,15,'샘플3','123',94,7,2,to_date('24/05/18','RR/MM/DD'));
Insert into FREEBOARD_COMMENT (COMMENT_NO,B_NO,NICK_NAME,CONTENT,GROUP_NO,PRINT_NO,PRINT_LEVEL,REG_DATE) values (97,15,'영영영','123',94,3,1,to_date('24/05/18','RR/MM/DD'));
Insert into FREEBOARD_COMMENT (COMMENT_NO,B_NO,NICK_NAME,CONTENT,GROUP_NO,PRINT_NO,PRINT_LEVEL,REG_DATE) values (98,15,'영영영','삭제된 댓글입니다.',94,5,2,to_date('24/05/18','RR/MM/DD'));
Insert into FREEBOARD_COMMENT (COMMENT_NO,B_NO,NICK_NAME,CONTENT,GROUP_NO,PRINT_NO,PRINT_LEVEL,REG_DATE) values (99,15,'영영영','123',94,2,1,to_date('24/05/18','RR/MM/DD'));
Insert into FREEBOARD_COMMENT (COMMENT_NO,B_NO,NICK_NAME,CONTENT,GROUP_NO,PRINT_NO,PRINT_LEVEL,REG_DATE) values (100,15,'영영영','123',94,4,2,to_date('24/05/18','RR/MM/DD'));
Insert into FREEBOARD_COMMENT (COMMENT_NO,B_NO,NICK_NAME,CONTENT,GROUP_NO,PRINT_NO,PRINT_LEVEL,REG_DATE) values (101,14,'영영영','삭제된 댓글입니다.',91,1,1,to_date('24/05/18','RR/MM/DD'));
Insert into FREEBOARD_COMMENT (COMMENT_NO,B_NO,NICK_NAME,CONTENT,GROUP_NO,PRINT_NO,PRINT_LEVEL,REG_DATE) values (102,14,'영영영','123',91,4,2,to_date('24/05/18','RR/MM/DD'));
Insert into FREEBOARD_COMMENT (COMMENT_NO,B_NO,NICK_NAME,CONTENT,GROUP_NO,PRINT_NO,PRINT_LEVEL,REG_DATE) values (103,14,'영영영','123',91,3,2,to_date('24/05/18','RR/MM/DD'));
Insert into FREEBOARD_COMMENT (COMMENT_NO,B_NO,NICK_NAME,CONTENT,GROUP_NO,PRINT_NO,PRINT_LEVEL,REG_DATE) values (104,14,'영영영','123',91,2,2,to_date('24/05/18','RR/MM/DD'));
Insert into FREEBOARD_COMMENT (COMMENT_NO,B_NO,NICK_NAME,CONTENT,GROUP_NO,PRINT_NO,PRINT_LEVEL,REG_DATE) values (105,14,'영영영','안녕하세요',105,0,0,to_date('24/05/18','RR/MM/DD'));
Insert into FREEBOARD_COMMENT (COMMENT_NO,B_NO,NICK_NAME,CONTENT,GROUP_NO,PRINT_NO,PRINT_LEVEL,REG_DATE) values (106,14,'영영영','삭제된 댓글입니다.',105,2,1,to_date('24/05/18','RR/MM/DD'));
Insert into FREEBOARD_COMMENT (COMMENT_NO,B_NO,NICK_NAME,CONTENT,GROUP_NO,PRINT_NO,PRINT_LEVEL,REG_DATE) values (107,14,'영영영','333',105,3,2,to_date('24/05/18','RR/MM/DD'));
Insert into FREEBOARD_COMMENT (COMMENT_NO,B_NO,NICK_NAME,CONTENT,GROUP_NO,PRINT_NO,PRINT_LEVEL,REG_DATE) values (108,15,'관리자','1',108,0,0,to_date('24/05/18','RR/MM/DD'));
Insert into FREEBOARD_COMMENT (COMMENT_NO,B_NO,NICK_NAME,CONTENT,GROUP_NO,PRINT_NO,PRINT_LEVEL,REG_DATE) values (109,15,'관리자','ggg',108,1,1,to_date('24/05/18','RR/MM/DD'));
Insert into FREEBOARD_COMMENT (COMMENT_NO,B_NO,NICK_NAME,CONTENT,GROUP_NO,PRINT_NO,PRINT_LEVEL,REG_DATE) values (110,15,'관리자','3',108,2,2,to_date('24/05/18','RR/MM/DD'));
Insert into FREEBOARD_COMMENT (COMMENT_NO,B_NO,NICK_NAME,CONTENT,GROUP_NO,PRINT_NO,PRINT_LEVEL,REG_DATE) values (111,15,'관리자','1234',111,0,0,to_date('24/05/18','RR/MM/DD'));
Insert into FREEBOARD_COMMENT (COMMENT_NO,B_NO,NICK_NAME,CONTENT,GROUP_NO,PRINT_NO,PRINT_LEVEL,REG_DATE) values (112,14,'관리자','asd',112,0,0,to_date('24/05/18','RR/MM/DD'));
Insert into FREEBOARD_COMMENT (COMMENT_NO,B_NO,NICK_NAME,CONTENT,GROUP_NO,PRINT_NO,PRINT_LEVEL,REG_DATE) values (113,14,'관리자','asd',112,4,1,to_date('24/05/18','RR/MM/DD'));
Insert into FREEBOARD_COMMENT (COMMENT_NO,B_NO,NICK_NAME,CONTENT,GROUP_NO,PRINT_NO,PRINT_LEVEL,REG_DATE) values (114,14,'관리자','asd',112,5,2,to_date('24/05/18','RR/MM/DD'));
Insert into FREEBOARD_COMMENT (COMMENT_NO,B_NO,NICK_NAME,CONTENT,GROUP_NO,PRINT_NO,PRINT_LEVEL,REG_DATE) values (115,14,'관리자','12',105,1,1,to_date('24/05/18','RR/MM/DD'));
Insert into FREEBOARD_COMMENT (COMMENT_NO,B_NO,NICK_NAME,CONTENT,GROUP_NO,PRINT_NO,PRINT_LEVEL,REG_DATE) values (116,14,'관리자','123',76,2,2,to_date('24/05/18','RR/MM/DD'));
Insert into FREEBOARD_COMMENT (COMMENT_NO,B_NO,NICK_NAME,CONTENT,GROUP_NO,PRINT_NO,PRINT_LEVEL,REG_DATE) values (117,14,'관리자','123',76,3,3,to_date('24/05/18','RR/MM/DD'));
Insert into FREEBOARD_COMMENT (COMMENT_NO,B_NO,NICK_NAME,CONTENT,GROUP_NO,PRINT_NO,PRINT_LEVEL,REG_DATE) values (118,15,'관리자','삭제된 댓글입니다.',111,3,1,to_date('24/05/18','RR/MM/DD'));
Insert into FREEBOARD_COMMENT (COMMENT_NO,B_NO,NICK_NAME,CONTENT,GROUP_NO,PRINT_NO,PRINT_LEVEL,REG_DATE) values (119,15,'관리자','123',111,4,2,to_date('24/05/18','RR/MM/DD'));
Insert into FREEBOARD_COMMENT (COMMENT_NO,B_NO,NICK_NAME,CONTENT,GROUP_NO,PRINT_NO,PRINT_LEVEL,REG_DATE) values (120,15,'관리자','삭제된 댓글입니다.',111,1,1,to_date('24/05/18','RR/MM/DD'));
Insert into FREEBOARD_COMMENT (COMMENT_NO,B_NO,NICK_NAME,CONTENT,GROUP_NO,PRINT_NO,PRINT_LEVEL,REG_DATE) values (121,14,'샘플3','dddd',112,1,1,to_date('24/05/18','RR/MM/DD'));
Insert into FREEBOARD_COMMENT (COMMENT_NO,B_NO,NICK_NAME,CONTENT,GROUP_NO,PRINT_NO,PRINT_LEVEL,REG_DATE) values (122,14,'관리자','adsf',112,2,2,to_date('24/05/18','RR/MM/DD'));
Insert into FREEBOARD_COMMENT (COMMENT_NO,B_NO,NICK_NAME,CONTENT,GROUP_NO,PRINT_NO,PRINT_LEVEL,REG_DATE) values (123,14,'샘플3','rrrrrrrr',112,3,3,to_date('24/05/18','RR/MM/DD'));
Insert into FREEBOARD_COMMENT (COMMENT_NO,B_NO,NICK_NAME,CONTENT,GROUP_NO,PRINT_NO,PRINT_LEVEL,REG_DATE) values (124,15,'관리자','12',111,2,2,to_date('24/05/18','RR/MM/DD'));
Insert into FREEBOARD_COMMENT (COMMENT_NO,B_NO,NICK_NAME,CONTENT,GROUP_NO,PRINT_NO,PRINT_LEVEL,REG_DATE) values (125,15,'샘플3','123',94,1,1,to_date('24/05/18','RR/MM/DD'));
Insert into FREEBOARD_COMMENT (COMMENT_NO,B_NO,NICK_NAME,CONTENT,GROUP_NO,PRINT_NO,PRINT_LEVEL,REG_DATE) values (126,15,'관리자','123',126,0,0,to_date('24/05/18','RR/MM/DD'));
Insert into FREEBOARD_COMMENT (COMMENT_NO,B_NO,NICK_NAME,CONTENT,GROUP_NO,PRINT_NO,PRINT_LEVEL,REG_DATE) values (127,15,'샘플3','dfdd',126,7,1,to_date('24/05/18','RR/MM/DD'));
Insert into FREEBOARD_COMMENT (COMMENT_NO,B_NO,NICK_NAME,CONTENT,GROUP_NO,PRINT_NO,PRINT_LEVEL,REG_DATE) values (128,15,'영영영','tttt',126,2,1,to_date('24/05/18','RR/MM/DD'));
Insert into FREEBOARD_COMMENT (COMMENT_NO,B_NO,NICK_NAME,CONTENT,GROUP_NO,PRINT_NO,PRINT_LEVEL,REG_DATE) values (129,15,'영영영','asd',126,8,2,to_date('24/05/18','RR/MM/DD'));
Insert into FREEBOARD_COMMENT (COMMENT_NO,B_NO,NICK_NAME,CONTENT,GROUP_NO,PRINT_NO,PRINT_LEVEL,REG_DATE) values (130,15,'샘플3','삭제된 댓글입니다.',126,3,2,to_date('24/05/18','RR/MM/DD'));
Insert into FREEBOARD_COMMENT (COMMENT_NO,B_NO,NICK_NAME,CONTENT,GROUP_NO,PRINT_NO,PRINT_LEVEL,REG_DATE) values (131,15,'샘플3','삭제된 댓글입니다.',126,9,3,to_date('24/05/18','RR/MM/DD'));
Insert into FREEBOARD_COMMENT (COMMENT_NO,B_NO,NICK_NAME,CONTENT,GROUP_NO,PRINT_NO,PRINT_LEVEL,REG_DATE) values (132,15,'샘플3','555',126,4,3,to_date('24/05/18','RR/MM/DD'));
Insert into FREEBOARD_COMMENT (COMMENT_NO,B_NO,NICK_NAME,CONTENT,GROUP_NO,PRINT_NO,PRINT_LEVEL,REG_DATE) values (133,15,'샘플3','삭제된 댓글입니다.',126,5,4,to_date('24/05/18','RR/MM/DD'));
Insert into FREEBOARD_COMMENT (COMMENT_NO,B_NO,NICK_NAME,CONTENT,GROUP_NO,PRINT_NO,PRINT_LEVEL,REG_DATE) values (134,15,'샘플3','55555',126,6,5,to_date('24/05/18','RR/MM/DD'));
Insert into FREEBOARD_COMMENT (COMMENT_NO,B_NO,NICK_NAME,CONTENT,GROUP_NO,PRINT_NO,PRINT_LEVEL,REG_DATE) values (135,15,'관리자','123',126,1,1,to_date('24/05/18','RR/MM/DD'));
Insert into FREEBOARD_COMMENT (COMMENT_NO,B_NO,NICK_NAME,CONTENT,GROUP_NO,PRINT_NO,PRINT_LEVEL,REG_DATE) values (136,15,'관리자','3333',136,0,0,to_date('24/05/18','RR/MM/DD'));
Insert into FREEBOARD_COMMENT (COMMENT_NO,B_NO,NICK_NAME,CONTENT,GROUP_NO,PRINT_NO,PRINT_LEVEL,REG_DATE) values (137,15,'샘플3','0',137,0,0,to_date('24/05/20','RR/MM/DD'));
Insert into FREEBOARD_COMMENT (COMMENT_NO,B_NO,NICK_NAME,CONTENT,GROUP_NO,PRINT_NO,PRINT_LEVEL,REG_DATE) values (138,15,'샘플3','삭제된 댓글입니다.',137,9,1,to_date('24/05/20','RR/MM/DD'));
Insert into FREEBOARD_COMMENT (COMMENT_NO,B_NO,NICK_NAME,CONTENT,GROUP_NO,PRINT_NO,PRINT_LEVEL,REG_DATE) values (139,15,'샘플3','2',137,5,1,to_date('24/05/20','RR/MM/DD'));
Insert into FREEBOARD_COMMENT (COMMENT_NO,B_NO,NICK_NAME,CONTENT,GROUP_NO,PRINT_NO,PRINT_LEVEL,REG_DATE) values (140,15,'샘플3','삭제된 댓글입니다.',137,1,1,to_date('24/05/20','RR/MM/DD'));
Insert into FREEBOARD_COMMENT (COMMENT_NO,B_NO,NICK_NAME,CONTENT,GROUP_NO,PRINT_NO,PRINT_LEVEL,REG_DATE) values (141,15,'샘플3','11',137,12,2,to_date('24/05/20','RR/MM/DD'));
Insert into FREEBOARD_COMMENT (COMMENT_NO,B_NO,NICK_NAME,CONTENT,GROUP_NO,PRINT_NO,PRINT_LEVEL,REG_DATE) values (142,15,'샘플3','12',137,11,2,to_date('24/05/20','RR/MM/DD'));
Insert into FREEBOARD_COMMENT (COMMENT_NO,B_NO,NICK_NAME,CONTENT,GROUP_NO,PRINT_NO,PRINT_LEVEL,REG_DATE) values (143,15,'샘플3','13',137,10,2,to_date('24/05/20','RR/MM/DD'));
Insert into FREEBOARD_COMMENT (COMMENT_NO,B_NO,NICK_NAME,CONTENT,GROUP_NO,PRINT_NO,PRINT_LEVEL,REG_DATE) values (144,15,'샘플3','21',137,8,2,to_date('24/05/20','RR/MM/DD'));
Insert into FREEBOARD_COMMENT (COMMENT_NO,B_NO,NICK_NAME,CONTENT,GROUP_NO,PRINT_NO,PRINT_LEVEL,REG_DATE) values (145,15,'샘플3','22',137,7,2,to_date('24/05/20','RR/MM/DD'));
Insert into FREEBOARD_COMMENT (COMMENT_NO,B_NO,NICK_NAME,CONTENT,GROUP_NO,PRINT_NO,PRINT_LEVEL,REG_DATE) values (146,15,'샘플3','23',137,6,2,to_date('24/05/20','RR/MM/DD'));
Insert into FREEBOARD_COMMENT (COMMENT_NO,B_NO,NICK_NAME,CONTENT,GROUP_NO,PRINT_NO,PRINT_LEVEL,REG_DATE) values (147,15,'샘플3','31',137,4,2,to_date('24/05/20','RR/MM/DD'));
Insert into FREEBOARD_COMMENT (COMMENT_NO,B_NO,NICK_NAME,CONTENT,GROUP_NO,PRINT_NO,PRINT_LEVEL,REG_DATE) values (148,15,'샘플3','32',137,3,2,to_date('24/05/20','RR/MM/DD'));
Insert into FREEBOARD_COMMENT (COMMENT_NO,B_NO,NICK_NAME,CONTENT,GROUP_NO,PRINT_NO,PRINT_LEVEL,REG_DATE) values (149,15,'샘플3','33',137,2,2,to_date('24/05/20','RR/MM/DD'));
Insert into FREEBOARD_COMMENT (COMMENT_NO,B_NO,NICK_NAME,CONTENT,GROUP_NO,PRINT_NO,PRINT_LEVEL,REG_DATE) values (150,15,'샘플3','123',150,0,0,to_date('24/05/21','RR/MM/DD'));
Insert into FREEBOARD_COMMENT (COMMENT_NO,B_NO,NICK_NAME,CONTENT,GROUP_NO,PRINT_NO,PRINT_LEVEL,REG_DATE) values (151,15,'샘플3','1233',151,0,0,to_date('24/05/21','RR/MM/DD'));
Insert into FREEBOARD_COMMENT (COMMENT_NO,B_NO,NICK_NAME,CONTENT,GROUP_NO,PRINT_NO,PRINT_LEVEL,REG_DATE) values (152,15,'샘플3','삭제된 댓글입니다.',151,1,1,to_date('24/05/21','RR/MM/DD'));
Insert into FREEBOARD_COMMENT (COMMENT_NO,B_NO,NICK_NAME,CONTENT,GROUP_NO,PRINT_NO,PRINT_LEVEL,REG_DATE) values (153,15,'샘플3','bcd',151,2,2,to_date('24/05/21','RR/MM/DD'));
Insert into FREEBOARD_COMMENT (COMMENT_NO,B_NO,NICK_NAME,CONTENT,GROUP_NO,PRINT_NO,PRINT_LEVEL,REG_DATE) values (154,15,'샘플3','dddd',108,3,3,to_date('24/05/21','RR/MM/DD'));
Insert into FREEBOARD_COMMENT (COMMENT_NO,B_NO,NICK_NAME,CONTENT,GROUP_NO,PRINT_NO,PRINT_LEVEL,REG_DATE) values (155,15,'아이유','안녕',155,0,0,to_date('24/05/21','RR/MM/DD'));
Insert into FREEBOARD_COMMENT (COMMENT_NO,B_NO,NICK_NAME,CONTENT,GROUP_NO,PRINT_NO,PRINT_LEVEL,REG_DATE) values (156,16,'곤','삭제된 댓글입니다.',156,0,0,to_date('24/05/21','RR/MM/DD'));
Insert into FREEBOARD_COMMENT (COMMENT_NO,B_NO,NICK_NAME,CONTENT,GROUP_NO,PRINT_NO,PRINT_LEVEL,REG_DATE) values (157,16,'곤','댓글수정',157,0,0,to_date('24/05/21','RR/MM/DD'));
Insert into FREEBOARD_COMMENT (COMMENT_NO,B_NO,NICK_NAME,CONTENT,GROUP_NO,PRINT_NO,PRINT_LEVEL,REG_DATE) values (158,16,'곤','안녕',157,1,1,to_date('24/05/21','RR/MM/DD'));
Insert into FREEBOARD_COMMENT (COMMENT_NO,B_NO,NICK_NAME,CONTENT,GROUP_NO,PRINT_NO,PRINT_LEVEL,REG_DATE) values (159,16,'곤','삭제된 댓글입니다.',159,0,0,to_date('24/05/21','RR/MM/DD'));
REM INSERTING into HIRED_RECRUITMENT
SET DEFINE OFF;
Insert into HIRED_RECRUITMENT (RECRUITMENT_NO,TITLE,CONTENT,REG_DATE,SIDO,SIGUNGU,POS,NICKNAME,READCOUNT) values (8,'안녕','안녕',to_date('24/05/18','RR/MM/DD'),2,20,'GK',30,1);
Insert into HIRED_RECRUITMENT (RECRUITMENT_NO,TITLE,CONTENT,REG_DATE,SIDO,SIGUNGU,POS,NICKNAME,READCOUNT) values (7,'용병 구함니당','용병 구함니당',to_date('24/05/16','RR/MM/DD'),2,36,'GK',30,2);
Insert into HIRED_RECRUITMENT (RECRUITMENT_NO,TITLE,CONTENT,REG_DATE,SIDO,SIGUNGU,POS,NICKNAME,READCOUNT) values (9,'ㅌㅌㅌ','ㅌㅌ',to_date('24/05/18','RR/MM/DD'),1,2,'CM',30,0);
Insert into HIRED_RECRUITMENT (RECRUITMENT_NO,TITLE,CONTENT,REG_DATE,SIDO,SIGUNGU,POS,NICKNAME,READCOUNT) values (10,'ㄹㄹㄹ','ㄹㄹ',to_date('24/05/18','RR/MM/DD'),3,52,'CB',30,0);
Insert into HIRED_RECRUITMENT (RECRUITMENT_NO,TITLE,CONTENT,REG_DATE,SIDO,SIGUNGU,POS,NICKNAME,READCOUNT) values (11,'ㅓㅓ','ㄴ',to_date('24/05/18','RR/MM/DD'),1,1,'CB',30,1);
Insert into HIRED_RECRUITMENT (RECRUITMENT_NO,TITLE,CONTENT,REG_DATE,SIDO,SIGUNGU,POS,NICKNAME,READCOUNT) values (1,'용병 구합니다','용병 구합니다',to_date('24/01/01','RR/MM/DD'),12,171,'ST',5,0);
Insert into HIRED_RECRUITMENT (RECRUITMENT_NO,TITLE,CONTENT,REG_DATE,SIDO,SIGUNGU,POS,NICKNAME,READCOUNT) values (2,'용병 구합니다','용병 구해요',to_date('24/01/01','RR/MM/DD'),1,15,'GK',6,1);
Insert into HIRED_RECRUITMENT (RECRUITMENT_NO,TITLE,CONTENT,REG_DATE,SIDO,SIGUNGU,POS,NICKNAME,READCOUNT) values (3,'용병 구합니다','용병 모십니다',to_date('24/01/01','RR/MM/DD'),4,82,'CM',7,1);
Insert into HIRED_RECRUITMENT (RECRUITMENT_NO,TITLE,CONTENT,REG_DATE,SIDO,SIGUNGU,POS,NICKNAME,READCOUNT) values (4,'용병 구합니다','용병 모셔요',to_date('24/01/01','RR/MM/DD'),11,159,'CB',8,1);
Insert into HIRED_RECRUITMENT (RECRUITMENT_NO,TITLE,CONTENT,REG_DATE,SIDO,SIGUNGU,POS,NICKNAME,READCOUNT) values (5,'용병 구합니다','용병 구함',to_date('24/01/01','RR/MM/DD'),6,100,'ST',9,1);
Insert into HIRED_RECRUITMENT (RECRUITMENT_NO,TITLE,CONTENT,REG_DATE,SIDO,SIGUNGU,POS,NICKNAME,READCOUNT) values (12,'ㅂㅂ','ㅂ',to_date('24/05/18','RR/MM/DD'),1,3,'CB',30,2);
Insert into HIRED_RECRUITMENT (RECRUITMENT_NO,TITLE,CONTENT,REG_DATE,SIDO,SIGUNGU,POS,NICKNAME,READCOUNT) values (13,'ㅈ','ㅈ',to_date('24/05/18','RR/MM/DD'),1,2,'CM',30,2);
Insert into HIRED_RECRUITMENT (RECRUITMENT_NO,TITLE,CONTENT,REG_DATE,SIDO,SIGUNGU,POS,NICKNAME,READCOUNT) values (14,'ㄷ','ㄱ',to_date('24/05/18','RR/MM/DD'),1,3,'GK',30,4);
Insert into HIRED_RECRUITMENT (RECRUITMENT_NO,TITLE,CONTENT,REG_DATE,SIDO,SIGUNGU,POS,NICKNAME,READCOUNT) values (16,'용병 모집1','용병 모집1 합니다',to_date('24/05/21','RR/MM/DD'),9,127,'CM',45,8);
Insert into HIRED_RECRUITMENT (RECRUITMENT_NO,TITLE,CONTENT,REG_DATE,SIDO,SIGUNGU,POS,NICKNAME,READCOUNT) values (15,'용병구함','용병구함',to_date('24/05/21','RR/MM/DD'),3,53,'CB',38,9);
Insert into HIRED_RECRUITMENT (RECRUITMENT_NO,TITLE,CONTENT,REG_DATE,SIDO,SIGUNGU,POS,NICKNAME,READCOUNT) values (17,'테스트진행중','테스트진행중',to_date('24/05/21','RR/MM/DD'),2,28,'CM',2,10);
Insert into HIRED_RECRUITMENT (RECRUITMENT_NO,TITLE,CONTENT,REG_DATE,SIDO,SIGUNGU,POS,NICKNAME,READCOUNT) values (18,'용병 모집합니다 오늘 당장 가능하신 분','오늘 당장 가능하신 분 계시면 연락 주세요',to_date('24/05/21','RR/MM/DD'),2,37,'CM',38,2);
Insert into HIRED_RECRUITMENT (RECRUITMENT_NO,TITLE,CONTENT,REG_DATE,SIDO,SIGUNGU,POS,NICKNAME,READCOUNT) values (19,'용병 모집합니다요','용병 모집합니다',to_date('24/05/21','RR/MM/DD'),7,109,'GK',42,1);
Insert into HIRED_RECRUITMENT (RECRUITMENT_NO,TITLE,CONTENT,REG_DATE,SIDO,SIGUNGU,POS,NICKNAME,READCOUNT) values (20,'5월25일(토) 해누리축구장 용병구합니다','매너 좋고 열심히 뛰는 용병 2명 구합니다!',to_date('24/05/21','RR/MM/DD'),9,145,'ST',3,0);
Insert into HIRED_RECRUITMENT (RECRUITMENT_NO,TITLE,CONTENT,REG_DATE,SIDO,SIGUNGU,POS,NICKNAME,READCOUNT) values (21,'5월 26일 잠실보조경기장 GK구함','잠실 보조경기장 8-10 경기 
GK 1명 구합니다!
시간 약속은 필수입니다!',to_date('24/05/21','RR/MM/DD'),9,144,'GK',16,2);
Insert into HIRED_RECRUITMENT (RECRUITMENT_NO,TITLE,CONTENT,REG_DATE,SIDO,SIGUNGU,POS,NICKNAME,READCOUNT) values (22,'5월 24일(금) 용병 구합니다!!','광명보조경기장 20-22시 용병3명 구합니다!
',to_date('24/05/21','RR/MM/DD'),2,21,'ST',4,0);
REM INSERTING into HIRED_TEST
SET DEFINE OFF;
Insert into HIRED_TEST (HIRED_NO,TITLE,WRITER,CONTENT,READCOUNT,REG_DATE) values (1,'연습중','이고운','내용입니다.',1,to_date('24/04/29','RR/MM/DD'));
Insert into HIRED_TEST (HIRED_NO,TITLE,WRITER,CONTENT,READCOUNT,REG_DATE) values (2,'연습중2','이고운','내용입니다...',1,to_date('24/04/29','RR/MM/DD'));
Insert into HIRED_TEST (HIRED_NO,TITLE,WRITER,CONTENT,READCOUNT,REG_DATE) values (3,'연습중3','이고운','내용입니다........',1,to_date('24/04/29','RR/MM/DD'));
Insert into HIRED_TEST (HIRED_NO,TITLE,WRITER,CONTENT,READCOUNT,REG_DATE) values (2,'용병 필요합니다','이은지','내일 오후 5시 용병 구해요.',1,to_date('24/04/30','RR/MM/DD'));
Insert into HIRED_TEST (HIRED_NO,TITLE,WRITER,CONTENT,READCOUNT,REG_DATE) values (2,'용병 급구','김민영','연락 주세요. 010-3456-7899',1,to_date('24/04/30','RR/MM/DD'));
REM INSERTING into HIREDBOARD_DAY
SET DEFINE OFF;
Insert into HIREDBOARD_DAY (RECRUITMENT_NO,DAY) values (1,1);
Insert into HIREDBOARD_DAY (RECRUITMENT_NO,DAY) values (2,2);
Insert into HIREDBOARD_DAY (RECRUITMENT_NO,DAY) values (3,3);
Insert into HIREDBOARD_DAY (RECRUITMENT_NO,DAY) values (4,4);
Insert into HIREDBOARD_DAY (RECRUITMENT_NO,DAY) values (5,5);
Insert into HIREDBOARD_DAY (RECRUITMENT_NO,DAY) values (8,2);
Insert into HIREDBOARD_DAY (RECRUITMENT_NO,DAY) values (8,5);
Insert into HIREDBOARD_DAY (RECRUITMENT_NO,DAY) values (9,2);
Insert into HIREDBOARD_DAY (RECRUITMENT_NO,DAY) values (7,4);
Insert into HIREDBOARD_DAY (RECRUITMENT_NO,DAY) values (7,5);
Insert into HIREDBOARD_DAY (RECRUITMENT_NO,DAY) values (10,4);
Insert into HIREDBOARD_DAY (RECRUITMENT_NO,DAY) values (11,3);
Insert into HIREDBOARD_DAY (RECRUITMENT_NO,DAY) values (11,4);
Insert into HIREDBOARD_DAY (RECRUITMENT_NO,DAY) values (12,4);
Insert into HIREDBOARD_DAY (RECRUITMENT_NO,DAY) values (13,3);
Insert into HIREDBOARD_DAY (RECRUITMENT_NO,DAY) values (14,5);
Insert into HIREDBOARD_DAY (RECRUITMENT_NO,DAY) values (19,2);
Insert into HIREDBOARD_DAY (RECRUITMENT_NO,DAY) values (19,3);
Insert into HIREDBOARD_DAY (RECRUITMENT_NO,DAY) values (16,6);
Insert into HIREDBOARD_DAY (RECRUITMENT_NO,DAY) values (16,7);
Insert into HIREDBOARD_DAY (RECRUITMENT_NO,DAY) values (17,3);
Insert into HIREDBOARD_DAY (RECRUITMENT_NO,DAY) values (17,4);
Insert into HIREDBOARD_DAY (RECRUITMENT_NO,DAY) values (18,3);
Insert into HIREDBOARD_DAY (RECRUITMENT_NO,DAY) values (18,4);
Insert into HIREDBOARD_DAY (RECRUITMENT_NO,DAY) values (17,5);
Insert into HIREDBOARD_DAY (RECRUITMENT_NO,DAY) values (17,6);
Insert into HIREDBOARD_DAY (RECRUITMENT_NO,DAY) values (17,7);
Insert into HIREDBOARD_DAY (RECRUITMENT_NO,DAY) values (18,5);
Insert into HIREDBOARD_DAY (RECRUITMENT_NO,DAY) values (15,4);
Insert into HIREDBOARD_DAY (RECRUITMENT_NO,DAY) values (15,6);
Insert into HIREDBOARD_DAY (RECRUITMENT_NO,DAY) values (22,5);
Insert into HIREDBOARD_DAY (RECRUITMENT_NO,DAY) values (19,4);
Insert into HIREDBOARD_DAY (RECRUITMENT_NO,DAY) values (19,5);
Insert into HIREDBOARD_DAY (RECRUITMENT_NO,DAY) values (20,6);
Insert into HIREDBOARD_DAY (RECRUITMENT_NO,DAY) values (21,7);
REM INSERTING into HIREDBOARD_TIME
SET DEFINE OFF;
Insert into HIREDBOARD_TIME (RECRUITMENT_NO,TIME) values (1,'야간');
Insert into HIREDBOARD_TIME (RECRUITMENT_NO,TIME) values (2,'오전');
Insert into HIREDBOARD_TIME (RECRUITMENT_NO,TIME) values (3,'오후');
Insert into HIREDBOARD_TIME (RECRUITMENT_NO,TIME) values (4,'새벽');
Insert into HIREDBOARD_TIME (RECRUITMENT_NO,TIME) values (5,'새벽');
Insert into HIREDBOARD_TIME (RECRUITMENT_NO,TIME) values (8,'야간');
Insert into HIREDBOARD_TIME (RECRUITMENT_NO,TIME) values (8,'오후');
Insert into HIREDBOARD_TIME (RECRUITMENT_NO,TIME) values (7,'야간');
Insert into HIREDBOARD_TIME (RECRUITMENT_NO,TIME) values (7,'오후');
Insert into HIREDBOARD_TIME (RECRUITMENT_NO,TIME) values (9,'오전');
Insert into HIREDBOARD_TIME (RECRUITMENT_NO,TIME) values (10,'오후');
Insert into HIREDBOARD_TIME (RECRUITMENT_NO,TIME) values (11,'오후');
Insert into HIREDBOARD_TIME (RECRUITMENT_NO,TIME) values (12,'오후');
Insert into HIREDBOARD_TIME (RECRUITMENT_NO,TIME) values (13,'오전');
Insert into HIREDBOARD_TIME (RECRUITMENT_NO,TIME) values (14,'야간');
Insert into HIREDBOARD_TIME (RECRUITMENT_NO,TIME) values (19,'야간');
Insert into HIREDBOARD_TIME (RECRUITMENT_NO,TIME) values (19,'오전');
Insert into HIREDBOARD_TIME (RECRUITMENT_NO,TIME) values (16,'오전');
Insert into HIREDBOARD_TIME (RECRUITMENT_NO,TIME) values (16,'오후');
Insert into HIREDBOARD_TIME (RECRUITMENT_NO,TIME) values (18,'오전');
Insert into HIREDBOARD_TIME (RECRUITMENT_NO,TIME) values (18,'오후');
Insert into HIREDBOARD_TIME (RECRUITMENT_NO,TIME) values (17,'야간');
Insert into HIREDBOARD_TIME (RECRUITMENT_NO,TIME) values (17,'오전');
Insert into HIREDBOARD_TIME (RECRUITMENT_NO,TIME) values (17,'오후');
Insert into HIREDBOARD_TIME (RECRUITMENT_NO,TIME) values (15,'야간');
Insert into HIREDBOARD_TIME (RECRUITMENT_NO,TIME) values (15,'오후');
Insert into HIREDBOARD_TIME (RECRUITMENT_NO,TIME) values (22,'야간');
Insert into HIREDBOARD_TIME (RECRUITMENT_NO,TIME) values (19,'오후');
Insert into HIREDBOARD_TIME (RECRUITMENT_NO,TIME) values (20,'새벽');
Insert into HIREDBOARD_TIME (RECRUITMENT_NO,TIME) values (21,'오전');
REM INSERTING into IMAGEBOARD
SET DEFINE OFF;
Insert into IMAGEBOARD (B_NO,SUBJECT,WRITER,CONTENT,REG_DATE,READCOUNT) values (1,'피카츄',1,'전기 포켓몬',to_date('24/05/14','RR/MM/DD'),0);
Insert into IMAGEBOARD (B_NO,SUBJECT,WRITER,CONTENT,REG_DATE,READCOUNT) values (2,'파이리',2,'불꽃 포켓몬',to_date('24/05/14','RR/MM/DD'),0);
Insert into IMAGEBOARD (B_NO,SUBJECT,WRITER,CONTENT,REG_DATE,READCOUNT) values (13,'123',13,'123',to_date('24/05/16','RR/MM/DD'),11);
Insert into IMAGEBOARD (B_NO,SUBJECT,WRITER,CONTENT,REG_DATE,READCOUNT) values (14,'테스트',1,'테스트',to_date('24/05/17','RR/MM/DD'),5);
Insert into IMAGEBOARD (B_NO,SUBJECT,WRITER,CONTENT,REG_DATE,READCOUNT) values (15,'123',2,'213',to_date('24/05/18','RR/MM/DD'),3);
Insert into IMAGEBOARD (B_NO,SUBJECT,WRITER,CONTENT,REG_DATE,READCOUNT) values (3,'이상해씨',3,'풀 포켓몬',to_date('24/05/14','RR/MM/DD'),0);
Insert into IMAGEBOARD (B_NO,SUBJECT,WRITER,CONTENT,REG_DATE,READCOUNT) values (4,'꼬부기',4,'물 포켓몬',to_date('24/05/14','RR/MM/DD'),0);
Insert into IMAGEBOARD (B_NO,SUBJECT,WRITER,CONTENT,REG_DATE,READCOUNT) values (5,'캐터피',5,'벌레 포켓몬',to_date('24/05/14','RR/MM/DD'),1);
Insert into IMAGEBOARD (B_NO,SUBJECT,WRITER,CONTENT,REG_DATE,READCOUNT) values (7,'구구',7,'비행 포켓몬',to_date('24/05/14','RR/MM/DD'),0);
Insert into IMAGEBOARD (B_NO,SUBJECT,WRITER,CONTENT,REG_DATE,READCOUNT) values (8,'피죤',8,'비행 포켓몬',to_date('24/05/14','RR/MM/DD'),0);
Insert into IMAGEBOARD (B_NO,SUBJECT,WRITER,CONTENT,REG_DATE,READCOUNT) values (9,'피죤투',9,'비행 포켓몬',to_date('24/05/14','RR/MM/DD'),1);
Insert into IMAGEBOARD (B_NO,SUBJECT,WRITER,CONTENT,REG_DATE,READCOUNT) values (10,'뮤',10,'에스퍼 포켓몬',to_date('24/05/14','RR/MM/DD'),3);
Insert into IMAGEBOARD (B_NO,SUBJECT,WRITER,CONTENT,REG_DATE,READCOUNT) values (11,'뮤츠',11,'에스퍼 포켓몬',to_date('24/05/14','RR/MM/DD'),8);
Insert into IMAGEBOARD (B_NO,SUBJECT,WRITER,CONTENT,REG_DATE,READCOUNT) values (12,'12',2,'냄새~',to_date('24/05/14','RR/MM/DD'),14);
REM INSERTING into LESSON_RECRUITMENT
SET DEFINE OFF;
Insert into LESSON_RECRUITMENT (RECRUITMENT_NO,TITLE,NICKNAME,CONTENT,REG_DATE,MONEY,SIDO,SIGUNGU,READCOUNT) values (1,'초등반 축구 레슨 모집합니다',1,'저학년 아이들 대상으로 축구 레슨 진행합니다.',to_date('24/05/17','RR/MM/DD'),'무료',2,20,1);
Insert into LESSON_RECRUITMENT (RECRUITMENT_NO,TITLE,NICKNAME,CONTENT,REG_DATE,MONEY,SIDO,SIGUNGU,READCOUNT) values (2,'성인 평일반 축구 레슨 오픈',2,'초특가로 모십니다.',to_date('24/05/17','RR/MM/DD'),'유료',3,55,2);
Insert into LESSON_RECRUITMENT (RECRUITMENT_NO,TITLE,NICKNAME,CONTENT,REG_DATE,MONEY,SIDO,SIGUNGU,READCOUNT) values (3,'서울 여의도역 성인 축구 레슨 모집합니다',3,'연락 주세요. 010-2323-3434',to_date('24/05/17','RR/MM/DD'),'무료',8,125,2);
Insert into LESSON_RECRUITMENT (RECRUITMENT_NO,TITLE,NICKNAME,CONTENT,REG_DATE,MONEY,SIDO,SIGUNGU,READCOUNT) values (18,'개인 맞춤형 축구레슨 프로그램',45,'날짜: 2024-06-05
시간: 오전 7:00 - 오전 9:00
장소: 양천구 해누리체육공원
모집인원: 10명
가격: 무료',to_date('24/05/21','RR/MM/DD'),'무료',9,145,0);
Insert into LESSON_RECRUITMENT (RECRUITMENT_NO,TITLE,NICKNAME,CONTENT,REG_DATE,MONEY,SIDO,SIGUNGU,READCOUNT) values (16,'어린이 축구교실 - 함께 뛰어요!',13,'날짜: 2024-06-03
시간: 오전 9:00 - 오전 11:00
장소: 잠실종합운동장
모집인원: 25명
가격: 30,000원',to_date('24/05/21','RR/MM/DD'),'유료',9,144,0);
Insert into LESSON_RECRUITMENT (RECRUITMENT_NO,TITLE,NICKNAME,CONTENT,REG_DATE,MONEY,SIDO,SIGUNGU,READCOUNT) values (17,'실전 축구레슨 - 게임형 훈련!',24,'날짜: 2024-06-04
시간: 오후 5:00 - 오후 7:00
장소: 망우체육공원 축구장
모집인원: 18명
가격: 45,000원',to_date('24/05/21','RR/MM/DD'),'유료',9,151,0);
Insert into LESSON_RECRUITMENT (RECRUITMENT_NO,TITLE,NICKNAME,CONTENT,REG_DATE,MONEY,SIDO,SIGUNGU,READCOUNT) values (7,' 주말 축구레슨으로 실력 업그레이드!',30,'레슨 모집합니다용',to_date('24/05/18','RR/MM/DD'),'유료',9,147,2);
Insert into LESSON_RECRUITMENT (RECRUITMENT_NO,TITLE,NICKNAME,CONTENT,REG_DATE,MONEY,SIDO,SIGUNGU,READCOUNT) values (19,'여름방학 골키퍼 캠프 - 실력 향상!',6,'날짜: 2024-06-06
시간: 오전 10:00 - 오후 1:00
장소: 제주시 체육공원
모집인원: 3명
가격: 70,000원',to_date('24/05/21','RR/MM/DD'),'유료',14,204,0);
Insert into LESSON_RECRUITMENT (RECRUITMENT_NO,TITLE,NICKNAME,CONTENT,REG_DATE,MONEY,SIDO,SIGUNGU,READCOUNT) values (10,'최고의 코치와 함께하는 축구레슨!',30,'6월 축구 레슨 모집합니다~',to_date('24/05/18','RR/MM/DD'),'무료',9,135,2);
Insert into LESSON_RECRUITMENT (RECRUITMENT_NO,TITLE,NICKNAME,CONTENT,REG_DATE,MONEY,SIDO,SIGUNGU,READCOUNT) values (20,'주중 저녁 축구레슨 - 퇴근 후 운동!',15,'날짜: 2024-06-25
시간: 오후 7:00 - 오후 9:00
장소: 영등포공원
모집인원: 20명
가격: 55,000원',to_date('24/05/21','RR/MM/DD'),'유료',9,146,0);
Insert into LESSON_RECRUITMENT (RECRUITMENT_NO,TITLE,NICKNAME,CONTENT,REG_DATE,MONEY,SIDO,SIGUNGU,READCOUNT) values (15,'관리자다',1,'유료다',to_date('24/05/21','RR/MM/DD'),'유료',1,1,3);
REM INSERTING into LESSONBOARD_DAY
SET DEFINE OFF;
Insert into LESSONBOARD_DAY (RECRUITMENT_NO,DAY) values (1,1);
Insert into LESSONBOARD_DAY (RECRUITMENT_NO,DAY) values (2,2);
Insert into LESSONBOARD_DAY (RECRUITMENT_NO,DAY) values (3,3);
Insert into LESSONBOARD_DAY (RECRUITMENT_NO,DAY) values (18,1);
Insert into LESSONBOARD_DAY (RECRUITMENT_NO,DAY) values (19,1);
Insert into LESSONBOARD_DAY (RECRUITMENT_NO,DAY) values (19,2);
Insert into LESSONBOARD_DAY (RECRUITMENT_NO,DAY) values (16,6);
Insert into LESSONBOARD_DAY (RECRUITMENT_NO,DAY) values (16,7);
Insert into LESSONBOARD_DAY (RECRUITMENT_NO,DAY) values (17,1);
Insert into LESSONBOARD_DAY (RECRUITMENT_NO,DAY) values (17,2);
Insert into LESSONBOARD_DAY (RECRUITMENT_NO,DAY) values (19,3);
Insert into LESSONBOARD_DAY (RECRUITMENT_NO,DAY) values (20,1);
Insert into LESSONBOARD_DAY (RECRUITMENT_NO,DAY) values (15,6);
Insert into LESSONBOARD_DAY (RECRUITMENT_NO,DAY) values (20,2);
Insert into LESSONBOARD_DAY (RECRUITMENT_NO,DAY) values (20,3);
Insert into LESSONBOARD_DAY (RECRUITMENT_NO,DAY) values (7,1);
Insert into LESSONBOARD_DAY (RECRUITMENT_NO,DAY) values (7,2);
Insert into LESSONBOARD_DAY (RECRUITMENT_NO,DAY) values (20,4);
Insert into LESSONBOARD_DAY (RECRUITMENT_NO,DAY) values (20,5);
Insert into LESSONBOARD_DAY (RECRUITMENT_NO,DAY) values (15,7);
Insert into LESSONBOARD_DAY (RECRUITMENT_NO,DAY) values (10,6);
Insert into LESSONBOARD_DAY (RECRUITMENT_NO,DAY) values (10,7);
Insert into LESSONBOARD_DAY (RECRUITMENT_NO,DAY) values (7,3);
Insert into LESSONBOARD_DAY (RECRUITMENT_NO,DAY) values (7,4);
Insert into LESSONBOARD_DAY (RECRUITMENT_NO,DAY) values (7,5);
REM INSERTING into LESSONBOARD_TIME
SET DEFINE OFF;
Insert into LESSONBOARD_TIME (RECRUITMENT_NO,TIME) values (1,'야간');
Insert into LESSONBOARD_TIME (RECRUITMENT_NO,TIME) values (2,'오전');
Insert into LESSONBOARD_TIME (RECRUITMENT_NO,TIME) values (3,'오후');
Insert into LESSONBOARD_TIME (RECRUITMENT_NO,TIME) values (19,'오전');
Insert into LESSONBOARD_TIME (RECRUITMENT_NO,TIME) values (19,'오후');
Insert into LESSONBOARD_TIME (RECRUITMENT_NO,TIME) values (16,'오전');
Insert into LESSONBOARD_TIME (RECRUITMENT_NO,TIME) values (17,'오전');
Insert into LESSONBOARD_TIME (RECRUITMENT_NO,TIME) values (20,'야간');
Insert into LESSONBOARD_TIME (RECRUITMENT_NO,TIME) values (20,'오후');
Insert into LESSONBOARD_TIME (RECRUITMENT_NO,TIME) values (7,'새벽');
Insert into LESSONBOARD_TIME (RECRUITMENT_NO,TIME) values (7,'야간');
Insert into LESSONBOARD_TIME (RECRUITMENT_NO,TIME) values (15,'야간');
Insert into LESSONBOARD_TIME (RECRUITMENT_NO,TIME) values (15,'오후');
Insert into LESSONBOARD_TIME (RECRUITMENT_NO,TIME) values (10,'오전');
Insert into LESSONBOARD_TIME (RECRUITMENT_NO,TIME) values (10,'오후');
Insert into LESSONBOARD_TIME (RECRUITMENT_NO,TIME) values (7,'오전');
Insert into LESSONBOARD_TIME (RECRUITMENT_NO,TIME) values (7,'오후');
REM INSERTING into MATCH
SET DEFINE OFF;
Insert into MATCH (MATCH_NO,TITLE,WRITER,CONTENT,READCOUNT,REG_DATE,TIME_NO,DAY,STADIUM) values (1,'테스트2',2,'중2',97,to_date('24/05/20','RR/MM/DD'),8,'2024-07-04',2);
REM INSERTING into MATCH_DAY
SET DEFINE OFF;
Insert into MATCH_DAY (MATCH_NO,TEAM1,TEAM2) values (1,7,5);
REM INSERTING into MEMBER
SET DEFINE OFF;
Insert into MEMBER (M_NO,NAME,MID,PASSWORD,NICKNAME,EMAIL,BIRTHDATE,PHONE,GENDER,SIDO_ID,SIGUNGU_ID,DETAIL_ADDRESS,REG_DATE) values (1,'관리자','admin','1234','관리자','admin@example.com',to_date('90/01/01','RR/MM/DD'),'010-1234-5678','남       ',9,125,'서울시 강남구 역삼동 123-1',to_date('24/04/25','RR/MM/DD'));
Insert into MEMBER (M_NO,NAME,MID,PASSWORD,NICKNAME,EMAIL,BIRTHDATE,PHONE,GENDER,SIDO_ID,SIGUNGU_ID,DETAIL_ADDRESS,REG_DATE) values (2,'유상철','abc123','1234','유비','kim123@example.com',to_date('63/05/05','RR/MM/DD'),'010-9876-5432','남       ',9,143,'경기도 수원시 팔달구 매산로 1',to_date('24/04/25','RR/MM/DD'));
Insert into MEMBER (M_NO,NAME,MID,PASSWORD,NICKNAME,EMAIL,BIRTHDATE,PHONE,GENDER,SIDO_ID,SIGUNGU_ID,DETAIL_ADDRESS,REG_DATE) values (3,'이을용','lee123','1234','정석의연석','leeyl@example.com',to_date('74/08/21','RR/MM/DD'),'010-3030-4141','남       ',2,45,'전라남도 목포시 산정로 123',to_date('24/04/25','RR/MM/DD'));
Insert into MEMBER (M_NO,NAME,MID,PASSWORD,NICKNAME,EMAIL,BIRTHDATE,PHONE,GENDER,SIDO_ID,SIGUNGU_ID,DETAIL_ADDRESS,REG_DATE) values (4,'이천수','park123','1234','독산동거미','park123@example.com',to_date('61/07/20','RR/MM/DD'),'010-5555-6666','남       ',2,33,'인천시 연수구 도화동 1-2',to_date('24/04/25','RR/MM/DD'));
Insert into MEMBER (M_NO,NAME,MID,PASSWORD,NICKNAME,EMAIL,BIRTHDATE,PHONE,GENDER,SIDO_ID,SIGUNGU_ID,DETAIL_ADDRESS,REG_DATE) values (5,'홍명보','choi123','1234','보스','hongmb@example.com',to_date('69/02/12','RR/MM/DD'),'010-3131-4242','남       ',1,1,'대구시 중구 동성로 222',to_date('24/04/25','RR/MM/DD'));
Insert into MEMBER (M_NO,NAME,MID,PASSWORD,NICKNAME,EMAIL,BIRTHDATE,PHONE,GENDER,SIDO_ID,SIGUNGU_ID,DETAIL_ADDRESS,REG_DATE) values (6,'장미영','jang123','1234','인천거미손','jang123@example.com',to_date('97/12/25','RR/MM/DD'),'010-9999-0000','여       ',8,109,'경북 포항시 남구 대송동 2-3',to_date('24/04/25','RR/MM/DD'));
Insert into MEMBER (M_NO,NAME,MID,PASSWORD,NICKNAME,EMAIL,BIRTHDATE,PHONE,GENDER,SIDO_ID,SIGUNGU_ID,DETAIL_ADDRESS,REG_DATE) values (7,'이상호','lee456','1234','영등포메시','lee456@example.com',to_date('85/09/03','RR/MM/DD'),'010-2222-3333','남       ',3,52,'부산시 동래구 온천동 123-5',to_date('24/04/25','RR/MM/DD'));
Insert into MEMBER (M_NO,NAME,MID,PASSWORD,NICKNAME,EMAIL,BIRTHDATE,PHONE,GENDER,SIDO_ID,SIGUNGU_ID,DETAIL_ADDRESS,REG_DATE) values (8,'조소현','kim456','1234','소희','choso@example.com',to_date('88/06/24','RR/MM/DD'),'010-4444-5555','여       ',16,214,'충북 청주시 흥덕구 개신동 3-4',to_date('24/04/25','RR/MM/DD'));
Insert into MEMBER (M_NO,NAME,MID,PASSWORD,NICKNAME,EMAIL,BIRTHDATE,PHONE,GENDER,SIDO_ID,SIGUNGU_ID,DETAIL_ADDRESS,REG_DATE) values (9,'구자철','park456','1234','고운메시','kujch@example.com',to_date('89/02/27','RR/MM/DD'),'010-1010-2020','남       ',5,91,'대구시 수성구 만촌동 4-5',to_date('24/04/25','RR/MM/DD'));
Insert into MEMBER (M_NO,NAME,MID,PASSWORD,NICKNAME,EMAIL,BIRTHDATE,PHONE,GENDER,SIDO_ID,SIGUNGU_ID,DETAIL_ADDRESS,REG_DATE) values (10,'김효건','lee789','1234','효라드','lee789@example.com',to_date('95/12/01','RR/MM/DD'),'010-8888-9999','남       ',6,98,'경북 경산시 하양읍 5-6',to_date('24/04/25','RR/MM/DD'));
Insert into MEMBER (M_NO,NAME,MID,PASSWORD,NICKNAME,EMAIL,BIRTHDATE,PHONE,GENDER,SIDO_ID,SIGUNGU_ID,DETAIL_ADDRESS,REG_DATE) values (11,'김혜영','kim789','1234','빛나는 혜영','kimhy@example.com',to_date('91/09/12','RR/MM/DD'),'010-1212-3434','여       ',15,205,'전남 나주시 다도면 6-7',to_date('24/04/25','RR/MM/DD'));
Insert into MEMBER (M_NO,NAME,MID,PASSWORD,NICKNAME,EMAIL,BIRTHDATE,PHONE,GENDER,SIDO_ID,SIGUNGU_ID,DETAIL_ADDRESS,REG_DATE) values (12,'조성환','park789','1234','깡패','choseongh@example.com',to_date('92/06/30','RR/MM/DD'),'010-3434-4545','남       ',10,154,'강원 춘천시 사직동 7-8',to_date('24/04/25','RR/MM/DD'));
Insert into MEMBER (M_NO,NAME,MID,PASSWORD,NICKNAME,EMAIL,BIRTHDATE,PHONE,GENDER,SIDO_ID,SIGUNGU_ID,DETAIL_ADDRESS,REG_DATE) values (13,'왕재덕','kim901','1234','왕모씨아들','baeksh@example.com',to_date('97/03/17','RR/MM/DD'),'010-3622-4784','남       ',13,190,'전북 전주시 완산구 효자동 8-9',to_date('24/04/25','RR/MM/DD'));
Insert into MEMBER (M_NO,NAME,MID,PASSWORD,NICKNAME,EMAIL,BIRTHDATE,PHONE,GENDER,SIDO_ID,SIGUNGU_ID,DETAIL_ADDRESS,REG_DATE) values (14,'연인석','lee012','1234','기본기마스터','lee012@example.com',to_date('86/01/19','RR/MM/DD'),'010-2323-4545','여       ',14,198,'제주시 아라동 9-10',to_date('24/04/25','RR/MM/DD'));
Insert into MEMBER (M_NO,NAME,MID,PASSWORD,NICKNAME,EMAIL,BIRTHDATE,PHONE,GENDER,SIDO_ID,SIGUNGU_ID,DETAIL_ADDRESS,REG_DATE) values (15,'최준규','choi012','1234','아트준규','choi012@example.com',to_date('93/08/13','RR/MM/DD'),'010-3434-5656','남       ',15,199,'충남 천안시 동남구 신방동 10-11',to_date('24/04/25','RR/MM/DD'));
Insert into MEMBER (M_NO,NAME,MID,PASSWORD,NICKNAME,EMAIL,BIRTHDATE,PHONE,GENDER,SIDO_ID,SIGUNGU_ID,DETAIL_ADDRESS,REG_DATE) values (16,'김수진','kim012','1234','램파드','kim012@example.com',to_date('12/12/04','RR/MM/DD'),'010-4545-6767','여       ',10,149,'경북 포항시 북구 죽장동 11-12',to_date('24/04/25','RR/MM/DD'));
Insert into MEMBER (M_NO,NAME,MID,PASSWORD,NICKNAME,EMAIL,BIRTHDATE,PHONE,GENDER,SIDO_ID,SIGUNGU_ID,DETAIL_ADDRESS,REG_DATE) values (17,'박준호','park345','1234','제라드','park345@example.com',to_date('14/03/26','RR/MM/DD'),'010-5656-7878','남       ',1,3,'서울시 강동구 천호동 12-13',to_date('24/04/25','RR/MM/DD'));
Insert into MEMBER (M_NO,NAME,MID,PASSWORD,NICKNAME,EMAIL,BIRTHDATE,PHONE,GENDER,SIDO_ID,SIGUNGU_ID,DETAIL_ADDRESS,REG_DATE) values (18,'이정훈','lee345','1234','다다빈빈','lee345@example.com',to_date('97/02/09','RR/MM/DD'),'010-6767-8989','남       ',2,20,'인천시 연수구 송도동 13-14',to_date('24/04/25','RR/MM/DD'));
Insert into MEMBER (M_NO,NAME,MID,PASSWORD,NICKNAME,EMAIL,BIRTHDATE,PHONE,GENDER,SIDO_ID,SIGUNGU_ID,DETAIL_ADDRESS,REG_DATE) values (19,'권하늘','kim345','1234','하늘','kim345@example.com',to_date('90/04/26','RR/MM/DD'),'010-7878-9090','여       ',3,57,'부산시 남구 대연동 14-15',to_date('24/04/25','RR/MM/DD'));
Insert into MEMBER (M_NO,NAME,MID,PASSWORD,NICKNAME,EMAIL,BIRTHDATE,PHONE,GENDER,SIDO_ID,SIGUNGU_ID,DETAIL_ADDRESS,REG_DATE) values (20,'박은선','choi345','1234','은선박','parkes@example.com',to_date('86/12/25','RR/MM/DD'),'010-8989-0101','남       ',4,76,'제주도 제주시 애월로 123',to_date('24/04/25','RR/MM/DD'));
Insert into MEMBER (M_NO,NAME,MID,PASSWORD,NICKNAME,EMAIL,BIRTHDATE,PHONE,GENDER,SIDO_ID,SIGUNGU_ID,DETAIL_ADDRESS,REG_DATE) values (21,'김효권','lee567','1234','후디아빠','jisoyeon@example.com',to_date('91/02/21','RR/MM/DD'),'010-0101-1212','남       ',5,93,'대구시 달서구 진천동 16-17',to_date('24/04/25','RR/MM/DD'));
Insert into MEMBER (M_NO,NAME,MID,PASSWORD,NICKNAME,EMAIL,BIRTHDATE,PHONE,GENDER,SIDO_ID,SIGUNGU_ID,DETAIL_ADDRESS,REG_DATE) values (22,'김다빈','park567','1234','철벽','park567@example.com',to_date('91/01/31','RR/MM/DD'),'010-1212-2323','남       ',6,96,'경북 경주시 교동 17-18',to_date('24/04/25','RR/MM/DD'));
Insert into MEMBER (M_NO,NAME,MID,PASSWORD,NICKNAME,EMAIL,BIRTHDATE,PHONE,GENDER,SIDO_ID,SIGUNGU_ID,DETAIL_ADDRESS,REG_DATE) values (23,'정대세','kim567','1234','축신','kim567@example.com',to_date('98/03/02','RR/MM/DD'),'010-2323-3434','남       ',9,136,'광주시 광산구 송정동 18-19',to_date('24/04/25','RR/MM/DD'));
Insert into MEMBER (M_NO,NAME,MID,PASSWORD,NICKNAME,EMAIL,BIRTHDATE,PHONE,GENDER,SIDO_ID,SIGUNGU_ID,DETAIL_ADDRESS,REG_DATE) values (24,'김고운','choi567','1234','중원의지휘자','choi567@example.com',to_date('87/03/12','RR/MM/DD'),'010-3434-4546','여       ',8,110,'경기도 부천시 원미구 춘의동 19-20',to_date('24/04/25','RR/MM/DD'));
Insert into MEMBER (M_NO,NAME,MID,PASSWORD,NICKNAME,EMAIL,BIRTHDATE,PHONE,GENDER,SIDO_ID,SIGUNGU_ID,DETAIL_ADDRESS,REG_DATE) values (25,'정승원','park678','1234','승원정','jeongsw@example.com',to_date('97/03/17','RR/MM/DD'),'010-4545-5656','여       ',9,126,'전북 군산시 중앙로 123',to_date('24/04/25','RR/MM/DD'));
Insert into MEMBER (M_NO,NAME,MID,PASSWORD,NICKNAME,EMAIL,BIRTHDATE,PHONE,GENDER,SIDO_ID,SIGUNGU_ID,DETAIL_ADDRESS,REG_DATE) values (26,'황선홍','lee678','1234','선장','hwangsh@example.com',to_date('68/07/14','RR/MM/DD'),'010-5656-6768','남       ',10,154,'인천시 남동구 인주대로 333',to_date('24/04/26','RR/MM/DD'));
Insert into MEMBER (M_NO,NAME,MID,PASSWORD,NICKNAME,EMAIL,BIRTHDATE,PHONE,GENDER,SIDO_ID,SIGUNGU_ID,DETAIL_ADDRESS,REG_DATE) values (27,'김문환','abcdef1','1234','고속도로','del1@example.com',to_date('92/08/08','RR/MM/DD'),'010-1234-1234','남       ',10,153,'인천시 남동구 논현동 21-22',to_date('24/04/26','RR/MM/DD'));
Insert into MEMBER (M_NO,NAME,MID,PASSWORD,NICKNAME,EMAIL,BIRTHDATE,PHONE,GENDER,SIDO_ID,SIGUNGU_ID,DETAIL_ADDRESS,REG_DATE) values (28,'조영욱','zipgagosipda','11111','골문킬러','zipgagosipda@naver.com',to_date('99/02/05','RR/MM/DD'),'010-1548-4783','남       ',11,162,'서울시 강남구 테헤란로 123',to_date('24/05/10','RR/MM/DD'));
Insert into MEMBER (M_NO,NAME,MID,PASSWORD,NICKNAME,EMAIL,BIRTHDATE,PHONE,GENDER,SIDO_ID,SIGUNGU_ID,DETAIL_ADDRESS,REG_DATE) values (29,'이청용','iloveteamjang','11111','블루드래곤','iloveteamjang@naver.com',to_date('88/07/02','RR/MM/DD'),'010-4951-5875','여       ',2,28,'전북 전주시 완산구 서원로 1010',to_date('24/05/10','RR/MM/DD'));
Insert into MEMBER (M_NO,NAME,MID,PASSWORD,NICKNAME,EMAIL,BIRTHDATE,PHONE,GENDER,SIDO_ID,SIGUNGU_ID,DETAIL_ADDRESS,REG_DATE) values (30,'최은지','qwe123','1234','은지최','choiej@example.com',to_date('75/03/03','RR/MM/DD'),'010-3362-4781','여       ',9,142,'충남 천안시 서북구 성정로 999',to_date('24/05/14','RR/MM/DD'));
Insert into MEMBER (M_NO,NAME,MID,PASSWORD,NICKNAME,EMAIL,BIRTHDATE,PHONE,GENDER,SIDO_ID,SIGUNGU_ID,DETAIL_ADDRESS,REG_DATE) values (31,'김재덕','qwer123','12345','재덕모음','qwer123@naver.com',to_date('02/05/05','RR/MM/DD'),'010-9586-2174','남       ',15,220,'경남 창원시 성산구 창이대로 888',to_date('24/05/17','RR/MM/DD'));
Insert into MEMBER (M_NO,NAME,MID,PASSWORD,NICKNAME,EMAIL,BIRTHDATE,PHONE,GENDER,SIDO_ID,SIGUNGU_ID,DETAIL_ADDRESS,REG_DATE) values (32,'김남구','aaaa111','12345','중원청소기','aaaa123@naver.com',to_date('75/11/30','RR/MM/DD'),'010-3301-8889','남       ',13,199,'서울시 서초구 반포대로 234',to_date('24/05/17','RR/MM/DD'));
Insert into MEMBER (M_NO,NAME,MID,PASSWORD,NICKNAME,EMAIL,BIRTHDATE,PHONE,GENDER,SIDO_ID,SIGUNGU_ID,DETAIL_ADDRESS,REG_DATE) values (33,'이재성','aaa123','abc123','중원의 지휘자','aaa123@example.com',to_date('92/08/10','RR/MM/DD'),'010-2881-0113','남       ',2,21,'경기도 수원시 영통구 광교로 777',to_date('24/05/17','RR/MM/DD'));
Insert into MEMBER (M_NO,NAME,MID,PASSWORD,NICKNAME,EMAIL,BIRTHDATE,PHONE,GENDER,SIDO_ID,SIGUNGU_ID,DETAIL_ADDRESS,REG_DATE) values (34,'권창훈','bbb123','bbb123','왼발의 마법사','bbb123@example.com',to_date('73/05/03','RR/MM/DD'),'010-7777-9999','남       ',2,21,'울산시 남구 삼산로 666',to_date('24/05/17','RR/MM/DD'));
Insert into MEMBER (M_NO,NAME,MID,PASSWORD,NICKNAME,EMAIL,BIRTHDATE,PHONE,GENDER,SIDO_ID,SIGUNGU_ID,DETAIL_ADDRESS,REG_DATE) values (35,'김신욱','zxc123','12345','신욱신','kimshinwook@example.com',to_date('88/04/14','RR/MM/DD'),'010-2000-3000','남       ',11,157,'대전시 유성구 대학로 555',to_date('24/05/17','RR/MM/DD'));
Insert into MEMBER (M_NO,NAME,MID,PASSWORD,NICKNAME,EMAIL,BIRTHDATE,PHONE,GENDER,SIDO_ID,SIGUNGU_ID,DETAIL_ADDRESS,REG_DATE) values (36,'조현우','dsa123','12345','골문지기','awd@naver.com',to_date('13/06/01','RR/MM/DD'),'010-2345-6789','남       ',11,163,'광주시 서구 치평로 444',to_date('24/05/20','RR/MM/DD'));
Insert into MEMBER (M_NO,NAME,MID,PASSWORD,NICKNAME,EMAIL,BIRTHDATE,PHONE,GENDER,SIDO_ID,SIGUNGU_ID,DETAIL_ADDRESS,REG_DATE) values (37,'이고운','asd123','asd123','고운','asd123@naver.com',to_date('99/06/03','RR/MM/DD'),'010-3456-7890','여       ',2,30,'인천시 남동구 인주대로 333',to_date('24/05/20','RR/MM/DD'));
Insert into MEMBER (M_NO,NAME,MID,PASSWORD,NICKNAME,EMAIL,BIRTHDATE,PHONE,GENDER,SIDO_ID,SIGUNGU_ID,DETAIL_ADDRESS,REG_DATE) values (38,'장슬기','hello123','hello123','슬기','jangsk@example.com',to_date('94/05/05','RR/MM/DD'),'010-4567-8901','여       ',1,17,'강원 강릉시 경강로 987',to_date('24/05/21','RR/MM/DD'));
Insert into MEMBER (M_NO,NAME,MID,PASSWORD,NICKNAME,EMAIL,BIRTHDATE,PHONE,GENDER,SIDO_ID,SIGUNGU_ID,DETAIL_ADDRESS,REG_DATE) values (39,'김진수','aaaaa','1234','진공청소기','jeonasdw@example.com',to_date('92/06/13','RR/MM/DD'),'010-5678-9012','여       ',2,21,'부산시 해운대구 해운대로 121',to_date('24/05/21','RR/MM/DD'));
Insert into MEMBER (M_NO,NAME,MID,PASSWORD,NICKNAME,EMAIL,BIRTHDATE,PHONE,GENDER,SIDO_ID,SIGUNGU_ID,DETAIL_ADDRESS,REG_DATE) values (40,'정우영','iop123','12345','불사조','example@naver.com',to_date('13/12/14','RR/MM/DD'),'010-4444-7777','남       ',1,1,'경기도 수원시 팔달구 효원로 456',to_date('24/05/21','RR/MM/DD'));
Insert into MEMBER (M_NO,NAME,MID,PASSWORD,NICKNAME,EMAIL,BIRTHDATE,PHONE,GENDER,SIDO_ID,SIGUNGU_ID,DETAIL_ADDRESS,REG_DATE) values (41,'황희찬','bbbbb','1234','황소','hwanghc@example.com',to_date('96/01/26','RR/MM/DD'),'010-6789-0123','여       ',1,1,'경기도 고양시 덕양구 화정로 987',to_date('24/05/21','RR/MM/DD'));
Insert into MEMBER (M_NO,NAME,MID,PASSWORD,NICKNAME,EMAIL,BIRTHDATE,PHONE,GENDER,SIDO_ID,SIGUNGU_ID,DETAIL_ADDRESS,REG_DATE) values (42,'김민재','goun2','1234','괴물','goun2@naver.com',to_date('96/11/15','RR/MM/DD'),'010-7890-1234','여       ',2,35,'충남 천안시 서북구 충무로 321',to_date('24/05/21','RR/MM/DD'));
Insert into MEMBER (M_NO,NAME,MID,PASSWORD,NICKNAME,EMAIL,BIRTHDATE,PHONE,GENDER,SIDO_ID,SIGUNGU_ID,DETAIL_ADDRESS,REG_DATE) values (43,'이강인','ccccc','1234','아이큐','leekm@example.com',to_date('01/02/19','RR/MM/DD'),'010-8901-2345','남       ',3,50,'경기도 안양시 동안구 호계로 987',to_date('24/05/21','RR/MM/DD'));
Insert into MEMBER (M_NO,NAME,MID,PASSWORD,NICKNAME,EMAIL,BIRTHDATE,PHONE,GENDER,SIDO_ID,SIGUNGU_ID,DETAIL_ADDRESS,REG_DATE) values (44,'황의조','ddddd','1234','고요한 킬러','leegangin@example.com',to_date('92/08/28','RR/MM/DD'),'010-9012-3456','남       ',16,230,'전북 군산시 중앙로 123',to_date('24/05/21','RR/MM/DD'));
Insert into MEMBER (M_NO,NAME,MID,PASSWORD,NICKNAME,EMAIL,BIRTHDATE,PHONE,GENDER,SIDO_ID,SIGUNGU_ID,DETAIL_ADDRESS,REG_DATE) values (45,'손흥민','eeeee','1234','손세이셔널','sonhm@example.com',to_date('92/07/08','RR/MM/DD'),'010-0123-4567','남       ',14,204,'충남 아산시 배방로 456',to_date('24/05/21','RR/MM/DD'));
REM INSERTING into MEMBER_DETAIL
SET DEFINE OFF;
Insert into MEMBER_DETAIL (MEMBER,TEAM) values (2,null);
Insert into MEMBER_DETAIL (MEMBER,TEAM) values (3,null);
Insert into MEMBER_DETAIL (MEMBER,TEAM) values (4,null);
Insert into MEMBER_DETAIL (MEMBER,TEAM) values (5,null);
Insert into MEMBER_DETAIL (MEMBER,TEAM) values (6,null);
Insert into MEMBER_DETAIL (MEMBER,TEAM) values (7,null);
Insert into MEMBER_DETAIL (MEMBER,TEAM) values (8,null);
Insert into MEMBER_DETAIL (MEMBER,TEAM) values (9,null);
Insert into MEMBER_DETAIL (MEMBER,TEAM) values (10,null);
Insert into MEMBER_DETAIL (MEMBER,TEAM) values (11,null);
Insert into MEMBER_DETAIL (MEMBER,TEAM) values (12,null);
Insert into MEMBER_DETAIL (MEMBER,TEAM) values (13,null);
Insert into MEMBER_DETAIL (MEMBER,TEAM) values (14,null);
Insert into MEMBER_DETAIL (MEMBER,TEAM) values (15,null);
Insert into MEMBER_DETAIL (MEMBER,TEAM) values (16,null);
Insert into MEMBER_DETAIL (MEMBER,TEAM) values (17,null);
Insert into MEMBER_DETAIL (MEMBER,TEAM) values (18,null);
Insert into MEMBER_DETAIL (MEMBER,TEAM) values (19,null);
Insert into MEMBER_DETAIL (MEMBER,TEAM) values (20,null);
Insert into MEMBER_DETAIL (MEMBER,TEAM) values (21,null);
Insert into MEMBER_DETAIL (MEMBER,TEAM) values (22,null);
Insert into MEMBER_DETAIL (MEMBER,TEAM) values (23,null);
Insert into MEMBER_DETAIL (MEMBER,TEAM) values (24,null);
Insert into MEMBER_DETAIL (MEMBER,TEAM) values (25,null);
Insert into MEMBER_DETAIL (MEMBER,TEAM) values (26,null);
Insert into MEMBER_DETAIL (MEMBER,TEAM) values (30,null);
Insert into MEMBER_DETAIL (MEMBER,TEAM) values (31,null);
Insert into MEMBER_DETAIL (MEMBER,TEAM) values (29,null);
Insert into MEMBER_DETAIL (MEMBER,TEAM) values (32,null);
Insert into MEMBER_DETAIL (MEMBER,TEAM) values (33,null);
Insert into MEMBER_DETAIL (MEMBER,TEAM) values (34,null);
Insert into MEMBER_DETAIL (MEMBER,TEAM) values (35,null);
Insert into MEMBER_DETAIL (MEMBER,TEAM) values (36,null);
Insert into MEMBER_DETAIL (MEMBER,TEAM) values (37,null);
Insert into MEMBER_DETAIL (MEMBER,TEAM) values (38,null);
Insert into MEMBER_DETAIL (MEMBER,TEAM) values (39,null);
Insert into MEMBER_DETAIL (MEMBER,TEAM) values (40,null);
Insert into MEMBER_DETAIL (MEMBER,TEAM) values (41,null);
Insert into MEMBER_DETAIL (MEMBER,TEAM) values (42,null);
Insert into MEMBER_DETAIL (MEMBER,TEAM) values (43,null);
Insert into MEMBER_DETAIL (MEMBER,TEAM) values (44,null);
Insert into MEMBER_DETAIL (MEMBER,TEAM) values (45,null);
REM INSERTING into NOTICEBOARD
SET DEFINE OFF;
Insert into NOTICEBOARD (B_NO,SUBJECT,WRITER,CONTENT,REG_DATE,READCOUNT) values (2,'공지사항 제목2','관리자','공지사항 내용2',to_date('24/03/06','RR/MM/DD'),0);
Insert into NOTICEBOARD (B_NO,SUBJECT,WRITER,CONTENT,REG_DATE,READCOUNT) values (3,'공지사항 제목3','관리자','공지사항 내용3',to_date('24/03/07','RR/MM/DD'),0);
Insert into NOTICEBOARD (B_NO,SUBJECT,WRITER,CONTENT,REG_DATE,READCOUNT) values (4,'공지사항 제목4','관리자','공지사항 내용4',to_date('24/03/08','RR/MM/DD'),0);
Insert into NOTICEBOARD (B_NO,SUBJECT,WRITER,CONTENT,REG_DATE,READCOUNT) values (5,'공지사항 제목5','관리자','공지사항 내용5',to_date('24/03/09','RR/MM/DD'),0);
Insert into NOTICEBOARD (B_NO,SUBJECT,WRITER,CONTENT,REG_DATE,READCOUNT) values (6,'공지사항 제목6','관리자','공지사항 내용6',to_date('24/03/10','RR/MM/DD'),0);
Insert into NOTICEBOARD (B_NO,SUBJECT,WRITER,CONTENT,REG_DATE,READCOUNT) values (7,'공지사항 제목7','관리자','공지사항 내용7',to_date('24/03/11','RR/MM/DD'),0);
Insert into NOTICEBOARD (B_NO,SUBJECT,WRITER,CONTENT,REG_DATE,READCOUNT) values (8,'공지사항 제목8','관리자','공지사항 내용8',to_date('24/03/12','RR/MM/DD'),0);
Insert into NOTICEBOARD (B_NO,SUBJECT,WRITER,CONTENT,REG_DATE,READCOUNT) values (9,'공지사항 제목9','관리자','공지사항 내용9',to_date('24/03/13','RR/MM/DD'),1);
Insert into NOTICEBOARD (B_NO,SUBJECT,WRITER,CONTENT,REG_DATE,READCOUNT) values (10,'공지사항 제목10','관리자','공지사항 내용10',to_date('24/03/14','RR/MM/DD'),0);
Insert into NOTICEBOARD (B_NO,SUBJECT,WRITER,CONTENT,REG_DATE,READCOUNT) values (11,'공지사항 제목11','관리자','공지사항 내용11',to_date('24/03/15','RR/MM/DD'),0);
Insert into NOTICEBOARD (B_NO,SUBJECT,WRITER,CONTENT,REG_DATE,READCOUNT) values (12,'공지사항 제목12','관리자','공지사항 내용12',to_date('24/03/16','RR/MM/DD'),0);
Insert into NOTICEBOARD (B_NO,SUBJECT,WRITER,CONTENT,REG_DATE,READCOUNT) values (13,'공지사항 제목13','관리자','공지사항 내용13',to_date('24/03/17','RR/MM/DD'),0);
Insert into NOTICEBOARD (B_NO,SUBJECT,WRITER,CONTENT,REG_DATE,READCOUNT) values (14,'공지사항 제목14','관리자','공지사항 내용14',to_date('24/03/18','RR/MM/DD'),0);
Insert into NOTICEBOARD (B_NO,SUBJECT,WRITER,CONTENT,REG_DATE,READCOUNT) values (15,'공지사항 제목15','관리자','공지사항 내용15',to_date('24/03/19','RR/MM/DD'),0);
Insert into NOTICEBOARD (B_NO,SUBJECT,WRITER,CONTENT,REG_DATE,READCOUNT) values (16,'공지사항 제목16','관리자','공지사항 내용16',to_date('24/03/20','RR/MM/DD'),0);
Insert into NOTICEBOARD (B_NO,SUBJECT,WRITER,CONTENT,REG_DATE,READCOUNT) values (17,'공지사항 제목17','관리자','공지사항 내용17',to_date('24/03/21','RR/MM/DD'),0);
Insert into NOTICEBOARD (B_NO,SUBJECT,WRITER,CONTENT,REG_DATE,READCOUNT) values (18,'공지사항 제목18','관리자','공지사항 내용18',to_date('24/03/22','RR/MM/DD'),0);
Insert into NOTICEBOARD (B_NO,SUBJECT,WRITER,CONTENT,REG_DATE,READCOUNT) values (19,'공지사항 제목19','관리자','공지사항 내용19',to_date('24/03/23','RR/MM/DD'),0);
Insert into NOTICEBOARD (B_NO,SUBJECT,WRITER,CONTENT,REG_DATE,READCOUNT) values (20,'공지사항 제목20','관리자','공지사항 내용20',to_date('24/03/24','RR/MM/DD'),0);
Insert into NOTICEBOARD (B_NO,SUBJECT,WRITER,CONTENT,REG_DATE,READCOUNT) values (21,'공지사항 제목21','관리자','공지사항 내용21',to_date('24/03/25','RR/MM/DD'),0);
Insert into NOTICEBOARD (B_NO,SUBJECT,WRITER,CONTENT,REG_DATE,READCOUNT) values (22,'공지사항 제목22','관리자','공지사항 내용22',to_date('24/03/26','RR/MM/DD'),0);
Insert into NOTICEBOARD (B_NO,SUBJECT,WRITER,CONTENT,REG_DATE,READCOUNT) values (23,'공지사항 제목23','관리자','공지사항 내용23',to_date('24/03/27','RR/MM/DD'),0);
Insert into NOTICEBOARD (B_NO,SUBJECT,WRITER,CONTENT,REG_DATE,READCOUNT) values (24,'공지사항 제목24','관리자','공지사항 내용24',to_date('24/03/28','RR/MM/DD'),0);
Insert into NOTICEBOARD (B_NO,SUBJECT,WRITER,CONTENT,REG_DATE,READCOUNT) values (25,'공지사항 제목25','관리자','공지사항 내용25',to_date('24/03/29','RR/MM/DD'),0);
Insert into NOTICEBOARD (B_NO,SUBJECT,WRITER,CONTENT,REG_DATE,READCOUNT) values (26,'공지사항 제목26','관리자','공지사항 내용26',to_date('24/03/30','RR/MM/DD'),0);
Insert into NOTICEBOARD (B_NO,SUBJECT,WRITER,CONTENT,REG_DATE,READCOUNT) values (27,'공지사항 제목27','관리자','공지사항 내용27',to_date('24/03/31','RR/MM/DD'),0);
Insert into NOTICEBOARD (B_NO,SUBJECT,WRITER,CONTENT,REG_DATE,READCOUNT) values (28,'공지사항 제목28','관리자','공지사항 내용28',to_date('24/04/01','RR/MM/DD'),0);
Insert into NOTICEBOARD (B_NO,SUBJECT,WRITER,CONTENT,REG_DATE,READCOUNT) values (29,'공지사항 제목29','관리자','공지사항 내용29',to_date('24/04/02','RR/MM/DD'),0);
Insert into NOTICEBOARD (B_NO,SUBJECT,WRITER,CONTENT,REG_DATE,READCOUNT) values (30,'공지사항 제목30','관리자','공지사항 내용30',to_date('24/04/03','RR/MM/DD'),0);
Insert into NOTICEBOARD (B_NO,SUBJECT,WRITER,CONTENT,REG_DATE,READCOUNT) values (31,'공지사항 제목31','관리자','공지사항 내용31',to_date('24/04/04','RR/MM/DD'),0);
Insert into NOTICEBOARD (B_NO,SUBJECT,WRITER,CONTENT,REG_DATE,READCOUNT) values (32,'공지사항 제목32','관리자','공지사항 내용32',to_date('24/04/05','RR/MM/DD'),0);
Insert into NOTICEBOARD (B_NO,SUBJECT,WRITER,CONTENT,REG_DATE,READCOUNT) values (33,'수정','관리자','수정?',to_date('24/05/09','RR/MM/DD'),1);
Insert into NOTICEBOARD (B_NO,SUBJECT,WRITER,CONTENT,REG_DATE,READCOUNT) values (34,'공지사항 제목34','관리자','공지사항 내용34',to_date('24/04/07','RR/MM/DD'),0);
Insert into NOTICEBOARD (B_NO,SUBJECT,WRITER,CONTENT,REG_DATE,READCOUNT) values (35,'공지사항 제목35','관리자','공지사항 내용35',to_date('24/04/08','RR/MM/DD'),0);
Insert into NOTICEBOARD (B_NO,SUBJECT,WRITER,CONTENT,REG_DATE,READCOUNT) values (36,'공지사항 제목36','관리자','공지사항 내용36',to_date('24/04/09','RR/MM/DD'),0);
Insert into NOTICEBOARD (B_NO,SUBJECT,WRITER,CONTENT,REG_DATE,READCOUNT) values (37,'공지사항 제목37','관리자','공지사항 내용37
            dasdasdas',to_date('24/04/10','RR/MM/DD'),2);
Insert into NOTICEBOARD (B_NO,SUBJECT,WRITER,CONTENT,REG_DATE,READCOUNT) values (38,'공지사항 제목38','관리자','공지사항 내용38
            dasasdsad',to_date('24/04/11','RR/MM/DD'),3);
Insert into NOTICEBOARD (B_NO,SUBJECT,WRITER,CONTENT,REG_DATE,READCOUNT) values (39,'이곳은 여러분들 모두가 함께 만들어가는 coding24','관리자','아마추어 축구 동호인들의 활발한 교류와 정보 공유를 통하여,

 

친선경기 매칭 및 축구장 정보,축구대회&리그 정보 그리고 지역별 축구팀 소식 등

 

''축구와 사람을 사랑하는 모든 분들의 필수 커뮤니티''가 될 수 있도록

 

''CODIN247'' 회원여러분 한분 한분 모두의 왕성한 활동 부탁드립니다!

 

오늘도 축구와 함께 행복한 하루되시기 바랍니다~^^
            ',to_date('24/05/21','RR/MM/DD'),3);
Insert into NOTICEBOARD (B_NO,SUBJECT,WRITER,CONTENT,REG_DATE,READCOUNT) values (40,'[공지] 각 팀의 실력을 가늠해 볼 수 있는 매치기록실','관리자','경기결과를 기록하는 게시판인

''매치기록실''을 운영하고자 합니다.


글 제목은 반드시 -> ''OO팀 VS AA팀 경기결과'' 로 통일해주시고


글 내용에는 각팀 실력을 상 / 중상 / 중 / 중하 / 하 로 구분하시고

연령대는 20대, 4~50대, 전연령 등 각 팀의 주된 연령대를 자유롭게 올려주시면 되고

최종스코어와 함께 양식에 맞춰서 올려주시면 감사하겠습니다!',to_date('24/04/13','RR/MM/DD'),2);
Insert into NOTICEBOARD (B_NO,SUBJECT,WRITER,CONTENT,REG_DATE,READCOUNT) values (41,'대한축구협회 정식 선수 등록의 혜택과 방법','관리자','우리나라도 해외 축구 선진국들과 마찬가지로 아마추어 모든 선수들의

선수등록으로 체계적인 관리가 이루어집니다.

등록비는 1만원이지만 이 등록비용은 축구 발전에 쓰이게 된다고 합니다.



올해부터 전국적으로 펼쳐지는 디비전 7에 참가하기 위해서는 정식 팀/선수 등록이 필수 입니다.

http://www.joinkfa.com',to_date('24/04/14','RR/MM/DD'),4);
Insert into NOTICEBOARD (B_NO,SUBJECT,WRITER,CONTENT,REG_DATE,READCOUNT) values (42,'6월부터 달라지는 11개 축구 규칙!!!','관리자','1.프리킥 수비벽과 몸싸움 하지마! 
2. 손과 팔로 득점하면, 의도가 있든없든 ''노 골'' 
3. 심판 맞고 골 되면 ''노 골''  
4. 감독과 코칭스태프들도 노란/빨간 카드 받는다 
5. 카드 제시보다 경기 속개가 우선 
6.교체되는 선수의 출구는 따로 없다 
7.경기 전 동전 토스 이긴 팀의 권리 
8. 골킥이나 PA 안에서의 프리킥 시 인플레이
9. 페널티킥 때 골키퍼는 ''라인과 함께'' 
10. 이것은 드롭볼도, 드롭볼 아닌 것도 아니여~
11.과도한 골 셀러브레이션, 골 취소여도 옐로카드 
            ',to_date('24/05/21','RR/MM/DD'),49);
Insert into NOTICEBOARD (B_NO,SUBJECT,WRITER,CONTENT,REG_DATE,READCOUNT) values (43,'야외체육시설 방역수칙 세부지침 부분 완화 안내','관리자','금일 정부 발표로 야외체육시설 방역 세부지침이 일부 완화되었습니다.

 

민간 체육시설 중 관리자가 있는 풋살장 및 축구장은 운동이 가능하게 되었습니다.

 

공공시설은 아직이지만 곧 지자체별로 오픈하는대로 이용이 가능할 것 같습니다.

-> 방역 세부수칙 내용 알아보기

http://ncov.mohw.go.kr/tcmBoardView.do?brdId=&brdGubun=&dataGubun=&ncvContSeq=363530&contSeq=363530&board_id=&gubun=ALL 

 

마스크착용이 필수지만 이렇게 일부라도 운동할 수 있게되어 다행입니다.

 

회원님들께서도 방역수칙 잘 준수하시어 운동 부탁드립니다.

모두 건강하시고 새해 복 많이 받으시기 바랍니다.
            
            ',to_date('24/04/16','RR/MM/DD'),10);
Insert into NOTICEBOARD (B_NO,SUBJECT,WRITER,CONTENT,REG_DATE,READCOUNT) values (44,'신설 안내 (K5,6,7 리그 참가팀)','관리자','회원 중 K5,6,7 리그 참가팀께서는



본 게시판에 K5,6,7 리그 참가팀 등업신청을 해주시면 특별회원으로 등업됩니다.



특별회원은 K5,6,7 리그 팀원모집 및 K5,6,7 팀 매치 게시판 이용이 가능합니다.



앞으로 다양한 방향으로 리그 참가 관련하여 도움을 드리겠습니다.',to_date('24/04/17','RR/MM/DD'),9);
Insert into NOTICEBOARD (B_NO,SUBJECT,WRITER,CONTENT,REG_DATE,READCOUNT) values (45,'CODING247과함께할파트너들을찾습니다~','관리자','저희 CODING247과 함께 아마추어 축구 문화를선도하며
서로 윈윈할 수 있는 파트너들을 찾습니다.

제휴, 후원, 이벤트, 홍보, 크리에이터 등 어떠한 분야든 
좋은 의견이나 관심있으신 분 께서는 
관련 내용을 메일로 보내주시면
담당자 검토 후 연락드리겠습니다.
감사합니다.',to_date('24/04/18','RR/MM/DD'),14);
Insert into NOTICEBOARD (B_NO,SUBJECT,WRITER,CONTENT,REG_DATE,READCOUNT) values (46,'★매치팀 평가 해주세요★','관리자','< 예시 >

1.팀명 : 서울팀(우리팀) VS 경기팀(상대팀)


2.경 기 날 짜 :   23 년  12  월  7  일

3.경 기 장 소 :   마들스타디움

4.우리팀 실력 vs 상대팀 실력 :  하 vs 중하
(상 / 중상 / 중 / 중하 / 하 -> 팀별 택1)

5. 연령대 : 2~30대 vs 40대
( 각 팀의 주된 연령대를 위와같이 자유롭게 기재)

6.우리팀vs상대팀 최종스코어 - 2:3 (패)

7.상대팀 [실력] 한 줄 평가: 중하 치고는 잘 차시는 팀입니다.

8.상대팀 [매너] 한 줄 평가 : 매너도 전반적으로 좋았습니다.




※ 말머리에 승,무,패를 설정해주세요.

※ 글 제목은 반드시 -> ''OO팀(우리팀) vs AA팀(상대팀) 경기 후 평가 '' 로 통일해주세요.
            ',to_date('24/04/19','RR/MM/DD'),56);
REM INSERTING into PLAYER_RANKING
SET DEFINE OFF;
REM INSERTING into PLAYER_RECORD
SET DEFINE OFF;
Insert into PLAYER_RECORD (PLAYER,GAMES_PLAYED,WINS,DRAWS,LOSSES,GOALS_FOR,GOALS_ASSIST) values (2,21,15,3,2,50,10);
Insert into PLAYER_RECORD (PLAYER,GAMES_PLAYED,WINS,DRAWS,LOSSES,GOALS_FOR,GOALS_ASSIST) values (3,88,5,17,26,17,19);
Insert into PLAYER_RECORD (PLAYER,GAMES_PLAYED,WINS,DRAWS,LOSSES,GOALS_FOR,GOALS_ASSIST) values (4,70,7,5,25,38,3);
Insert into PLAYER_RECORD (PLAYER,GAMES_PLAYED,WINS,DRAWS,LOSSES,GOALS_FOR,GOALS_ASSIST) values (5,34,16,0,10,34,10);
Insert into PLAYER_RECORD (PLAYER,GAMES_PLAYED,WINS,DRAWS,LOSSES,GOALS_FOR,GOALS_ASSIST) values (6,44,26,9,6,43,16);
Insert into PLAYER_RECORD (PLAYER,GAMES_PLAYED,WINS,DRAWS,LOSSES,GOALS_FOR,GOALS_ASSIST) values (7,51,9,20,23,13,10);
Insert into PLAYER_RECORD (PLAYER,GAMES_PLAYED,WINS,DRAWS,LOSSES,GOALS_FOR,GOALS_ASSIST) values (8,9,29,20,5,11,9);
Insert into PLAYER_RECORD (PLAYER,GAMES_PLAYED,WINS,DRAWS,LOSSES,GOALS_FOR,GOALS_ASSIST) values (9,37,42,7,23,1,19);
Insert into PLAYER_RECORD (PLAYER,GAMES_PLAYED,WINS,DRAWS,LOSSES,GOALS_FOR,GOALS_ASSIST) values (10,88,21,4,24,8,1);
Insert into PLAYER_RECORD (PLAYER,GAMES_PLAYED,WINS,DRAWS,LOSSES,GOALS_FOR,GOALS_ASSIST) values (11,85,24,18,7,41,17);
Insert into PLAYER_RECORD (PLAYER,GAMES_PLAYED,WINS,DRAWS,LOSSES,GOALS_FOR,GOALS_ASSIST) values (12,4,20,5,26,31,12);
Insert into PLAYER_RECORD (PLAYER,GAMES_PLAYED,WINS,DRAWS,LOSSES,GOALS_FOR,GOALS_ASSIST) values (13,46,40,14,7,50,20);
Insert into PLAYER_RECORD (PLAYER,GAMES_PLAYED,WINS,DRAWS,LOSSES,GOALS_FOR,GOALS_ASSIST) values (14,59,36,3,11,4,14);
Insert into PLAYER_RECORD (PLAYER,GAMES_PLAYED,WINS,DRAWS,LOSSES,GOALS_FOR,GOALS_ASSIST) values (15,44,16,19,19,50,0);
Insert into PLAYER_RECORD (PLAYER,GAMES_PLAYED,WINS,DRAWS,LOSSES,GOALS_FOR,GOALS_ASSIST) values (16,85,18,13,26,0,2);
Insert into PLAYER_RECORD (PLAYER,GAMES_PLAYED,WINS,DRAWS,LOSSES,GOALS_FOR,GOALS_ASSIST) values (17,36,6,20,8,1,17);
Insert into PLAYER_RECORD (PLAYER,GAMES_PLAYED,WINS,DRAWS,LOSSES,GOALS_FOR,GOALS_ASSIST) values (18,5,42,13,1,49,0);
Insert into PLAYER_RECORD (PLAYER,GAMES_PLAYED,WINS,DRAWS,LOSSES,GOALS_FOR,GOALS_ASSIST) values (19,94,24,3,10,8,5);
Insert into PLAYER_RECORD (PLAYER,GAMES_PLAYED,WINS,DRAWS,LOSSES,GOALS_FOR,GOALS_ASSIST) values (20,75,15,16,24,43,16);
Insert into PLAYER_RECORD (PLAYER,GAMES_PLAYED,WINS,DRAWS,LOSSES,GOALS_FOR,GOALS_ASSIST) values (21,86,44,15,28,37,13);
Insert into PLAYER_RECORD (PLAYER,GAMES_PLAYED,WINS,DRAWS,LOSSES,GOALS_FOR,GOALS_ASSIST) values (22,69,41,18,21,24,0);
Insert into PLAYER_RECORD (PLAYER,GAMES_PLAYED,WINS,DRAWS,LOSSES,GOALS_FOR,GOALS_ASSIST) values (23,83,32,11,24,20,1);
Insert into PLAYER_RECORD (PLAYER,GAMES_PLAYED,WINS,DRAWS,LOSSES,GOALS_FOR,GOALS_ASSIST) values (24,71,19,16,2,47,3);
Insert into PLAYER_RECORD (PLAYER,GAMES_PLAYED,WINS,DRAWS,LOSSES,GOALS_FOR,GOALS_ASSIST) values (25,27,30,13,14,35,17);
Insert into PLAYER_RECORD (PLAYER,GAMES_PLAYED,WINS,DRAWS,LOSSES,GOALS_FOR,GOALS_ASSIST) values (26,88,11,0,22,9,15);
Insert into PLAYER_RECORD (PLAYER,GAMES_PLAYED,WINS,DRAWS,LOSSES,GOALS_FOR,GOALS_ASSIST) values (29,0,0,0,0,0,0);
Insert into PLAYER_RECORD (PLAYER,GAMES_PLAYED,WINS,DRAWS,LOSSES,GOALS_FOR,GOALS_ASSIST) values (30,0,0,0,0,0,0);
Insert into PLAYER_RECORD (PLAYER,GAMES_PLAYED,WINS,DRAWS,LOSSES,GOALS_FOR,GOALS_ASSIST) values (31,0,0,0,0,0,0);
Insert into PLAYER_RECORD (PLAYER,GAMES_PLAYED,WINS,DRAWS,LOSSES,GOALS_FOR,GOALS_ASSIST) values (32,0,0,0,0,0,0);
Insert into PLAYER_RECORD (PLAYER,GAMES_PLAYED,WINS,DRAWS,LOSSES,GOALS_FOR,GOALS_ASSIST) values (33,0,0,0,0,0,0);
Insert into PLAYER_RECORD (PLAYER,GAMES_PLAYED,WINS,DRAWS,LOSSES,GOALS_FOR,GOALS_ASSIST) values (34,0,0,0,0,0,0);
Insert into PLAYER_RECORD (PLAYER,GAMES_PLAYED,WINS,DRAWS,LOSSES,GOALS_FOR,GOALS_ASSIST) values (35,0,0,0,0,0,0);
Insert into PLAYER_RECORD (PLAYER,GAMES_PLAYED,WINS,DRAWS,LOSSES,GOALS_FOR,GOALS_ASSIST) values (36,0,0,0,0,0,0);
Insert into PLAYER_RECORD (PLAYER,GAMES_PLAYED,WINS,DRAWS,LOSSES,GOALS_FOR,GOALS_ASSIST) values (37,0,0,0,0,0,0);
Insert into PLAYER_RECORD (PLAYER,GAMES_PLAYED,WINS,DRAWS,LOSSES,GOALS_FOR,GOALS_ASSIST) values (38,0,0,0,0,0,0);
Insert into PLAYER_RECORD (PLAYER,GAMES_PLAYED,WINS,DRAWS,LOSSES,GOALS_FOR,GOALS_ASSIST) values (39,0,0,0,0,0,0);
Insert into PLAYER_RECORD (PLAYER,GAMES_PLAYED,WINS,DRAWS,LOSSES,GOALS_FOR,GOALS_ASSIST) values (40,0,0,0,0,0,0);
Insert into PLAYER_RECORD (PLAYER,GAMES_PLAYED,WINS,DRAWS,LOSSES,GOALS_FOR,GOALS_ASSIST) values (41,0,0,0,0,0,0);
Insert into PLAYER_RECORD (PLAYER,GAMES_PLAYED,WINS,DRAWS,LOSSES,GOALS_FOR,GOALS_ASSIST) values (42,0,0,0,0,0,0);
Insert into PLAYER_RECORD (PLAYER,GAMES_PLAYED,WINS,DRAWS,LOSSES,GOALS_FOR,GOALS_ASSIST) values (43,0,0,0,0,0,0);
Insert into PLAYER_RECORD (PLAYER,GAMES_PLAYED,WINS,DRAWS,LOSSES,GOALS_FOR,GOALS_ASSIST) values (44,0,0,0,0,0,0);
Insert into PLAYER_RECORD (PLAYER,GAMES_PLAYED,WINS,DRAWS,LOSSES,GOALS_FOR,GOALS_ASSIST) values (45,0,0,0,0,0,0);
REM INSERTING into QNABOARD
SET DEFINE OFF;
Insert into QNABOARD (B_NO,SUBJECT,WRITER,CONTENT,REG_DATE,READCOUNT) values (26,'QnA 게시판 수정 확인',2,'QnA 게시판 수정 확인aaaaa',to_date('24/05/21','RR/MM/DD'),15);
Insert into QNABOARD (B_NO,SUBJECT,WRITER,CONTENT,REG_DATE,READCOUNT) values (2,'팀원을 모집하려는데 어떻게 해야 하나요?',2,'팀을 모집하려고 합니다. 어떤 정보를 게시해야 하며, 어떤 사람들을 찾아야 할 지에 대한 조언이 필요합니다.',to_date('24/05/01','RR/MM/DD'),4);
Insert into QNABOARD (B_NO,SUBJECT,WRITER,CONTENT,REG_DATE,READCOUNT) values (3,'매치 예정일 변경이 가능한가요?',3,'예정된 매치 날짜를 변경하고 싶습니다. 어떻게 변경할 수 있을까요? 변경 시 주의할 점이 있나요?',to_date('24/05/01','RR/MM/DD'),0);
Insert into QNABOARD (B_NO,SUBJECT,WRITER,CONTENT,REG_DATE,READCOUNT) values (4,'매치 참가 시 필요한 준비물은 무엇인가요?',4,'매치에 참가하기 위해 필요한 준비물에 대해 궁금합니다. 어떤 장비나 용품이 필요한지 알려주세요.',to_date('24/05/01','RR/MM/DD'),0);
Insert into QNABOARD (B_NO,SUBJECT,WRITER,CONTENT,REG_DATE,READCOUNT) values (5,'매치 참가 신청 후에는 어떤 절차가 따르나요?',5,'매치에 참가하고 싶어서 신청했는데, 이후에는 어떤 절차가 있는지 궁금합니다. 확인해야 할 사항이 있을까요?',to_date('24/05/01','RR/MM/DD'),0);
Insert into QNABOARD (B_NO,SUBJECT,WRITER,CONTENT,REG_DATE,READCOUNT) values (6,'매치 취소 시 환불 정책에 대해 알려주세요.',6,'예약한 매치를 취소해야 할 상황이 발생했습니다. 취소 시 환불 절차와 정책을 알려주세요.',to_date('24/05/01','RR/MM/DD'),0);
Insert into QNABOARD (B_NO,SUBJECT,WRITER,CONTENT,REG_DATE,READCOUNT) values (7,'매치 참가 시 주의해야 할 안전사항이 있나요?',7,'매치 참가 시에 주의해야 할 안전사항이 있는지 궁금합니다. 부상 예방을 위한 조언이 필요합니다.',to_date('24/05/01','RR/MM/DD'),0);
Insert into QNABOARD (B_NO,SUBJECT,WRITER,CONTENT,REG_DATE,READCOUNT) values (8,'매치 결과 및 순위에 대한 정보를 어디서 확인할 수 있나요?',8,'참가한 매치의 결과와 순위를 확인하고 싶습니다. 이 정보는 어디에서 확인할 수 있을까요?',to_date('24/05/01','RR/MM/DD'),0);
Insert into QNABOARD (B_NO,SUBJECT,WRITER,CONTENT,REG_DATE,READCOUNT) values (9,'매치 장소나 시간을 재확인하고 싶습니다.',9,'매치의 장소나 시간에 대해 다시 확인하고 싶습니다. 확인할 수 있는 방법이 있을까요?',to_date('24/05/01','RR/MM/DD'),0);
Insert into QNABOARD (B_NO,SUBJECT,WRITER,CONTENT,REG_DATE,READCOUNT) values (10,'팀에 가입하려면 어떻게 해야 하나요?',10,'팀에 가입하고 싶은데, 가입 방법과 절차에 대해 궁금합니다. 어떻게 해야 하나요?',to_date('24/05/01','RR/MM/DD'),0);
Insert into QNABOARD (B_NO,SUBJECT,WRITER,CONTENT,REG_DATE,READCOUNT) values (11,'매치 참가를 위해 필요한 연령 제한이 있나요?',11,'매치에 참가하기 위해선 특정 연령 이상이거나 이하이어야 하는지 궁금합니다. 연령 제한이 있을 경우에는 어떻게 확인하나요?',to_date('24/05/01','RR/MM/DD'),0);
Insert into QNABOARD (B_NO,SUBJECT,WRITER,CONTENT,REG_DATE,READCOUNT) values (12,'매치 참가 시 신분증을 지참해야 하나요?',12,'매치에 참가할 때 신분증을 지참해야 하는지 궁금합니다. 신분증을 가져가는 것이 필수 조건인가요?',to_date('24/05/01','RR/MM/DD'),0);
Insert into QNABOARD (B_NO,SUBJECT,WRITER,CONTENT,REG_DATE,READCOUNT) values (13,'매치 참가 시 개인 장비를 대여할 수 있나요?',13,'개인적으로 필요한 장비를 가지고 있지 않은데, 매치 참가 시에 장비를 대여할 수 있는지 궁금합니다.',to_date('24/05/01','RR/MM/DD'),2);
Insert into QNABOARD (B_NO,SUBJECT,WRITER,CONTENT,REG_DATE,READCOUNT) values (14,'매치 참가 시에는 어떤 드레스 코드를 준수해야 하나요?',14,'매치 참가 시에는 특정한 드레스 코드를 따라야 하는지 궁금합니다. 별도의 의상이 필요한가요?',to_date('24/05/01','RR/MM/DD'),1);
Insert into QNABOARD (B_NO,SUBJECT,WRITER,CONTENT,REG_DATE,READCOUNT) values (15,'매치 참가 시에 음주는 허용되나요?',15,'매치 참가 전 후에 음주가 허용되는지 알고 싶습니다. 안전과 질서를 위한 규정이 있나요?',to_date('24/05/01','RR/MM/DD'),0);
Insert into QNABOARD (B_NO,SUBJECT,WRITER,CONTENT,REG_DATE,READCOUNT) values (16,'매치 참가 시에 가족이나 친구를 동반할 수 있나요?',16,'매치 참가 시에 동반인을 함께 가지고 갈 수 있는지 궁금합니다. 관련 규정이 있을까요?',to_date('24/05/01','RR/MM/DD'),2);
Insert into QNABOARD (B_NO,SUBJECT,WRITER,CONTENT,REG_DATE,READCOUNT) values (17,'매치 중에 부상 시 응급 처치가 가능한가요?',17,'매치 중에 부상이 발생할 경우 응급 처치가 가능한지 궁금합니다. 응급 상황에 대비되어 있나요?',to_date('24/05/01','RR/MM/DD'),4);
Insert into QNABOARD (B_NO,SUBJECT,WRITER,CONTENT,REG_DATE,READCOUNT) values (18,'매치 참가를 취소하려면 어디에 문의해야 하나요?',18,'매치 참가를 취소하고 싶은데, 어디에 연락하거나 문의해야 할 지 궁금합니다.',to_date('24/05/01','RR/MM/DD'),4);
Insert into QNABOARD (B_NO,SUBJECT,WRITER,CONTENT,REG_DATE,READCOUNT) values (19,'매치 참가 후에는 어떤 후속 조치가 필요한가요?',19,'매치에 참가한 후에는 추가적인 조치나 절차가 필요한지 궁금합니다. 경기 이후에 해야 할 일이 있을까요?',to_date('24/05/01','RR/MM/DD'),8);
Insert into QNABOARD (B_NO,SUBJECT,WRITER,CONTENT,REG_DATE,READCOUNT) values (20,'매치 참가 시에는 어떤 종류의 축구화를 신어야 하나요?',20,'매치에 참가하기 위해 어떤 종류의 축구화를 준비해야 하는지 알고 싶습니다.',to_date('24/05/01','RR/MM/DD'),46);
Insert into QNABOARD (B_NO,SUBJECT,WRITER,CONTENT,REG_DATE,READCOUNT) values (21,'매치 중에 갈등이 발생했을 때 대응 방법이 있나요?',21,'매치 중에 갈등이 발생했을 때 어떻게 대처해야 하는지 궁금합니다. 이에 대한 가이드라인이 있을까요?',to_date('24/05/01','RR/MM/DD'),53);
Insert into QNABOARD (B_NO,SUBJECT,WRITER,CONTENT,REG_DATE,READCOUNT) values (25,'QnA 게시판 css 확인',2,'QnA 게시판 css 확인',to_date('24/05/20','RR/MM/DD'),158);
REM INSERTING into QNABOARD_COMMENT
SET DEFINE OFF;
Insert into QNABOARD_COMMENT (BC_NO,WRITER,CONTENT,REG_DATE,SUBJECT,C_NO) values (25,'관리자','게시판 댓글 확인
',to_date('24/05/21','RR/MM/DD'),'QnA 게시판 css 확인(답변)',4);
Insert into QNABOARD_COMMENT (BC_NO,WRITER,CONTENT,REG_DATE,SUBJECT,C_NO) values (21,'관리자','잘 화해하시길 바랍니다. 어떻게?',to_date('24/05/07','RR/MM/DD'),'매치 중에 갈등이 발생했을 때 대응 방법이 있나요?(답변)',2);
Insert into QNABOARD_COMMENT (BC_NO,WRITER,CONTENT,REG_DATE,SUBJECT,C_NO) values (25,'관리자','QnA 게시판 댓글 확인',to_date('24/05/21','RR/MM/DD'),'QnA 게시판 css 확인(답변)',3);
REM INSERTING into RECRUIT_TEAMMEMBOARD
SET DEFINE OFF;
Insert into RECRUIT_TEAMMEMBOARD (B_NO,TITLE,CONTENT,READCOUNT,REG_DATE,TEAM_MEM,SIDO,SIGUNGU,POS,WRITER) values (1,'부천에서 같이 축구할 팀원 구합니다','부천에서 매일 축구하고 있습니다. 관심있으면 연락주세요',38,to_date('24/05/02','RR/MM/DD'),'팀원',2,29,'ST',2);
Insert into RECRUIT_TEAMMEMBOARD (B_NO,TITLE,CONTENT,READCOUNT,REG_DATE,TEAM_MEM,SIDO,SIGUNGU,POS,WRITER) values (3,'서울에서 같이 축구할 팀원 구합니다','서울에서 매일 축구하고 있습니다. 관심있으면 연락주세요',5,to_date('24/05/02','RR/MM/DD'),'팀원',9,131,'ST',2);
Insert into RECRUIT_TEAMMEMBOARD (B_NO,TITLE,CONTENT,READCOUNT,REG_DATE,TEAM_MEM,SIDO,SIGUNGU,POS,WRITER) values (2,'수원에에서 같이 축구할 팀원 구합니다','수원에서 매일 축구하고 있습니다. 관심있으면 연락주세요',6,to_date('24/05/02','RR/MM/DD'),'팀원',2,31,'CB',2);
Insert into RECRUIT_TEAMMEMBOARD (B_NO,TITLE,CONTENT,READCOUNT,REG_DATE,TEAM_MEM,SIDO,SIGUNGU,POS,WRITER) values (4,'부산 서면에 팀 있나요?','축구가 하고싶습니다.',8,to_date('24/05/02','RR/MM/DD'),'팀',8,115,'GK',3);
Insert into RECRUIT_TEAMMEMBOARD (B_NO,TITLE,CONTENT,READCOUNT,REG_DATE,TEAM_MEM,SIDO,SIGUNGU,POS,WRITER) values (5,'충남 예산에 팀 있나요?','축구가 하고싶습니다.',8,to_date('24/05/02','RR/MM/DD'),'팀',15,209,'GK',4);
Insert into RECRUIT_TEAMMEMBOARD (B_NO,TITLE,CONTENT,READCOUNT,REG_DATE,TEAM_MEM,SIDO,SIGUNGU,POS,WRITER) values (6,'부천 역곡에 팀 있나요?','축구가 하고싶습니다.',7,to_date('24/05/02','RR/MM/DD'),'팀',2,29,'GK',5);
Insert into RECRUIT_TEAMMEMBOARD (B_NO,TITLE,CONTENT,READCOUNT,REG_DATE,TEAM_MEM,SIDO,SIGUNGU,POS,WRITER) values (7,'같이 축구해요','축구할 사람 구해요.',6,to_date('24/05/04','RR/MM/DD'),'팀',5,91,'GK',6);
Insert into RECRUIT_TEAMMEMBOARD (B_NO,TITLE,CONTENT,READCOUNT,REG_DATE,TEAM_MEM,SIDO,SIGUNGU,POS,WRITER) values (8,'팀원 모십니다','용산 근처 성인 축구 동호회 팀원 모십니다.',4,to_date('24/05/04','RR/MM/DD'),'팀원',9,145,'CM',7);
Insert into RECRUIT_TEAMMEMBOARD (B_NO,TITLE,CONTENT,READCOUNT,REG_DATE,TEAM_MEM,SIDO,SIGUNGU,POS,WRITER) values (14,'테스트용','추가중입니다',7,to_date('24/05/06','RR/MM/DD'),'팀원',null,null,'CM',9);
Insert into RECRUIT_TEAMMEMBOARD (B_NO,TITLE,CONTENT,READCOUNT,REG_DATE,TEAM_MEM,SIDO,SIGUNGU,POS,WRITER) values (15,'재 테스트 중입니다','테스트',5,to_date('24/05/06','RR/MM/DD'),'팀',null,null,'GK',8);
Insert into RECRUIT_TEAMMEMBOARD (B_NO,TITLE,CONTENT,READCOUNT,REG_DATE,TEAM_MEM,SIDO,SIGUNGU,POS,WRITER) values (11,'팀원모집합니다','모집중입니다.',1,to_date('24/05/06','RR/MM/DD'),'팀원',2,29,'CM',11);
Insert into RECRUIT_TEAMMEMBOARD (B_NO,TITLE,CONTENT,READCOUNT,REG_DATE,TEAM_MEM,SIDO,SIGUNGU,POS,WRITER) values (12,'FC부천에서 같이 축구하실 팀원 구합니다','구해요',0,to_date('24/05/06','RR/MM/DD'),'팀원',2,29,'CB',10);
Insert into RECRUIT_TEAMMEMBOARD (B_NO,TITLE,CONTENT,READCOUNT,REG_DATE,TEAM_MEM,SIDO,SIGUNGU,POS,WRITER) values (13,'페이지 테스트용','123',1,to_date('24/05/06','RR/MM/DD'),'팀원',2,29,'CB',12);
Insert into RECRUIT_TEAMMEMBOARD (B_NO,TITLE,CONTENT,READCOUNT,REG_DATE,TEAM_MEM,SIDO,SIGUNGU,POS,WRITER) values (16,'테스트','테스트',2,to_date('24/05/06','RR/MM/DD'),'팀원',null,null,'ST',13);
Insert into RECRUIT_TEAMMEMBOARD (B_NO,TITLE,CONTENT,READCOUNT,REG_DATE,TEAM_MEM,SIDO,SIGUNGU,POS,WRITER) values (17,'테스트','테스트',2,to_date('24/05/06','RR/MM/DD'),'팀원',null,null,'ST',14);
Insert into RECRUIT_TEAMMEMBOARD (B_NO,TITLE,CONTENT,READCOUNT,REG_DATE,TEAM_MEM,SIDO,SIGUNGU,POS,WRITER) values (18,'테스트','트스테',3,to_date('24/05/06','RR/MM/DD'),'팀원',null,null,'CM',15);
Insert into RECRUIT_TEAMMEMBOARD (B_NO,TITLE,CONTENT,READCOUNT,REG_DATE,TEAM_MEM,SIDO,SIGUNGU,POS,WRITER) values (19,'축구가 하고싶어요','팀 구해봐요',11,to_date('24/05/07','RR/MM/DD'),'팀',null,null,'GK',16);
Insert into RECRUIT_TEAMMEMBOARD (B_NO,TITLE,CONTENT,READCOUNT,REG_DATE,TEAM_MEM,SIDO,SIGUNGU,POS,WRITER) values (20,'테스트용','확인중',19,to_date('24/05/07','RR/MM/DD'),'팀',null,null,'CB',17);
Insert into RECRUIT_TEAMMEMBOARD (B_NO,TITLE,CONTENT,READCOUNT,REG_DATE,TEAM_MEM,SIDO,SIGUNGU,POS,WRITER) values (21,'0507테스트','테스트중',18,to_date('24/05/07','RR/MM/DD'),'팀원',null,null,'ST',18);
Insert into RECRUIT_TEAMMEMBOARD (B_NO,TITLE,CONTENT,READCOUNT,REG_DATE,TEAM_MEM,SIDO,SIGUNGU,POS,WRITER) values (22,'0507테스트2','확인중',33,to_date('24/05/07','RR/MM/DD'),'팀원',15,4,'ST',19);
Insert into RECRUIT_TEAMMEMBOARD (B_NO,TITLE,CONTENT,READCOUNT,REG_DATE,TEAM_MEM,SIDO,SIGUNGU,POS,WRITER) values (23,'요일 시간 포지션 종류 테스트','테스트중',20,to_date('24/05/08','RR/MM/DD'),'팀원',6,7,'CM',20);
Insert into RECRUIT_TEAMMEMBOARD (B_NO,TITLE,CONTENT,READCOUNT,REG_DATE,TEAM_MEM,SIDO,SIGUNGU,POS,WRITER) values (24,'정렬확인','정렬',27,to_date('24/05/08','RR/MM/DD'),'팀원',2,10,'CB',21);
Insert into RECRUIT_TEAMMEMBOARD (B_NO,TITLE,CONTENT,READCOUNT,REG_DATE,TEAM_MEM,SIDO,SIGUNGU,POS,WRITER) values (25,'아옳오오롷오옳','세계최고스트라이커',4,to_date('24/05/09','RR/MM/DD'),'팀원',9,8,'ST',23);
Insert into RECRUIT_TEAMMEMBOARD (B_NO,TITLE,CONTENT,READCOUNT,REG_DATE,TEAM_MEM,SIDO,SIGUNGU,POS,WRITER) values (26,'시군구','시군구',3,to_date('24/05/09','RR/MM/DD'),'팀원',2,10,'GK',22);
Insert into RECRUIT_TEAMMEMBOARD (B_NO,TITLE,CONTENT,READCOUNT,REG_DATE,TEAM_MEM,SIDO,SIGUNGU,POS,WRITER) values (27,'서울 금천','금천나와
',8,to_date('24/05/09','RR/MM/DD'),'팀',9,8,'CM',25);
Insert into RECRUIT_TEAMMEMBOARD (B_NO,TITLE,CONTENT,READCOUNT,REG_DATE,TEAM_MEM,SIDO,SIGUNGU,POS,WRITER) values (28,'군구시','군구시',5,to_date('24/05/09','RR/MM/DD'),'팀원',9,7,'CB',21);
Insert into RECRUIT_TEAMMEMBOARD (B_NO,TITLE,CONTENT,READCOUNT,REG_DATE,TEAM_MEM,SIDO,SIGUNGU,POS,WRITER) values (29,'동대문','동대문~',9,to_date('24/05/09','RR/MM/DD'),'팀원',9,11,'CM',22);
Insert into RECRUIT_TEAMMEMBOARD (B_NO,TITLE,CONTENT,READCOUNT,REG_DATE,TEAM_MEM,SIDO,SIGUNGU,POS,WRITER) values (30,'부천인','부천사람',11,to_date('24/05/09','RR/MM/DD'),'팀',2,20,'ST',20);
Insert into RECRUIT_TEAMMEMBOARD (B_NO,TITLE,CONTENT,READCOUNT,REG_DATE,TEAM_MEM,SIDO,SIGUNGU,POS,WRITER) values (31,'구로인','구로인',8,to_date('24/05/09','RR/MM/DD'),'팀원',9,128,'CB',28);
Insert into RECRUIT_TEAMMEMBOARD (B_NO,TITLE,CONTENT,READCOUNT,REG_DATE,TEAM_MEM,SIDO,SIGUNGU,POS,WRITER) values (32,'팀 구합니다','팀 구합니당',20,to_date('24/05/09','RR/MM/DD'),'팀',12,182,'CB',30);
Insert into RECRUIT_TEAMMEMBOARD (B_NO,TITLE,CONTENT,READCOUNT,REG_DATE,TEAM_MEM,SIDO,SIGUNGU,POS,WRITER) values (33,'아무곳이나','제발~',17,to_date('24/05/09','RR/MM/DD'),'팀원',15,220,'CB',30);
Insert into RECRUIT_TEAMMEMBOARD (B_NO,TITLE,CONTENT,READCOUNT,REG_DATE,TEAM_MEM,SIDO,SIGUNGU,POS,WRITER) values (34,'지역확인','평창!',28,to_date('24/05/09','RR/MM/DD'),'팀원',3,51,'CB',15);
Insert into RECRUIT_TEAMMEMBOARD (B_NO,TITLE,CONTENT,READCOUNT,REG_DATE,TEAM_MEM,SIDO,SIGUNGU,POS,WRITER) values (35,'테스트중입니다','테스트',32,to_date('24/05/16','RR/MM/DD'),'팀',2,28,'CM',28);
Insert into RECRUIT_TEAMMEMBOARD (B_NO,TITLE,CONTENT,READCOUNT,REG_DATE,TEAM_MEM,SIDO,SIGUNGU,POS,WRITER) values (36,'오후테스트중','오후테스트중',36,to_date('24/05/16','RR/MM/DD'),'팀원',11,163,'CB',29);
Insert into RECRUIT_TEAMMEMBOARD (B_NO,TITLE,CONTENT,READCOUNT,REG_DATE,TEAM_MEM,SIDO,SIGUNGU,POS,WRITER) values (37,'팀 모집 확인 테스트','테스트중',35,to_date('24/05/17','RR/MM/DD'),'팀',9,137,'ST',29);
Insert into RECRUIT_TEAMMEMBOARD (B_NO,TITLE,CONTENT,READCOUNT,REG_DATE,TEAM_MEM,SIDO,SIGUNGU,POS,WRITER) values (38,'팀원 모집합니당','팀원 모집합니당',18,to_date('24/05/18','RR/MM/DD'),'팀원',2,23,'ST',30);
Insert into RECRUIT_TEAMMEMBOARD (B_NO,TITLE,CONTENT,READCOUNT,REG_DATE,TEAM_MEM,SIDO,SIGUNGU,POS,WRITER) values (39,'팀 모집합니다','팀 모집합니다',6,to_date('24/05/20','RR/MM/DD'),'팀',1,1,'CM',30);
Insert into RECRUIT_TEAMMEMBOARD (B_NO,TITLE,CONTENT,READCOUNT,REG_DATE,TEAM_MEM,SIDO,SIGUNGU,POS,WRITER) values (40,'팀 구해요','광주 남구 근처에 팀 구해요
직장인이라 야간에만 가능할 듯해서
야간에 하시는 팀 계시면 글 올려주세요
',4,to_date('24/05/21','RR/MM/DD'),'팀',5,94,'ST',38);
Insert into RECRUIT_TEAMMEMBOARD (B_NO,TITLE,CONTENT,READCOUNT,REG_DATE,TEAM_MEM,SIDO,SIGUNGU,POS,WRITER) values (41,'주말 새벽 축구팀 전남목포짱 팀원 구해요','직장인 축구 동호회 ''전남목포짱''에서
팀원을 구합니다!

현재 필요한 포지션은 CM이지만
다른 포지션 희망하시는 분도 연락 주시면 최대한 고려해보겠습니다.

한 달에 한 번씩 정기적으로 모임 및 회식 있습니다. ^^',10,to_date('24/05/21','RR/MM/DD'),'팀원',12,169,'CM',38);
Insert into RECRUIT_TEAMMEMBOARD (B_NO,TITLE,CONTENT,READCOUNT,REG_DATE,TEAM_MEM,SIDO,SIGUNGU,POS,WRITER) values (42,'관리자다','가입 안하면 탈퇴시킨다.',7,to_date('24/05/21','RR/MM/DD'),'팀원',1,1,'GK',1);
Insert into RECRUIT_TEAMMEMBOARD (B_NO,TITLE,CONTENT,READCOUNT,REG_DATE,TEAM_MEM,SIDO,SIGUNGU,POS,WRITER) values (43,'팀 모집1',' ',4,to_date('24/05/21','RR/MM/DD'),'팀',1,1,'ST',43);
REM INSERTING into RESERVATION
SET DEFINE OFF;
REM INSERTING into SALE
SET DEFINE OFF;
Insert into SALE (SALE_NO,SUBJECT,WRITER,CONTENT,READCOUNT,REG_DATE) values (27,'로이쉬 골키퍼장갑 9호',12,'그립력 좋고 원하는 매물이 떠서 토요일전까지 3만원에 급처합니다. 새벽에도 연락 받습니다. 사정상 직거래만 해요.',1,to_date('24/05/03','RR/MM/DD'));
Insert into SALE (SALE_NO,SUBJECT,WRITER,CONTENT,READCOUNT,REG_DATE) values (28,'뉴발란스 퓨론 프로fg 260 팝니다.',12,'원가189000원에 판매하고 있으며, 프로선수 지급 축구화입니다. 선물받고 인조잔디에서 딱 25분 착용 했습니다. 교신 및 예의있는 에눌 가능합니다.',0,to_date('24/05/03','RR/MM/DD'));
Insert into SALE (SALE_NO,SUBJECT,WRITER,CONTENT,READCOUNT,REG_DATE) values (29,'브라주카 + 낫소돌파 축구공 합계 6만원',27,'브라주카는 안산 경찰청 선수단 사인볼',0,to_date('24/05/03','RR/MM/DD'));
Insert into SALE (SALE_NO,SUBJECT,WRITER,CONTENT,READCOUNT,REG_DATE) values (30,'인천유나이티드 프리미엄 일반석 예매권 판매',2,'판 매 가 격: 장당 20,000원 / 일괄 350,000',0,to_date('24/05/04','RR/MM/DD'));
Insert into SALE (SALE_NO,SUBJECT,WRITER,CONTENT,READCOUNT,REG_DATE) values (31,'kfa 험멜공인구5개',2,'한번에 팝니다 택배로 보내드립니다 문자주세요 가방까지 드립니다',0,to_date('24/05/04','RR/MM/DD'));
Insert into SALE (SALE_NO,SUBJECT,WRITER,CONTENT,READCOUNT,REG_DATE) values (1,'애플라인드(유니폼 트레이닝복) 판매합니다',1,'판 매 가 격: 트레이닝복   185000 90,000원  유니폼 상하의  120000  70,000원 스타킹포함   상의만햇을경우 45,000원',0,to_date('24/05/01','RR/MM/DD'));
Insert into SALE (SALE_NO,SUBJECT,WRITER,CONTENT,READCOUNT,REG_DATE) values (2,'FC서울 2017시즌 사인볼',2,'판 매 가 격: 1개에 5천원',0,to_date('24/05/01','RR/MM/DD'));
Insert into SALE (SALE_NO,SUBJECT,WRITER,CONTENT,READCOUNT,REG_DATE) values (3,'한국에 없는 언더아머 락 버전 마스크 판매합니다.',3,'원산지 : 미국',0,to_date('24/05/01','RR/MM/DD'));
Insert into SALE (SALE_NO,SUBJECT,WRITER,CONTENT,READCOUNT,REG_DATE) values (4,'축구국가대표팀이 착용하는 마스크! KFA 라이선스! KF94 마스크 새부리형',4,'손흥민 선수, 이강인 선수를 비롯하여',1,to_date('24/05/01','RR/MM/DD'));
Insert into SALE (SALE_NO,SUBJECT,WRITER,CONTENT,READCOUNT,REG_DATE) values (5,'직접 제작한 ''렛츠플레이 서포팅양말''',5,'축구가 좋아서 직접 양말을 만들었습니다',1,to_date('24/05/01','RR/MM/DD'));
Insert into SALE (SALE_NO,SUBJECT,WRITER,CONTENT,READCOUNT,REG_DATE) values (6,'미즈노 모렐리아 살라 재팬 Tf [ 풋살화 270mm팝니다 ]',6,'미즈노 모렐리아 살라 재팬 Tf 입니다,',0,to_date('24/05/01','RR/MM/DD'));
Insert into SALE (SALE_NO,SUBJECT,WRITER,CONTENT,READCOUNT,REG_DATE) values (7,'나이키 팬텀 풋살화',7,'착용 3회 한 풋살화 팝니다 상태 아주 좋습니다',0,to_date('24/05/01','RR/MM/DD'));
Insert into SALE (SALE_NO,SUBJECT,WRITER,CONTENT,READCOUNT,REG_DATE) values (8,'가격인하_나이키 팬텀gx2 프로 tf 260mm',8,'실내 풋살구장에서 30분 몸풀기 패스 리프팅',0,to_date('24/05/01','RR/MM/DD'));
Insert into SALE (SALE_NO,SUBJECT,WRITER,CONTENT,READCOUNT,REG_DATE) values (9,'아디다스 프레데터 애큐러시+ 270 팝니다',9,'하남 스타필드 아디다스에서 구매 실착2회 타제품 구매로 인해 판매',0,to_date('24/05/01','RR/MM/DD'));
Insert into SALE (SALE_NO,SUBJECT,WRITER,CONTENT,READCOUNT,REG_DATE) values (10,'나이키 애플워치 팝니다',10,'실착 3번 10만원에 팝니다~',1,to_date('24/05/01','RR/MM/DD'));
Insert into SALE (SALE_NO,SUBJECT,WRITER,CONTENT,READCOUNT,REG_DATE) values (11,'나이키 더플백 41L',11,'거의 새상품입니다',0,to_date('24/05/01','RR/MM/DD'));
Insert into SALE (SALE_NO,SUBJECT,WRITER,CONTENT,READCOUNT,REG_DATE) values (12,'축구&풋살 작전판 판매합니다 단돈 3만원',12,'사용감 존재합니다.',0,to_date('24/05/01','RR/MM/DD'));
Insert into SALE (SALE_NO,SUBJECT,WRITER,CONTENT,READCOUNT,REG_DATE) values (13,'푸마 mg스터드 판매합니다',13,'싸게 가져가세요 3만원~',3,to_date('24/05/01','RR/MM/DD'));
Insert into SALE (SALE_NO,SUBJECT,WRITER,CONTENT,READCOUNT,REG_DATE) values (14,'가격인하_나이키 팬텀gx2 프로 tf 260mm',14,'가격 : 135,000원 (택포)',0,to_date('24/05/01','RR/MM/DD'));
Insert into SALE (SALE_NO,SUBJECT,WRITER,CONTENT,READCOUNT,REG_DATE) values (15,'아디다스 프레데터 엘리트 FG 260',15,'잠실카포스토어 구매했고 사이즈때문에 심어보고 실 경기 한번도 안뛰었습니다 사이즈미스로 판매',0,to_date('24/05/01','RR/MM/DD'));
Insert into SALE (SALE_NO,SUBJECT,WRITER,CONTENT,READCOUNT,REG_DATE) values (16,'축구 스포츠 양말팝니다.',16,'축구 스포츠 양말 팝니다',0,to_date('24/05/01','RR/MM/DD'));
Insert into SALE (SALE_NO,SUBJECT,WRITER,CONTENT,READCOUNT,REG_DATE) values (17,'프레데터 엘리트 로우 ag/hg 260',17,'1쿼터(30분) 실착했습니다',0,to_date('24/05/01','RR/MM/DD'));
Insert into SALE (SALE_NO,SUBJECT,WRITER,CONTENT,READCOUNT,REG_DATE) values (18,'프레데터 뮤테이터 20+ FG 올블랙',18,'새제품. 사이즈 착각해서 그냥 쓸라다가 포기. 150,000원 (택포)',1,to_date('24/05/01','RR/MM/DD'));
Insert into SALE (SALE_NO,SUBJECT,WRITER,CONTENT,READCOUNT,REG_DATE) values (19,'키카 프리미엄 컨트롤 축구공 콘10개추가',19,'카톡 taeik0303 문의 주세요',0,to_date('24/05/01','RR/MM/DD'));
Insert into SALE (SALE_NO,SUBJECT,WRITER,CONTENT,READCOUNT,REG_DATE) values (20,'코파문디알',20,'사이즈미스로',0,to_date('24/05/01','RR/MM/DD'));
Insert into SALE (SALE_NO,SUBJECT,WRITER,CONTENT,READCOUNT,REG_DATE) values (21,'매빅 미니2',21,'택배거래 또는 직거래(협의가능)',0,to_date('24/05/01','RR/MM/DD'));
Insert into SALE (SALE_NO,SUBJECT,WRITER,CONTENT,READCOUNT,REG_DATE) values (22,'축구 조끼 형광 10장',22,'10000(택배비 별도)',0,to_date('24/05/01','RR/MM/DD'));
Insert into SALE (SALE_NO,SUBJECT,WRITER,CONTENT,READCOUNT,REG_DATE) values (23,'아디다스 프레데터엘리트 FG',23,'잠실카포스토어 구매했고 사이즈때문에 심어보고 실 경기 한번도 안뛰었습니다 사이즈미스로 판매',0,to_date('24/05/01','RR/MM/DD'));
Insert into SALE (SALE_NO,SUBJECT,WRITER,CONTENT,READCOUNT,REG_DATE) values (24,'soccerbee',24,'구매하고 한번 사용하였습니다.방수팩은 잃어버려서 따로 사셔하는데요.방수팩은 크게 부담되실만한 가격은 아닙니다.',0,to_date('24/05/01','RR/MM/DD'));
Insert into SALE (SALE_NO,SUBJECT,WRITER,CONTENT,READCOUNT,REG_DATE) values (25,'박지성 희귀 싸인볼',25,'친필 싸인입니다!',0,to_date('24/05/01','RR/MM/DD'));
Insert into SALE (SALE_NO,SUBJECT,WRITER,CONTENT,READCOUNT,REG_DATE) values (26,'미즈노 모렐리아 네오4',26,'24만원 이지만 쿨거래 네고 가능합니다',0,to_date('24/05/01','RR/MM/DD'));
Insert into SALE (SALE_NO,SUBJECT,WRITER,CONTENT,READCOUNT,REG_DATE) values (32,'코파문디알 팝니다',2,'10만원에 팝니다
            
            ',0,to_date('24/05/10','RR/MM/DD'));
Insert into SALE (SALE_NO,SUBJECT,WRITER,CONTENT,READCOUNT,REG_DATE) values (33,'축구공 팝니다',2,'2만원~',0,to_date('24/05/10','RR/MM/DD'));
Insert into SALE (SALE_NO,SUBJECT,WRITER,CONTENT,READCOUNT,REG_DATE) values (34,'아대 무료나눔',2,'한번 사용한거 드릴게요~',1,to_date('24/05/10','RR/MM/DD'));
Insert into SALE (SALE_NO,SUBJECT,WRITER,CONTENT,READCOUNT,REG_DATE) values (35,'나이키 리액트 팬텀 GT2 PRO TF',2,'80,000원 부천',0,to_date('24/05/10','RR/MM/DD'));
Insert into SALE (SALE_NO,SUBJECT,WRITER,CONTENT,READCOUNT,REG_DATE) values (36,'나이키 김민재 국대 어웨이 유니폼',2,'나이키 강남점에서 샀습니다',0,to_date('24/05/11','RR/MM/DD'));
Insert into SALE (SALE_NO,SUBJECT,WRITER,CONTENT,READCOUNT,REG_DATE) values (43,'(새제품) 한 번도 안 신은 축구화',30,'한 번도 안 신은 축구화 팝니다.
네고 가능
쿨거래 시 6000원 깎아드립니다.',5,to_date('24/05/21','RR/MM/DD'));
Insert into SALE (SALE_NO,SUBJECT,WRITER,CONTENT,READCOUNT,REG_DATE) values (38,'나이키 머큐리얼 슈퍼플라이 5 AG CR7',2,'축구 동호회 탈퇴로 축구를 못 하게 되어 팝니다 ㅠ',2,to_date('24/05/11','RR/MM/DD'));
Insert into SALE (SALE_NO,SUBJECT,WRITER,CONTENT,READCOUNT,REG_DATE) values (39,'스타킹팔아요',2,'팝니다',3,to_date('24/05/13','RR/MM/DD'));
Insert into SALE (SALE_NO,SUBJECT,WRITER,CONTENT,READCOUNT,REG_DATE) values (40,'나이키 머큐리얼 신가드',3,'40000원',6,to_date('24/05/14','RR/MM/DD'));
Insert into SALE (SALE_NO,SUBJECT,WRITER,CONTENT,READCOUNT,REG_DATE) values (46,'팝니다아아아',42,'팔아요오오오',1,to_date('24/05/21','RR/MM/DD'));
Insert into SALE (SALE_NO,SUBJECT,WRITER,CONTENT,READCOUNT,REG_DATE) values (42,'나이키 롱패딩 [벤치 코트] M SIZE [그레이청록]',1,'13만원',2,to_date('24/05/17','RR/MM/DD'));
Insert into SALE (SALE_NO,SUBJECT,WRITER,CONTENT,READCOUNT,REG_DATE) values (44,'나이키 gk 장갑',41,'새상품들입니다',2,to_date('24/05/21','RR/MM/DD'));
Insert into SALE (SALE_NO,SUBJECT,WRITER,CONTENT,READCOUNT,REG_DATE) values (45,'(중고) 축구 유니폼 팔아요',30,'(중고) 축구 유니폼 팔아요',13,to_date('24/05/21','RR/MM/DD'));
REM INSERTING into SIDO
SET DEFINE OFF;
Insert into SIDO (SIDO_ID,NAME) values (1,'강원');
Insert into SIDO (SIDO_ID,NAME) values (2,'경기');
Insert into SIDO (SIDO_ID,NAME) values (3,'경남');
Insert into SIDO (SIDO_ID,NAME) values (4,'경북');
Insert into SIDO (SIDO_ID,NAME) values (5,'광주');
Insert into SIDO (SIDO_ID,NAME) values (6,'대구');
Insert into SIDO (SIDO_ID,NAME) values (7,'대전');
Insert into SIDO (SIDO_ID,NAME) values (8,'부산');
Insert into SIDO (SIDO_ID,NAME) values (9,'서울');
Insert into SIDO (SIDO_ID,NAME) values (10,'울산');
Insert into SIDO (SIDO_ID,NAME) values (11,'인천');
Insert into SIDO (SIDO_ID,NAME) values (12,'전남');
Insert into SIDO (SIDO_ID,NAME) values (13,'전북');
Insert into SIDO (SIDO_ID,NAME) values (14,'제주');
Insert into SIDO (SIDO_ID,NAME) values (15,'충남');
Insert into SIDO (SIDO_ID,NAME) values (16,'충북');
REM INSERTING into SIGUNGU
SET DEFINE OFF;
Insert into SIGUNGU (SIGUNGU_ID,NAME,SIDO_ID) values (1,'강릉시',1);
Insert into SIGUNGU (SIGUNGU_ID,NAME,SIDO_ID) values (2,'동해시',1);
Insert into SIGUNGU (SIGUNGU_ID,NAME,SIDO_ID) values (3,'삼척시',1);
Insert into SIGUNGU (SIGUNGU_ID,NAME,SIDO_ID) values (4,'속초시',1);
Insert into SIGUNGU (SIGUNGU_ID,NAME,SIDO_ID) values (5,'원주시',1);
Insert into SIGUNGU (SIGUNGU_ID,NAME,SIDO_ID) values (6,'춘천시',1);
Insert into SIGUNGU (SIGUNGU_ID,NAME,SIDO_ID) values (7,'태백시',1);
Insert into SIGUNGU (SIGUNGU_ID,NAME,SIDO_ID) values (8,'고성군',1);
Insert into SIGUNGU (SIGUNGU_ID,NAME,SIDO_ID) values (9,'양구군',1);
Insert into SIGUNGU (SIGUNGU_ID,NAME,SIDO_ID) values (10,'양양군',1);
Insert into SIGUNGU (SIGUNGU_ID,NAME,SIDO_ID) values (11,'영월군',1);
Insert into SIGUNGU (SIGUNGU_ID,NAME,SIDO_ID) values (12,'인제군',1);
Insert into SIGUNGU (SIGUNGU_ID,NAME,SIDO_ID) values (13,'정선군',1);
Insert into SIGUNGU (SIGUNGU_ID,NAME,SIDO_ID) values (14,'철원군',1);
Insert into SIGUNGU (SIGUNGU_ID,NAME,SIDO_ID) values (15,'평창군',1);
Insert into SIGUNGU (SIGUNGU_ID,NAME,SIDO_ID) values (16,'홍천군',1);
Insert into SIGUNGU (SIGUNGU_ID,NAME,SIDO_ID) values (17,'화천군',1);
Insert into SIGUNGU (SIGUNGU_ID,NAME,SIDO_ID) values (18,'횡성군',1);
Insert into SIGUNGU (SIGUNGU_ID,NAME,SIDO_ID) values (19,'고양시',2);
Insert into SIGUNGU (SIGUNGU_ID,NAME,SIDO_ID) values (20,'과천시',2);
Insert into SIGUNGU (SIGUNGU_ID,NAME,SIDO_ID) values (21,'광명시',2);
Insert into SIGUNGU (SIGUNGU_ID,NAME,SIDO_ID) values (22,'광주시',2);
Insert into SIGUNGU (SIGUNGU_ID,NAME,SIDO_ID) values (23,'구리시',2);
Insert into SIGUNGU (SIGUNGU_ID,NAME,SIDO_ID) values (24,'군포시',2);
Insert into SIGUNGU (SIGUNGU_ID,NAME,SIDO_ID) values (25,'김포시',2);
Insert into SIGUNGU (SIGUNGU_ID,NAME,SIDO_ID) values (26,'남양주시',2);
Insert into SIGUNGU (SIGUNGU_ID,NAME,SIDO_ID) values (27,'동두천시',2);
Insert into SIGUNGU (SIGUNGU_ID,NAME,SIDO_ID) values (28,'부천시',2);
Insert into SIGUNGU (SIGUNGU_ID,NAME,SIDO_ID) values (29,'성남시',2);
Insert into SIGUNGU (SIGUNGU_ID,NAME,SIDO_ID) values (30,'수원시',2);
Insert into SIGUNGU (SIGUNGU_ID,NAME,SIDO_ID) values (31,'시흥시',2);
Insert into SIGUNGU (SIGUNGU_ID,NAME,SIDO_ID) values (32,'안산시',2);
Insert into SIGUNGU (SIGUNGU_ID,NAME,SIDO_ID) values (33,'안성시',2);
Insert into SIGUNGU (SIGUNGU_ID,NAME,SIDO_ID) values (34,'안양시',2);
Insert into SIGUNGU (SIGUNGU_ID,NAME,SIDO_ID) values (35,'양주시',2);
Insert into SIGUNGU (SIGUNGU_ID,NAME,SIDO_ID) values (36,'오산시',2);
Insert into SIGUNGU (SIGUNGU_ID,NAME,SIDO_ID) values (37,'용인시',2);
Insert into SIGUNGU (SIGUNGU_ID,NAME,SIDO_ID) values (38,'의왕시',2);
Insert into SIGUNGU (SIGUNGU_ID,NAME,SIDO_ID) values (39,'의정부시',2);
Insert into SIGUNGU (SIGUNGU_ID,NAME,SIDO_ID) values (40,'이천시',2);
Insert into SIGUNGU (SIGUNGU_ID,NAME,SIDO_ID) values (41,'파주시',2);
Insert into SIGUNGU (SIGUNGU_ID,NAME,SIDO_ID) values (42,'평택시',2);
Insert into SIGUNGU (SIGUNGU_ID,NAME,SIDO_ID) values (43,'포천시',2);
Insert into SIGUNGU (SIGUNGU_ID,NAME,SIDO_ID) values (44,'하남시',2);
Insert into SIGUNGU (SIGUNGU_ID,NAME,SIDO_ID) values (45,'화성시',2);
Insert into SIGUNGU (SIGUNGU_ID,NAME,SIDO_ID) values (46,'가평군',2);
Insert into SIGUNGU (SIGUNGU_ID,NAME,SIDO_ID) values (47,'양평군',2);
Insert into SIGUNGU (SIGUNGU_ID,NAME,SIDO_ID) values (48,'여주군',2);
Insert into SIGUNGU (SIGUNGU_ID,NAME,SIDO_ID) values (49,'연천군',2);
Insert into SIGUNGU (SIGUNGU_ID,NAME,SIDO_ID) values (50,'거제시',3);
Insert into SIGUNGU (SIGUNGU_ID,NAME,SIDO_ID) values (51,'김해시',3);
Insert into SIGUNGU (SIGUNGU_ID,NAME,SIDO_ID) values (52,'마산시',3);
Insert into SIGUNGU (SIGUNGU_ID,NAME,SIDO_ID) values (53,'밀양시',3);
Insert into SIGUNGU (SIGUNGU_ID,NAME,SIDO_ID) values (54,'사천시',3);
Insert into SIGUNGU (SIGUNGU_ID,NAME,SIDO_ID) values (55,'양산시',3);
Insert into SIGUNGU (SIGUNGU_ID,NAME,SIDO_ID) values (56,'진주시',3);
Insert into SIGUNGU (SIGUNGU_ID,NAME,SIDO_ID) values (57,'진해시',3);
Insert into SIGUNGU (SIGUNGU_ID,NAME,SIDO_ID) values (58,'창원시',3);
Insert into SIGUNGU (SIGUNGU_ID,NAME,SIDO_ID) values (59,'통영시',3);
Insert into SIGUNGU (SIGUNGU_ID,NAME,SIDO_ID) values (60,'거창군',3);
Insert into SIGUNGU (SIGUNGU_ID,NAME,SIDO_ID) values (61,'고성군',3);
Insert into SIGUNGU (SIGUNGU_ID,NAME,SIDO_ID) values (62,'남해군',3);
Insert into SIGUNGU (SIGUNGU_ID,NAME,SIDO_ID) values (63,'산청군',3);
Insert into SIGUNGU (SIGUNGU_ID,NAME,SIDO_ID) values (64,'의령군',3);
Insert into SIGUNGU (SIGUNGU_ID,NAME,SIDO_ID) values (65,'창녕군',3);
Insert into SIGUNGU (SIGUNGU_ID,NAME,SIDO_ID) values (66,'하동군',3);
Insert into SIGUNGU (SIGUNGU_ID,NAME,SIDO_ID) values (67,'함안군',3);
Insert into SIGUNGU (SIGUNGU_ID,NAME,SIDO_ID) values (68,'함양군',3);
Insert into SIGUNGU (SIGUNGU_ID,NAME,SIDO_ID) values (69,'합천군',3);
Insert into SIGUNGU (SIGUNGU_ID,NAME,SIDO_ID) values (70,'경산시',4);
Insert into SIGUNGU (SIGUNGU_ID,NAME,SIDO_ID) values (71,'경주시',4);
Insert into SIGUNGU (SIGUNGU_ID,NAME,SIDO_ID) values (72,'구미시',4);
Insert into SIGUNGU (SIGUNGU_ID,NAME,SIDO_ID) values (73,'김천시',4);
Insert into SIGUNGU (SIGUNGU_ID,NAME,SIDO_ID) values (74,'문경시',4);
Insert into SIGUNGU (SIGUNGU_ID,NAME,SIDO_ID) values (75,'상주시',4);
Insert into SIGUNGU (SIGUNGU_ID,NAME,SIDO_ID) values (76,'안동시',4);
Insert into SIGUNGU (SIGUNGU_ID,NAME,SIDO_ID) values (77,'영주시',4);
Insert into SIGUNGU (SIGUNGU_ID,NAME,SIDO_ID) values (78,'영천시',4);
Insert into SIGUNGU (SIGUNGU_ID,NAME,SIDO_ID) values (79,'포항시',4);
Insert into SIGUNGU (SIGUNGU_ID,NAME,SIDO_ID) values (80,'고령군',4);
Insert into SIGUNGU (SIGUNGU_ID,NAME,SIDO_ID) values (81,'군위군',4);
Insert into SIGUNGU (SIGUNGU_ID,NAME,SIDO_ID) values (82,'봉화군',4);
Insert into SIGUNGU (SIGUNGU_ID,NAME,SIDO_ID) values (83,'성주군',4);
Insert into SIGUNGU (SIGUNGU_ID,NAME,SIDO_ID) values (84,'영덕군',4);
Insert into SIGUNGU (SIGUNGU_ID,NAME,SIDO_ID) values (85,'영양군',4);
Insert into SIGUNGU (SIGUNGU_ID,NAME,SIDO_ID) values (86,'예천군',4);
Insert into SIGUNGU (SIGUNGU_ID,NAME,SIDO_ID) values (87,'울릉군',4);
Insert into SIGUNGU (SIGUNGU_ID,NAME,SIDO_ID) values (88,'울진군',4);
Insert into SIGUNGU (SIGUNGU_ID,NAME,SIDO_ID) values (89,'의성군',4);
Insert into SIGUNGU (SIGUNGU_ID,NAME,SIDO_ID) values (90,'청도군',4);
Insert into SIGUNGU (SIGUNGU_ID,NAME,SIDO_ID) values (91,'청송군',4);
Insert into SIGUNGU (SIGUNGU_ID,NAME,SIDO_ID) values (92,'칠곡군',4);
Insert into SIGUNGU (SIGUNGU_ID,NAME,SIDO_ID) values (93,'광산구',5);
Insert into SIGUNGU (SIGUNGU_ID,NAME,SIDO_ID) values (94,'남구',5);
Insert into SIGUNGU (SIGUNGU_ID,NAME,SIDO_ID) values (95,'동구',5);
Insert into SIGUNGU (SIGUNGU_ID,NAME,SIDO_ID) values (96,'북구',5);
Insert into SIGUNGU (SIGUNGU_ID,NAME,SIDO_ID) values (97,'서구',5);
Insert into SIGUNGU (SIGUNGU_ID,NAME,SIDO_ID) values (98,'남구',6);
Insert into SIGUNGU (SIGUNGU_ID,NAME,SIDO_ID) values (99,'달서구',6);
Insert into SIGUNGU (SIGUNGU_ID,NAME,SIDO_ID) values (100,'동구',6);
Insert into SIGUNGU (SIGUNGU_ID,NAME,SIDO_ID) values (101,'북구',6);
Insert into SIGUNGU (SIGUNGU_ID,NAME,SIDO_ID) values (102,'서구',6);
Insert into SIGUNGU (SIGUNGU_ID,NAME,SIDO_ID) values (103,'수성구',6);
Insert into SIGUNGU (SIGUNGU_ID,NAME,SIDO_ID) values (104,'중구',6);
Insert into SIGUNGU (SIGUNGU_ID,NAME,SIDO_ID) values (105,'달성군',6);
Insert into SIGUNGU (SIGUNGU_ID,NAME,SIDO_ID) values (106,'대덕구',7);
Insert into SIGUNGU (SIGUNGU_ID,NAME,SIDO_ID) values (107,'동구',7);
Insert into SIGUNGU (SIGUNGU_ID,NAME,SIDO_ID) values (108,'서구',7);
Insert into SIGUNGU (SIGUNGU_ID,NAME,SIDO_ID) values (109,'유성구',7);
Insert into SIGUNGU (SIGUNGU_ID,NAME,SIDO_ID) values (110,'중구',7);
Insert into SIGUNGU (SIGUNGU_ID,NAME,SIDO_ID) values (111,'강서구',8);
Insert into SIGUNGU (SIGUNGU_ID,NAME,SIDO_ID) values (112,'금정구',8);
Insert into SIGUNGU (SIGUNGU_ID,NAME,SIDO_ID) values (113,'남구',8);
Insert into SIGUNGU (SIGUNGU_ID,NAME,SIDO_ID) values (114,'동구',8);
Insert into SIGUNGU (SIGUNGU_ID,NAME,SIDO_ID) values (115,'동래구',8);
Insert into SIGUNGU (SIGUNGU_ID,NAME,SIDO_ID) values (116,'부산진구',8);
Insert into SIGUNGU (SIGUNGU_ID,NAME,SIDO_ID) values (117,'북구',8);
Insert into SIGUNGU (SIGUNGU_ID,NAME,SIDO_ID) values (118,'사상구',8);
Insert into SIGUNGU (SIGUNGU_ID,NAME,SIDO_ID) values (119,'사하구',8);
Insert into SIGUNGU (SIGUNGU_ID,NAME,SIDO_ID) values (120,'서구',8);
Insert into SIGUNGU (SIGUNGU_ID,NAME,SIDO_ID) values (121,'수영구',8);
Insert into SIGUNGU (SIGUNGU_ID,NAME,SIDO_ID) values (122,'연제구',8);
Insert into SIGUNGU (SIGUNGU_ID,NAME,SIDO_ID) values (123,'영도구',8);
Insert into SIGUNGU (SIGUNGU_ID,NAME,SIDO_ID) values (124,'중구',8);
Insert into SIGUNGU (SIGUNGU_ID,NAME,SIDO_ID) values (125,'해운대구',8);
Insert into SIGUNGU (SIGUNGU_ID,NAME,SIDO_ID) values (126,'기장군',8);
Insert into SIGUNGU (SIGUNGU_ID,NAME,SIDO_ID) values (127,'강남구',9);
Insert into SIGUNGU (SIGUNGU_ID,NAME,SIDO_ID) values (128,'강동구',9);
Insert into SIGUNGU (SIGUNGU_ID,NAME,SIDO_ID) values (129,'강북구',9);
Insert into SIGUNGU (SIGUNGU_ID,NAME,SIDO_ID) values (130,'강서구',9);
Insert into SIGUNGU (SIGUNGU_ID,NAME,SIDO_ID) values (132,'광진구',9);
Insert into SIGUNGU (SIGUNGU_ID,NAME,SIDO_ID) values (133,'구로구',9);
Insert into SIGUNGU (SIGUNGU_ID,NAME,SIDO_ID) values (134,'금천구',9);
Insert into SIGUNGU (SIGUNGU_ID,NAME,SIDO_ID) values (135,'노원구',9);
Insert into SIGUNGU (SIGUNGU_ID,NAME,SIDO_ID) values (136,'도봉구',9);
Insert into SIGUNGU (SIGUNGU_ID,NAME,SIDO_ID) values (137,'동대문구',9);
Insert into SIGUNGU (SIGUNGU_ID,NAME,SIDO_ID) values (138,'동작구',9);
Insert into SIGUNGU (SIGUNGU_ID,NAME,SIDO_ID) values (139,'마포구',9);
Insert into SIGUNGU (SIGUNGU_ID,NAME,SIDO_ID) values (140,'서대문구',9);
Insert into SIGUNGU (SIGUNGU_ID,NAME,SIDO_ID) values (141,'서초구',9);
Insert into SIGUNGU (SIGUNGU_ID,NAME,SIDO_ID) values (142,'성동구',9);
Insert into SIGUNGU (SIGUNGU_ID,NAME,SIDO_ID) values (143,'성북구',9);
Insert into SIGUNGU (SIGUNGU_ID,NAME,SIDO_ID) values (144,'송파구',9);
Insert into SIGUNGU (SIGUNGU_ID,NAME,SIDO_ID) values (145,'양천구',9);
Insert into SIGUNGU (SIGUNGU_ID,NAME,SIDO_ID) values (146,'영등포구',9);
Insert into SIGUNGU (SIGUNGU_ID,NAME,SIDO_ID) values (147,'용산구',9);
Insert into SIGUNGU (SIGUNGU_ID,NAME,SIDO_ID) values (148,'은평구',9);
Insert into SIGUNGU (SIGUNGU_ID,NAME,SIDO_ID) values (149,'종로구',9);
Insert into SIGUNGU (SIGUNGU_ID,NAME,SIDO_ID) values (150,'중구',9);
Insert into SIGUNGU (SIGUNGU_ID,NAME,SIDO_ID) values (151,'중랑구',9);
Insert into SIGUNGU (SIGUNGU_ID,NAME,SIDO_ID) values (152,'남구',10);
Insert into SIGUNGU (SIGUNGU_ID,NAME,SIDO_ID) values (153,'동구',10);
Insert into SIGUNGU (SIGUNGU_ID,NAME,SIDO_ID) values (154,'북구',10);
Insert into SIGUNGU (SIGUNGU_ID,NAME,SIDO_ID) values (155,'중구',10);
Insert into SIGUNGU (SIGUNGU_ID,NAME,SIDO_ID) values (156,'울주군',10);
Insert into SIGUNGU (SIGUNGU_ID,NAME,SIDO_ID) values (157,'계양구',11);
Insert into SIGUNGU (SIGUNGU_ID,NAME,SIDO_ID) values (158,'남구',11);
Insert into SIGUNGU (SIGUNGU_ID,NAME,SIDO_ID) values (159,'남동구',11);
Insert into SIGUNGU (SIGUNGU_ID,NAME,SIDO_ID) values (160,'동구',11);
Insert into SIGUNGU (SIGUNGU_ID,NAME,SIDO_ID) values (161,'부평구',11);
Insert into SIGUNGU (SIGUNGU_ID,NAME,SIDO_ID) values (162,'서구',11);
Insert into SIGUNGU (SIGUNGU_ID,NAME,SIDO_ID) values (163,'연수구',11);
Insert into SIGUNGU (SIGUNGU_ID,NAME,SIDO_ID) values (164,'중구',11);
Insert into SIGUNGU (SIGUNGU_ID,NAME,SIDO_ID) values (165,'강화군',11);
Insert into SIGUNGU (SIGUNGU_ID,NAME,SIDO_ID) values (166,'옹진군',11);
Insert into SIGUNGU (SIGUNGU_ID,NAME,SIDO_ID) values (167,'광양시',12);
Insert into SIGUNGU (SIGUNGU_ID,NAME,SIDO_ID) values (168,'나주시',12);
Insert into SIGUNGU (SIGUNGU_ID,NAME,SIDO_ID) values (169,'목포시',12);
Insert into SIGUNGU (SIGUNGU_ID,NAME,SIDO_ID) values (170,'순천시',12);
Insert into SIGUNGU (SIGUNGU_ID,NAME,SIDO_ID) values (171,'여수시',12);
Insert into SIGUNGU (SIGUNGU_ID,NAME,SIDO_ID) values (172,'강진군',12);
Insert into SIGUNGU (SIGUNGU_ID,NAME,SIDO_ID) values (173,'고흥군',12);
Insert into SIGUNGU (SIGUNGU_ID,NAME,SIDO_ID) values (174,'곡성군',12);
Insert into SIGUNGU (SIGUNGU_ID,NAME,SIDO_ID) values (175,'구례군',12);
Insert into SIGUNGU (SIGUNGU_ID,NAME,SIDO_ID) values (176,'담양군',12);
Insert into SIGUNGU (SIGUNGU_ID,NAME,SIDO_ID) values (177,'무안군',12);
Insert into SIGUNGU (SIGUNGU_ID,NAME,SIDO_ID) values (178,'보성군',12);
Insert into SIGUNGU (SIGUNGU_ID,NAME,SIDO_ID) values (179,'신안군',12);
Insert into SIGUNGU (SIGUNGU_ID,NAME,SIDO_ID) values (180,'영광군',12);
Insert into SIGUNGU (SIGUNGU_ID,NAME,SIDO_ID) values (181,'영암군',12);
Insert into SIGUNGU (SIGUNGU_ID,NAME,SIDO_ID) values (182,'완도군',12);
Insert into SIGUNGU (SIGUNGU_ID,NAME,SIDO_ID) values (183,'장성군',12);
Insert into SIGUNGU (SIGUNGU_ID,NAME,SIDO_ID) values (184,'장흥군',12);
Insert into SIGUNGU (SIGUNGU_ID,NAME,SIDO_ID) values (185,'진도군',12);
Insert into SIGUNGU (SIGUNGU_ID,NAME,SIDO_ID) values (186,'함평군',12);
Insert into SIGUNGU (SIGUNGU_ID,NAME,SIDO_ID) values (187,'해남군',12);
Insert into SIGUNGU (SIGUNGU_ID,NAME,SIDO_ID) values (188,'화순군',12);
Insert into SIGUNGU (SIGUNGU_ID,NAME,SIDO_ID) values (189,'군산시',13);
Insert into SIGUNGU (SIGUNGU_ID,NAME,SIDO_ID) values (190,'김제시',13);
Insert into SIGUNGU (SIGUNGU_ID,NAME,SIDO_ID) values (191,'남원시',13);
Insert into SIGUNGU (SIGUNGU_ID,NAME,SIDO_ID) values (192,'익산시',13);
Insert into SIGUNGU (SIGUNGU_ID,NAME,SIDO_ID) values (193,'전주시',13);
Insert into SIGUNGU (SIGUNGU_ID,NAME,SIDO_ID) values (194,'정읍시',13);
Insert into SIGUNGU (SIGUNGU_ID,NAME,SIDO_ID) values (195,'고창군',13);
Insert into SIGUNGU (SIGUNGU_ID,NAME,SIDO_ID) values (196,'무주군',13);
Insert into SIGUNGU (SIGUNGU_ID,NAME,SIDO_ID) values (197,'부안군',13);
Insert into SIGUNGU (SIGUNGU_ID,NAME,SIDO_ID) values (198,'순창군',13);
Insert into SIGUNGU (SIGUNGU_ID,NAME,SIDO_ID) values (199,'완주군',13);
Insert into SIGUNGU (SIGUNGU_ID,NAME,SIDO_ID) values (200,'임실군',13);
Insert into SIGUNGU (SIGUNGU_ID,NAME,SIDO_ID) values (201,'장수군',13);
Insert into SIGUNGU (SIGUNGU_ID,NAME,SIDO_ID) values (202,'진안군',13);
Insert into SIGUNGU (SIGUNGU_ID,NAME,SIDO_ID) values (203,'서귀포시',14);
Insert into SIGUNGU (SIGUNGU_ID,NAME,SIDO_ID) values (204,'제주시',14);
Insert into SIGUNGU (SIGUNGU_ID,NAME,SIDO_ID) values (205,'남제주군',14);
Insert into SIGUNGU (SIGUNGU_ID,NAME,SIDO_ID) values (206,'북제주군',14);
Insert into SIGUNGU (SIGUNGU_ID,NAME,SIDO_ID) values (207,'제천시',15);
Insert into SIGUNGU (SIGUNGU_ID,NAME,SIDO_ID) values (208,'청주시',15);
Insert into SIGUNGU (SIGUNGU_ID,NAME,SIDO_ID) values (209,'충주시',15);
Insert into SIGUNGU (SIGUNGU_ID,NAME,SIDO_ID) values (210,'괴산군',15);
Insert into SIGUNGU (SIGUNGU_ID,NAME,SIDO_ID) values (211,'단양군',15);
Insert into SIGUNGU (SIGUNGU_ID,NAME,SIDO_ID) values (212,'보은군',15);
Insert into SIGUNGU (SIGUNGU_ID,NAME,SIDO_ID) values (213,'영동군',15);
Insert into SIGUNGU (SIGUNGU_ID,NAME,SIDO_ID) values (214,'옥천군',15);
Insert into SIGUNGU (SIGUNGU_ID,NAME,SIDO_ID) values (215,'음성군',15);
Insert into SIGUNGU (SIGUNGU_ID,NAME,SIDO_ID) values (216,'증평군',15);
Insert into SIGUNGU (SIGUNGU_ID,NAME,SIDO_ID) values (217,'진천군',15);
Insert into SIGUNGU (SIGUNGU_ID,NAME,SIDO_ID) values (218,'청원군',15);
Insert into SIGUNGU (SIGUNGU_ID,NAME,SIDO_ID) values (219,'천안시',16);
Insert into SIGUNGU (SIGUNGU_ID,NAME,SIDO_ID) values (220,'공주시',16);
Insert into SIGUNGU (SIGUNGU_ID,NAME,SIDO_ID) values (221,'보령시',16);
Insert into SIGUNGU (SIGUNGU_ID,NAME,SIDO_ID) values (222,'아산시',16);
Insert into SIGUNGU (SIGUNGU_ID,NAME,SIDO_ID) values (223,'서산시',16);
Insert into SIGUNGU (SIGUNGU_ID,NAME,SIDO_ID) values (224,'논산시',16);
Insert into SIGUNGU (SIGUNGU_ID,NAME,SIDO_ID) values (225,'계룡시',16);
Insert into SIGUNGU (SIGUNGU_ID,NAME,SIDO_ID) values (226,'당진시',16);
Insert into SIGUNGU (SIGUNGU_ID,NAME,SIDO_ID) values (227,'금산군',16);
Insert into SIGUNGU (SIGUNGU_ID,NAME,SIDO_ID) values (228,'부여군',16);
Insert into SIGUNGU (SIGUNGU_ID,NAME,SIDO_ID) values (229,'서천군',16);
Insert into SIGUNGU (SIGUNGU_ID,NAME,SIDO_ID) values (230,'청양군',16);
Insert into SIGUNGU (SIGUNGU_ID,NAME,SIDO_ID) values (231,'홍성군',16);
Insert into SIGUNGU (SIGUNGU_ID,NAME,SIDO_ID) values (232,'예산군',16);
Insert into SIGUNGU (SIGUNGU_ID,NAME,SIDO_ID) values (233,'태안군',16);
Insert into SIGUNGU (SIGUNGU_ID,NAME,SIDO_ID) values (131,'관악구',9);
REM INSERTING into "SIGUNGU(tmp)"
SET DEFINE OFF;
Insert into "SIGUNGU(tmp)" (SIGUNGU_ID,NAME,SIDO_ID) values (1,'강릉시',1);
Insert into "SIGUNGU(tmp)" (SIGUNGU_ID,NAME,SIDO_ID) values (2,'동해시',1);
Insert into "SIGUNGU(tmp)" (SIGUNGU_ID,NAME,SIDO_ID) values (3,'삼척시',1);
Insert into "SIGUNGU(tmp)" (SIGUNGU_ID,NAME,SIDO_ID) values (4,'속초시',1);
Insert into "SIGUNGU(tmp)" (SIGUNGU_ID,NAME,SIDO_ID) values (5,'원주시',1);
Insert into "SIGUNGU(tmp)" (SIGUNGU_ID,NAME,SIDO_ID) values (6,'춘천시',1);
Insert into "SIGUNGU(tmp)" (SIGUNGU_ID,NAME,SIDO_ID) values (7,'태백시',1);
Insert into "SIGUNGU(tmp)" (SIGUNGU_ID,NAME,SIDO_ID) values (8,'고성군',1);
Insert into "SIGUNGU(tmp)" (SIGUNGU_ID,NAME,SIDO_ID) values (9,'양구군',1);
Insert into "SIGUNGU(tmp)" (SIGUNGU_ID,NAME,SIDO_ID) values (10,'양양군',1);
Insert into "SIGUNGU(tmp)" (SIGUNGU_ID,NAME,SIDO_ID) values (11,'영월군',1);
Insert into "SIGUNGU(tmp)" (SIGUNGU_ID,NAME,SIDO_ID) values (12,'인제군',1);
Insert into "SIGUNGU(tmp)" (SIGUNGU_ID,NAME,SIDO_ID) values (13,'정선군',1);
Insert into "SIGUNGU(tmp)" (SIGUNGU_ID,NAME,SIDO_ID) values (14,'철원군',1);
Insert into "SIGUNGU(tmp)" (SIGUNGU_ID,NAME,SIDO_ID) values (15,'평창군',1);
Insert into "SIGUNGU(tmp)" (SIGUNGU_ID,NAME,SIDO_ID) values (16,'홍천군',1);
Insert into "SIGUNGU(tmp)" (SIGUNGU_ID,NAME,SIDO_ID) values (17,'화천군',1);
Insert into "SIGUNGU(tmp)" (SIGUNGU_ID,NAME,SIDO_ID) values (18,'횡성군',1);
Insert into "SIGUNGU(tmp)" (SIGUNGU_ID,NAME,SIDO_ID) values (19,'고양시',2);
Insert into "SIGUNGU(tmp)" (SIGUNGU_ID,NAME,SIDO_ID) values (20,'과천시',2);
Insert into "SIGUNGU(tmp)" (SIGUNGU_ID,NAME,SIDO_ID) values (21,'광명시',2);
Insert into "SIGUNGU(tmp)" (SIGUNGU_ID,NAME,SIDO_ID) values (22,'광주시',2);
Insert into "SIGUNGU(tmp)" (SIGUNGU_ID,NAME,SIDO_ID) values (23,'구리시',2);
Insert into "SIGUNGU(tmp)" (SIGUNGU_ID,NAME,SIDO_ID) values (24,'군포시',2);
Insert into "SIGUNGU(tmp)" (SIGUNGU_ID,NAME,SIDO_ID) values (25,'김포시',2);
Insert into "SIGUNGU(tmp)" (SIGUNGU_ID,NAME,SIDO_ID) values (26,'남양주시',2);
Insert into "SIGUNGU(tmp)" (SIGUNGU_ID,NAME,SIDO_ID) values (27,'동두천시',2);
Insert into "SIGUNGU(tmp)" (SIGUNGU_ID,NAME,SIDO_ID) values (28,'부천시',2);
Insert into "SIGUNGU(tmp)" (SIGUNGU_ID,NAME,SIDO_ID) values (29,'성남시',2);
Insert into "SIGUNGU(tmp)" (SIGUNGU_ID,NAME,SIDO_ID) values (30,'수원시',2);
Insert into "SIGUNGU(tmp)" (SIGUNGU_ID,NAME,SIDO_ID) values (31,'시흥시',2);
Insert into "SIGUNGU(tmp)" (SIGUNGU_ID,NAME,SIDO_ID) values (32,'안산시',2);
Insert into "SIGUNGU(tmp)" (SIGUNGU_ID,NAME,SIDO_ID) values (33,'안성시',2);
Insert into "SIGUNGU(tmp)" (SIGUNGU_ID,NAME,SIDO_ID) values (34,'안양시',2);
Insert into "SIGUNGU(tmp)" (SIGUNGU_ID,NAME,SIDO_ID) values (35,'양주시',2);
Insert into "SIGUNGU(tmp)" (SIGUNGU_ID,NAME,SIDO_ID) values (36,'오산시',2);
Insert into "SIGUNGU(tmp)" (SIGUNGU_ID,NAME,SIDO_ID) values (37,'용인시',2);
Insert into "SIGUNGU(tmp)" (SIGUNGU_ID,NAME,SIDO_ID) values (38,'의왕시',2);
Insert into "SIGUNGU(tmp)" (SIGUNGU_ID,NAME,SIDO_ID) values (39,'의정부시',2);
Insert into "SIGUNGU(tmp)" (SIGUNGU_ID,NAME,SIDO_ID) values (40,'이천시',2);
Insert into "SIGUNGU(tmp)" (SIGUNGU_ID,NAME,SIDO_ID) values (41,'파주시',2);
Insert into "SIGUNGU(tmp)" (SIGUNGU_ID,NAME,SIDO_ID) values (42,'평택시',2);
Insert into "SIGUNGU(tmp)" (SIGUNGU_ID,NAME,SIDO_ID) values (43,'포천시',2);
Insert into "SIGUNGU(tmp)" (SIGUNGU_ID,NAME,SIDO_ID) values (44,'하남시',2);
Insert into "SIGUNGU(tmp)" (SIGUNGU_ID,NAME,SIDO_ID) values (45,'화성시',2);
Insert into "SIGUNGU(tmp)" (SIGUNGU_ID,NAME,SIDO_ID) values (46,'가평군',2);
Insert into "SIGUNGU(tmp)" (SIGUNGU_ID,NAME,SIDO_ID) values (47,'양평군',2);
Insert into "SIGUNGU(tmp)" (SIGUNGU_ID,NAME,SIDO_ID) values (48,'여주군',2);
Insert into "SIGUNGU(tmp)" (SIGUNGU_ID,NAME,SIDO_ID) values (49,'연천군',2);
Insert into "SIGUNGU(tmp)" (SIGUNGU_ID,NAME,SIDO_ID) values (50,'거제시',3);
Insert into "SIGUNGU(tmp)" (SIGUNGU_ID,NAME,SIDO_ID) values (51,'김해시',3);
Insert into "SIGUNGU(tmp)" (SIGUNGU_ID,NAME,SIDO_ID) values (52,'마산시',3);
Insert into "SIGUNGU(tmp)" (SIGUNGU_ID,NAME,SIDO_ID) values (53,'밀양시',3);
Insert into "SIGUNGU(tmp)" (SIGUNGU_ID,NAME,SIDO_ID) values (54,'사천시',3);
Insert into "SIGUNGU(tmp)" (SIGUNGU_ID,NAME,SIDO_ID) values (55,'양산시',3);
Insert into "SIGUNGU(tmp)" (SIGUNGU_ID,NAME,SIDO_ID) values (56,'진주시',3);
Insert into "SIGUNGU(tmp)" (SIGUNGU_ID,NAME,SIDO_ID) values (57,'진해시',3);
Insert into "SIGUNGU(tmp)" (SIGUNGU_ID,NAME,SIDO_ID) values (58,'창원시',3);
Insert into "SIGUNGU(tmp)" (SIGUNGU_ID,NAME,SIDO_ID) values (59,'통영시',3);
Insert into "SIGUNGU(tmp)" (SIGUNGU_ID,NAME,SIDO_ID) values (60,'거창군',3);
Insert into "SIGUNGU(tmp)" (SIGUNGU_ID,NAME,SIDO_ID) values (61,'고성군',3);
Insert into "SIGUNGU(tmp)" (SIGUNGU_ID,NAME,SIDO_ID) values (62,'남해군',3);
Insert into "SIGUNGU(tmp)" (SIGUNGU_ID,NAME,SIDO_ID) values (63,'산청군',3);
Insert into "SIGUNGU(tmp)" (SIGUNGU_ID,NAME,SIDO_ID) values (64,'의령군',3);
Insert into "SIGUNGU(tmp)" (SIGUNGU_ID,NAME,SIDO_ID) values (65,'창녕군',3);
Insert into "SIGUNGU(tmp)" (SIGUNGU_ID,NAME,SIDO_ID) values (66,'하동군',3);
Insert into "SIGUNGU(tmp)" (SIGUNGU_ID,NAME,SIDO_ID) values (67,'함안군',3);
Insert into "SIGUNGU(tmp)" (SIGUNGU_ID,NAME,SIDO_ID) values (68,'함양군',4);
Insert into "SIGUNGU(tmp)" (SIGUNGU_ID,NAME,SIDO_ID) values (69,'합천군',4);
Insert into "SIGUNGU(tmp)" (SIGUNGU_ID,NAME,SIDO_ID) values (70,'경산시',4);
Insert into "SIGUNGU(tmp)" (SIGUNGU_ID,NAME,SIDO_ID) values (71,'경주시',4);
Insert into "SIGUNGU(tmp)" (SIGUNGU_ID,NAME,SIDO_ID) values (72,'구미시',4);
Insert into "SIGUNGU(tmp)" (SIGUNGU_ID,NAME,SIDO_ID) values (73,'김천시',4);
Insert into "SIGUNGU(tmp)" (SIGUNGU_ID,NAME,SIDO_ID) values (74,'문경시',4);
Insert into "SIGUNGU(tmp)" (SIGUNGU_ID,NAME,SIDO_ID) values (75,'상주시',4);
Insert into "SIGUNGU(tmp)" (SIGUNGU_ID,NAME,SIDO_ID) values (76,'안동시',4);
Insert into "SIGUNGU(tmp)" (SIGUNGU_ID,NAME,SIDO_ID) values (77,'영주시',4);
Insert into "SIGUNGU(tmp)" (SIGUNGU_ID,NAME,SIDO_ID) values (78,'영천시',4);
Insert into "SIGUNGU(tmp)" (SIGUNGU_ID,NAME,SIDO_ID) values (79,'포항시',4);
Insert into "SIGUNGU(tmp)" (SIGUNGU_ID,NAME,SIDO_ID) values (80,'고령군',4);
Insert into "SIGUNGU(tmp)" (SIGUNGU_ID,NAME,SIDO_ID) values (81,'군위군',4);
Insert into "SIGUNGU(tmp)" (SIGUNGU_ID,NAME,SIDO_ID) values (82,'봉화군',4);
Insert into "SIGUNGU(tmp)" (SIGUNGU_ID,NAME,SIDO_ID) values (83,'성주군',4);
Insert into "SIGUNGU(tmp)" (SIGUNGU_ID,NAME,SIDO_ID) values (84,'영덕군',4);
Insert into "SIGUNGU(tmp)" (SIGUNGU_ID,NAME,SIDO_ID) values (85,'영양군',4);
Insert into "SIGUNGU(tmp)" (SIGUNGU_ID,NAME,SIDO_ID) values (86,'예천군',4);
Insert into "SIGUNGU(tmp)" (SIGUNGU_ID,NAME,SIDO_ID) values (87,'울룽군',4);
Insert into "SIGUNGU(tmp)" (SIGUNGU_ID,NAME,SIDO_ID) values (88,'울진군',4);
Insert into "SIGUNGU(tmp)" (SIGUNGU_ID,NAME,SIDO_ID) values (89,'의성군',4);
Insert into "SIGUNGU(tmp)" (SIGUNGU_ID,NAME,SIDO_ID) values (90,'청도군',4);
Insert into "SIGUNGU(tmp)" (SIGUNGU_ID,NAME,SIDO_ID) values (91,'청송군',5);
Insert into "SIGUNGU(tmp)" (SIGUNGU_ID,NAME,SIDO_ID) values (92,'칠곡군',5);
Insert into "SIGUNGU(tmp)" (SIGUNGU_ID,NAME,SIDO_ID) values (93,'광산구',5);
Insert into "SIGUNGU(tmp)" (SIGUNGU_ID,NAME,SIDO_ID) values (94,'남구',5);
Insert into "SIGUNGU(tmp)" (SIGUNGU_ID,NAME,SIDO_ID) values (95,'동구',5);
Insert into "SIGUNGU(tmp)" (SIGUNGU_ID,NAME,SIDO_ID) values (96,'북구',6);
Insert into "SIGUNGU(tmp)" (SIGUNGU_ID,NAME,SIDO_ID) values (97,'서구',6);
Insert into "SIGUNGU(tmp)" (SIGUNGU_ID,NAME,SIDO_ID) values (98,'남구',6);
Insert into "SIGUNGU(tmp)" (SIGUNGU_ID,NAME,SIDO_ID) values (99,'달서구',6);
Insert into "SIGUNGU(tmp)" (SIGUNGU_ID,NAME,SIDO_ID) values (100,'동구',6);
Insert into "SIGUNGU(tmp)" (SIGUNGU_ID,NAME,SIDO_ID) values (101,'서구',6);
Insert into "SIGUNGU(tmp)" (SIGUNGU_ID,NAME,SIDO_ID) values (102,'수성구',6);
Insert into "SIGUNGU(tmp)" (SIGUNGU_ID,NAME,SIDO_ID) values (103,'중구',6);
Insert into "SIGUNGU(tmp)" (SIGUNGU_ID,NAME,SIDO_ID) values (109,'강서구',8);
Insert into "SIGUNGU(tmp)" (SIGUNGU_ID,NAME,SIDO_ID) values (110,'금정구',8);
Insert into "SIGUNGU(tmp)" (SIGUNGU_ID,NAME,SIDO_ID) values (111,'남구',8);
Insert into "SIGUNGU(tmp)" (SIGUNGU_ID,NAME,SIDO_ID) values (112,'동구',8);
Insert into "SIGUNGU(tmp)" (SIGUNGU_ID,NAME,SIDO_ID) values (113,'동래구',8);
Insert into "SIGUNGU(tmp)" (SIGUNGU_ID,NAME,SIDO_ID) values (114,'부산진구',8);
Insert into "SIGUNGU(tmp)" (SIGUNGU_ID,NAME,SIDO_ID) values (115,'북구',8);
Insert into "SIGUNGU(tmp)" (SIGUNGU_ID,NAME,SIDO_ID) values (116,'사상구',8);
Insert into "SIGUNGU(tmp)" (SIGUNGU_ID,NAME,SIDO_ID) values (117,'사하구',8);
Insert into "SIGUNGU(tmp)" (SIGUNGU_ID,NAME,SIDO_ID) values (118,'서구',8);
Insert into "SIGUNGU(tmp)" (SIGUNGU_ID,NAME,SIDO_ID) values (119,'수영구',8);
Insert into "SIGUNGU(tmp)" (SIGUNGU_ID,NAME,SIDO_ID) values (120,'연제구',8);
Insert into "SIGUNGU(tmp)" (SIGUNGU_ID,NAME,SIDO_ID) values (121,'영도구',8);
Insert into "SIGUNGU(tmp)" (SIGUNGU_ID,NAME,SIDO_ID) values (122,'중구',8);
Insert into "SIGUNGU(tmp)" (SIGUNGU_ID,NAME,SIDO_ID) values (123,'해운대구',8);
Insert into "SIGUNGU(tmp)" (SIGUNGU_ID,NAME,SIDO_ID) values (124,'기장군',8);
Insert into "SIGUNGU(tmp)" (SIGUNGU_ID,NAME,SIDO_ID) values (125,'강남구',9);
Insert into "SIGUNGU(tmp)" (SIGUNGU_ID,NAME,SIDO_ID) values (126,'강동구',9);
Insert into "SIGUNGU(tmp)" (SIGUNGU_ID,NAME,SIDO_ID) values (127,'강북구',9);
Insert into "SIGUNGU(tmp)" (SIGUNGU_ID,NAME,SIDO_ID) values (128,'강서구',9);
Insert into "SIGUNGU(tmp)" (SIGUNGU_ID,NAME,SIDO_ID) values (129,'관악구',9);
Insert into "SIGUNGU(tmp)" (SIGUNGU_ID,NAME,SIDO_ID) values (130,'광진구',9);
Insert into "SIGUNGU(tmp)" (SIGUNGU_ID,NAME,SIDO_ID) values (131,'구로구',9);
Insert into "SIGUNGU(tmp)" (SIGUNGU_ID,NAME,SIDO_ID) values (132,'금천구',9);
Insert into "SIGUNGU(tmp)" (SIGUNGU_ID,NAME,SIDO_ID) values (133,'노원구',9);
Insert into "SIGUNGU(tmp)" (SIGUNGU_ID,NAME,SIDO_ID) values (134,'도봉구',9);
Insert into "SIGUNGU(tmp)" (SIGUNGU_ID,NAME,SIDO_ID) values (135,'동대문구',9);
Insert into "SIGUNGU(tmp)" (SIGUNGU_ID,NAME,SIDO_ID) values (136,'동작구',9);
Insert into "SIGUNGU(tmp)" (SIGUNGU_ID,NAME,SIDO_ID) values (137,'마포구',9);
Insert into "SIGUNGU(tmp)" (SIGUNGU_ID,NAME,SIDO_ID) values (138,'서대문구',9);
Insert into "SIGUNGU(tmp)" (SIGUNGU_ID,NAME,SIDO_ID) values (139,'서초구',9);
Insert into "SIGUNGU(tmp)" (SIGUNGU_ID,NAME,SIDO_ID) values (140,'성동구',9);
Insert into "SIGUNGU(tmp)" (SIGUNGU_ID,NAME,SIDO_ID) values (141,'성북구',9);
Insert into "SIGUNGU(tmp)" (SIGUNGU_ID,NAME,SIDO_ID) values (142,'송파구',9);
Insert into "SIGUNGU(tmp)" (SIGUNGU_ID,NAME,SIDO_ID) values (143,'양천구',9);
Insert into "SIGUNGU(tmp)" (SIGUNGU_ID,NAME,SIDO_ID) values (144,'영등포구',9);
Insert into "SIGUNGU(tmp)" (SIGUNGU_ID,NAME,SIDO_ID) values (145,'용산구',9);
Insert into "SIGUNGU(tmp)" (SIGUNGU_ID,NAME,SIDO_ID) values (146,'은평구',9);
Insert into "SIGUNGU(tmp)" (SIGUNGU_ID,NAME,SIDO_ID) values (147,'종로구',9);
Insert into "SIGUNGU(tmp)" (SIGUNGU_ID,NAME,SIDO_ID) values (148,'중구',9);
Insert into "SIGUNGU(tmp)" (SIGUNGU_ID,NAME,SIDO_ID) values (149,'중랑구',9);
Insert into "SIGUNGU(tmp)" (SIGUNGU_ID,NAME,SIDO_ID) values (150,'남구',10);
Insert into "SIGUNGU(tmp)" (SIGUNGU_ID,NAME,SIDO_ID) values (151,'동구',10);
Insert into "SIGUNGU(tmp)" (SIGUNGU_ID,NAME,SIDO_ID) values (152,'북구',10);
Insert into "SIGUNGU(tmp)" (SIGUNGU_ID,NAME,SIDO_ID) values (153,'중구',10);
Insert into "SIGUNGU(tmp)" (SIGUNGU_ID,NAME,SIDO_ID) values (154,'울주군',10);
Insert into "SIGUNGU(tmp)" (SIGUNGU_ID,NAME,SIDO_ID) values (155,'계양구',11);
Insert into "SIGUNGU(tmp)" (SIGUNGU_ID,NAME,SIDO_ID) values (156,'남구',11);
Insert into "SIGUNGU(tmp)" (SIGUNGU_ID,NAME,SIDO_ID) values (157,'남동구',11);
Insert into "SIGUNGU(tmp)" (SIGUNGU_ID,NAME,SIDO_ID) values (158,'동구',11);
Insert into "SIGUNGU(tmp)" (SIGUNGU_ID,NAME,SIDO_ID) values (159,'부평구',11);
Insert into "SIGUNGU(tmp)" (SIGUNGU_ID,NAME,SIDO_ID) values (160,'서구',11);
Insert into "SIGUNGU(tmp)" (SIGUNGU_ID,NAME,SIDO_ID) values (161,'연수구',11);
Insert into "SIGUNGU(tmp)" (SIGUNGU_ID,NAME,SIDO_ID) values (162,'중구',11);
Insert into "SIGUNGU(tmp)" (SIGUNGU_ID,NAME,SIDO_ID) values (163,'강화군',11);
Insert into "SIGUNGU(tmp)" (SIGUNGU_ID,NAME,SIDO_ID) values (164,'옹진군',11);
Insert into "SIGUNGU(tmp)" (SIGUNGU_ID,NAME,SIDO_ID) values (165,'광양시',12);
Insert into "SIGUNGU(tmp)" (SIGUNGU_ID,NAME,SIDO_ID) values (166,'나주시',12);
Insert into "SIGUNGU(tmp)" (SIGUNGU_ID,NAME,SIDO_ID) values (167,'목포시',12);
Insert into "SIGUNGU(tmp)" (SIGUNGU_ID,NAME,SIDO_ID) values (168,'순천시',12);
Insert into "SIGUNGU(tmp)" (SIGUNGU_ID,NAME,SIDO_ID) values (169,'여수시',12);
Insert into "SIGUNGU(tmp)" (SIGUNGU_ID,NAME,SIDO_ID) values (170,'강진군',12);
Insert into "SIGUNGU(tmp)" (SIGUNGU_ID,NAME,SIDO_ID) values (171,'고흥군',12);
Insert into "SIGUNGU(tmp)" (SIGUNGU_ID,NAME,SIDO_ID) values (172,'곡성군',12);
Insert into "SIGUNGU(tmp)" (SIGUNGU_ID,NAME,SIDO_ID) values (173,'구례군',12);
Insert into "SIGUNGU(tmp)" (SIGUNGU_ID,NAME,SIDO_ID) values (174,'담양군',12);
Insert into "SIGUNGU(tmp)" (SIGUNGU_ID,NAME,SIDO_ID) values (175,'무안군',12);
Insert into "SIGUNGU(tmp)" (SIGUNGU_ID,NAME,SIDO_ID) values (176,'보성군',12);
Insert into "SIGUNGU(tmp)" (SIGUNGU_ID,NAME,SIDO_ID) values (177,'신안군',12);
Insert into "SIGUNGU(tmp)" (SIGUNGU_ID,NAME,SIDO_ID) values (178,'영광군',12);
Insert into "SIGUNGU(tmp)" (SIGUNGU_ID,NAME,SIDO_ID) values (179,'영암군',12);
Insert into "SIGUNGU(tmp)" (SIGUNGU_ID,NAME,SIDO_ID) values (180,'완도군',12);
Insert into "SIGUNGU(tmp)" (SIGUNGU_ID,NAME,SIDO_ID) values (181,'장성군',12);
Insert into "SIGUNGU(tmp)" (SIGUNGU_ID,NAME,SIDO_ID) values (182,'장흥군',12);
Insert into "SIGUNGU(tmp)" (SIGUNGU_ID,NAME,SIDO_ID) values (183,'진도군',12);
Insert into "SIGUNGU(tmp)" (SIGUNGU_ID,NAME,SIDO_ID) values (184,'함평군',12);
Insert into "SIGUNGU(tmp)" (SIGUNGU_ID,NAME,SIDO_ID) values (185,'해남군',12);
Insert into "SIGUNGU(tmp)" (SIGUNGU_ID,NAME,SIDO_ID) values (186,'화순군',12);
Insert into "SIGUNGU(tmp)" (SIGUNGU_ID,NAME,SIDO_ID) values (187,'고창군',13);
Insert into "SIGUNGU(tmp)" (SIGUNGU_ID,NAME,SIDO_ID) values (188,'군산시',13);
Insert into "SIGUNGU(tmp)" (SIGUNGU_ID,NAME,SIDO_ID) values (189,'김제시',13);
Insert into "SIGUNGU(tmp)" (SIGUNGU_ID,NAME,SIDO_ID) values (190,'남원시',13);
Insert into "SIGUNGU(tmp)" (SIGUNGU_ID,NAME,SIDO_ID) values (191,'익산시',13);
Insert into "SIGUNGU(tmp)" (SIGUNGU_ID,NAME,SIDO_ID) values (192,'임실군',13);
Insert into "SIGUNGU(tmp)" (SIGUNGU_ID,NAME,SIDO_ID) values (193,'장수군',13);
Insert into "SIGUNGU(tmp)" (SIGUNGU_ID,NAME,SIDO_ID) values (194,'전주시',13);
Insert into "SIGUNGU(tmp)" (SIGUNGU_ID,NAME,SIDO_ID) values (195,'정읍시',13);
Insert into "SIGUNGU(tmp)" (SIGUNGU_ID,NAME,SIDO_ID) values (196,'진안군',13);
Insert into "SIGUNGU(tmp)" (SIGUNGU_ID,NAME,SIDO_ID) values (197,'서귀포시',14);
Insert into "SIGUNGU(tmp)" (SIGUNGU_ID,NAME,SIDO_ID) values (198,'제주시',14);
Insert into "SIGUNGU(tmp)" (SIGUNGU_ID,NAME,SIDO_ID) values (199,'보은군',15);
Insert into "SIGUNGU(tmp)" (SIGUNGU_ID,NAME,SIDO_ID) values (200,'영동군',15);
Insert into "SIGUNGU(tmp)" (SIGUNGU_ID,NAME,SIDO_ID) values (201,'옥천군',15);
Insert into "SIGUNGU(tmp)" (SIGUNGU_ID,NAME,SIDO_ID) values (202,'음성군',15);
Insert into "SIGUNGU(tmp)" (SIGUNGU_ID,NAME,SIDO_ID) values (203,'증평군',15);
Insert into "SIGUNGU(tmp)" (SIGUNGU_ID,NAME,SIDO_ID) values (204,'진천군',15);
Insert into "SIGUNGU(tmp)" (SIGUNGU_ID,NAME,SIDO_ID) values (205,'청원군',15);
Insert into "SIGUNGU(tmp)" (SIGUNGU_ID,NAME,SIDO_ID) values (206,'천안시',15);
Insert into "SIGUNGU(tmp)" (SIGUNGU_ID,NAME,SIDO_ID) values (207,'공주시',15);
Insert into "SIGUNGU(tmp)" (SIGUNGU_ID,NAME,SIDO_ID) values (208,'보령시',15);
Insert into "SIGUNGU(tmp)" (SIGUNGU_ID,NAME,SIDO_ID) values (209,'아산시',15);
Insert into "SIGUNGU(tmp)" (SIGUNGU_ID,NAME,SIDO_ID) values (210,'서산시',15);
Insert into "SIGUNGU(tmp)" (SIGUNGU_ID,NAME,SIDO_ID) values (211,'논산시',15);
Insert into "SIGUNGU(tmp)" (SIGUNGU_ID,NAME,SIDO_ID) values (212,'계룡시',15);
Insert into "SIGUNGU(tmp)" (SIGUNGU_ID,NAME,SIDO_ID) values (213,'당진시',15);
Insert into "SIGUNGU(tmp)" (SIGUNGU_ID,NAME,SIDO_ID) values (214,'금산군',16);
Insert into "SIGUNGU(tmp)" (SIGUNGU_ID,NAME,SIDO_ID) values (215,'부여군',16);
Insert into "SIGUNGU(tmp)" (SIGUNGU_ID,NAME,SIDO_ID) values (216,'서천군',16);
Insert into "SIGUNGU(tmp)" (SIGUNGU_ID,NAME,SIDO_ID) values (217,'청양군',16);
Insert into "SIGUNGU(tmp)" (SIGUNGU_ID,NAME,SIDO_ID) values (218,'홍성군',16);
Insert into "SIGUNGU(tmp)" (SIGUNGU_ID,NAME,SIDO_ID) values (219,'예산군',16);
Insert into "SIGUNGU(tmp)" (SIGUNGU_ID,NAME,SIDO_ID) values (220,'태안군',16);
Insert into "SIGUNGU(tmp)" (SIGUNGU_ID,NAME,SIDO_ID) values (221,'증평군',16);
Insert into "SIGUNGU(tmp)" (SIGUNGU_ID,NAME,SIDO_ID) values (222,'진천군',16);
Insert into "SIGUNGU(tmp)" (SIGUNGU_ID,NAME,SIDO_ID) values (223,'청주시',16);
Insert into "SIGUNGU(tmp)" (SIGUNGU_ID,NAME,SIDO_ID) values (999,'북구',6);
Insert into "SIGUNGU(tmp)" (SIGUNGU_ID,NAME,SIDO_ID) values (9999,'달성군',6);
Insert into "SIGUNGU(tmp)" (SIGUNGU_ID,NAME,SIDO_ID) values (99999,'대덕구',7);
Insert into "SIGUNGU(tmp)" (SIGUNGU_ID,NAME,SIDO_ID) values (999999,'동구',7);
Insert into "SIGUNGU(tmp)" (SIGUNGU_ID,NAME,SIDO_ID) values (9999999,'서구',7);
Insert into "SIGUNGU(tmp)" (SIGUNGU_ID,NAME,SIDO_ID) values (99999999,'수성구',7);
Insert into "SIGUNGU(tmp)" (SIGUNGU_ID,NAME,SIDO_ID) values (999999999,'중구',7);
Insert into "SIGUNGU(tmp)" (SIGUNGU_ID,NAME,SIDO_ID) values (9999999999,'달성군',7);
Insert into "SIGUNGU(tmp)" (SIGUNGU_ID,NAME,SIDO_ID) values (8888,'북제주군',14);
Insert into "SIGUNGU(tmp)" (SIGUNGU_ID,NAME,SIDO_ID) values (777,'제천시',15);
Insert into "SIGUNGU(tmp)" (SIGUNGU_ID,NAME,SIDO_ID) values (7777,'청주시',15);
Insert into "SIGUNGU(tmp)" (SIGUNGU_ID,NAME,SIDO_ID) values (77777,'충주시',15);
Insert into "SIGUNGU(tmp)" (SIGUNGU_ID,NAME,SIDO_ID) values (777777,'괴산군',15);
Insert into "SIGUNGU(tmp)" (SIGUNGU_ID,NAME,SIDO_ID) values (7777777,'단양군',15);
Insert into "SIGUNGU(tmp)" (SIGUNGU_ID,NAME,SIDO_ID) values (888,'남제주군',14);
REM INSERTING into STADIUM
SET DEFINE OFF;
Insert into STADIUM (STADIUM_NO,STADIUM_NAME,SIDO_NAME,SIGUNGU_NAME,DETAILED_ADDRESS,REG_DATE,CONTENT,STADIUM_STATUS) values (12,'김해운동장',3,51,'경기장테스트',to_date('24/05/08','RR/MM/DD'),'김해운동장
            
            ','이용불가');
Insert into STADIUM (STADIUM_NO,STADIUM_NAME,SIDO_NAME,SIGUNGU_NAME,DETAILED_ADDRESS,REG_DATE,CONTENT,STADIUM_STATUS) values (2,'서울어린이대공원 인조잔디축구장',9,132,'서울특별시 광진구 능동로 216',to_date('24/05/07','RR/MM/DD'),'테스트
            
            
            ','사용가능');
Insert into STADIUM (STADIUM_NO,STADIUM_NAME,SIDO_NAME,SIGUNGU_NAME,DETAILED_ADDRESS,REG_DATE,CONTENT,STADIUM_STATUS) values (3,'잠실유수지 축구장 ',9,144,'서울특별시 송파구 탄천동로 211',to_date('24/05/07','RR/MM/DD'),'테스트
            
            ','사용가능');
Insert into STADIUM (STADIUM_NO,STADIUM_NAME,SIDO_NAME,SIGUNGU_NAME,DETAILED_ADDRESS,REG_DATE,CONTENT,STADIUM_STATUS) values (4,' 월드컵 보조경기장 ',9,139,'서울 마포구 성산동 499',to_date('24/05/07','RR/MM/DD'),'4
            ','사용가능');
Insert into STADIUM (STADIUM_NO,STADIUM_NAME,SIDO_NAME,SIGUNGU_NAME,DETAILED_ADDRESS,REG_DATE,CONTENT,STADIUM_STATUS) values (5,' 동작구 노들나루공원 축구장 ',9,138,'서울특별시 동작구 노량진로 247',to_date('24/05/07','RR/MM/DD'),'비로인한진흙
            
            ','사용가능');
Insert into STADIUM (STADIUM_NO,STADIUM_NAME,SIDO_NAME,SIGUNGU_NAME,DETAILED_ADDRESS,REG_DATE,CONTENT,STADIUM_STATUS) values (6,' 효창운동장 ',9,147,'서울특별시 용산구 효창원로 177-15',to_date('24/05/07','RR/MM/DD'),'6
            ','사용가능');
Insert into STADIUM (STADIUM_NO,STADIUM_NAME,SIDO_NAME,SIGUNGU_NAME,DETAILED_ADDRESS,REG_DATE,CONTENT,STADIUM_STATUS) values (7,'대구스타디움',6,103,'대구광역시 수성구 유니버시아드로 180',to_date('24/05/07','RR/MM/DD'),'공사중
            ','이용불가');
Insert into STADIUM (STADIUM_NO,STADIUM_NAME,SIDO_NAME,SIGUNGU_NAME,DETAILED_ADDRESS,REG_DATE,CONTENT,STADIUM_STATUS) values (8,'포항스틸야드',4,79,'경상북도 포항시 남구 문예로 10',to_date('24/05/07','RR/MM/DD'),'8
            ','사용가능');
Insert into STADIUM (STADIUM_NO,STADIUM_NAME,SIDO_NAME,SIGUNGU_NAME,DETAILED_ADDRESS,REG_DATE,CONTENT,STADIUM_STATUS) values (9,'창원축구센터',3,58,'경상남도 창원시 성산구 원이대로 450',to_date('24/05/07','RR/MM/DD'),'9
            
            ','사용가능');
Insert into STADIUM (STADIUM_NO,STADIUM_NAME,SIDO_NAME,SIGUNGU_NAME,DETAILED_ADDRESS,REG_DATE,CONTENT,STADIUM_STATUS) values (10,'전주월드컵경기장',13,193,'전라북도 전주시 덕진구 기린대로 1000',to_date('24/05/07','RR/MM/DD'),'10
            ','사용가능');
Insert into STADIUM (STADIUM_NO,STADIUM_NAME,SIDO_NAME,SIGUNGU_NAME,DETAILED_ADDRESS,REG_DATE,CONTENT,STADIUM_STATUS) values (11,'제주월드컵경기장',14,203,'제주특별자치도 서귀포시 월드컵로 33',to_date('24/05/07','RR/MM/DD'),'수리중
            ','이용불가');
Insert into STADIUM (STADIUM_NO,STADIUM_NAME,SIDO_NAME,SIGUNGU_NAME,DETAILED_ADDRESS,REG_DATE,CONTENT,STADIUM_STATUS) values (13,'수원월드컵경기장',2,30,'경기도 수원시 팔달구 월드컵로 310',to_date('24/05/08','RR/MM/DD'),'테스트1
            ','사용가능');
Insert into STADIUM (STADIUM_NO,STADIUM_NAME,SIDO_NAME,SIGUNGU_NAME,DETAILED_ADDRESS,REG_DATE,CONTENT,STADIUM_STATUS) values (14,'울산문수축구경기장',10,152,'울산광역시 남구 문수로 44',to_date('24/05/08','RR/MM/DD'),'테스트
            
            ','이용불가');
Insert into STADIUM (STADIUM_NO,STADIUM_NAME,SIDO_NAME,SIGUNGU_NAME,DETAILED_ADDRESS,REG_DATE,CONTENT,STADIUM_STATUS) values (15,'대전월드컵경기장',7,109,'대전광역시 유성구 월드컵대로 32',to_date('24/05/08','RR/MM/DD'),'테테테텥
            ','사용가능');
Insert into STADIUM (STADIUM_NO,STADIUM_NAME,SIDO_NAME,SIGUNGU_NAME,DETAILED_ADDRESS,REG_DATE,CONTENT,STADIUM_STATUS) values (16,'광주월드컵경기장',5,97,'광주광역시 서구 금화로 240',to_date('24/05/08','RR/MM/DD'),'아아아앙
            ','사용가능');
Insert into STADIUM (STADIUM_NO,STADIUM_NAME,SIDO_NAME,SIGUNGU_NAME,DETAILED_ADDRESS,REG_DATE,CONTENT,STADIUM_STATUS) values (17,'인천문학경기장',11,159,'인천광역시 남동구 소래로 618',to_date('24/05/08','RR/MM/DD'),'으아아아아
            ','사용가능');
Insert into STADIUM (STADIUM_NO,STADIUM_NAME,SIDO_NAME,SIGUNGU_NAME,DETAILED_ADDRESS,REG_DATE,CONTENT,STADIUM_STATUS) values (18,'대구스타디움',6,103,'대구광역시 수성구 유니버시아드로 180',to_date('24/05/13','RR/MM/DD'),'테스트
            
            ','사용가능');
Insert into STADIUM (STADIUM_NO,STADIUM_NAME,SIDO_NAME,SIGUNGU_NAME,DETAILED_ADDRESS,REG_DATE,CONTENT,STADIUM_STATUS) values (19,'부산아시아드주경기장',8,122,'부산광역시 연제구 월드컵대로 344',to_date('24/05/20','RR/MM/DD'),'ㅁㅇㄴㄴㅁㅇㄴㅁ
            ','이용불가');
Insert into STADIUM (STADIUM_NO,STADIUM_NAME,SIDO_NAME,SIGUNGU_NAME,DETAILED_ADDRESS,REG_DATE,CONTENT,STADIUM_STATUS) values (20,'서울월드컵경기장',9,139,'서울특별시 마포구 월드컵로 240',to_date('24/05/21','RR/MM/DD'),'ㅇㅁㄴ
            ','사용가능');
Insert into STADIUM (STADIUM_NO,STADIUM_NAME,SIDO_NAME,SIGUNGU_NAME,DETAILED_ADDRESS,REG_DATE,CONTENT,STADIUM_STATUS) values (21,'양동축구공원',12,170,'전라남도 순천시 양동길 35',to_date('24/05/21','RR/MM/DD'),'양동축구공원','사용가능');
Insert into STADIUM (STADIUM_NO,STADIUM_NAME,SIDO_NAME,SIGUNGU_NAME,DETAILED_ADDRESS,REG_DATE,CONTENT,STADIUM_STATUS) values (22,'안양종합운동장',2,34,'경기도 안양시 동안구 평촌대로 389',to_date('24/05/21','RR/MM/DD'),'안양종합운동장','사용가능');
Insert into STADIUM (STADIUM_NO,STADIUM_NAME,SIDO_NAME,SIGUNGU_NAME,DETAILED_ADDRESS,REG_DATE,CONTENT,STADIUM_STATUS) values (23,'성남탄천종합운동장',2,29,'경기도 성남시 수정구 탄천대로 250',to_date('24/05/21','RR/MM/DD'),'성남탄천종합운동장','사용가능');
Insert into STADIUM (STADIUM_NO,STADIUM_NAME,SIDO_NAME,SIGUNGU_NAME,DETAILED_ADDRESS,REG_DATE,CONTENT,STADIUM_STATUS) values (24,'춘천송암스포츠타운',1,6,'강원도 춘천시 스포츠타운길 124',to_date('24/05/21','RR/MM/DD'),'춘천송암스포츠타운','사용가능');
Insert into STADIUM (STADIUM_NO,STADIUM_NAME,SIDO_NAME,SIGUNGU_NAME,DETAILED_ADDRESS,REG_DATE,CONTENT,STADIUM_STATUS) values (25,'청주종합경기장',16,220,'충청북도 청주시 서원구 사직대로 229',to_date('24/05/21','RR/MM/DD'),'청주종합경기장','사용가능');
Insert into STADIUM (STADIUM_NO,STADIUM_NAME,SIDO_NAME,SIGUNGU_NAME,DETAILED_ADDRESS,REG_DATE,CONTENT,STADIUM_STATUS) values (26,'구로구민운동장',9,133,'서울특별시 구로구 구로동 129-4',to_date('24/05/21','RR/MM/DD'),'구로구민운동장','사용가능');
Insert into STADIUM (STADIUM_NO,STADIUM_NAME,SIDO_NAME,SIGUNGU_NAME,DETAILED_ADDRESS,REG_DATE,CONTENT,STADIUM_STATUS) values (27,'마포구민체육센터',9,139,'서울특별시 마포구 성산동 239-1',to_date('24/05/21','RR/MM/DD'),'마포구민체육센터 축구장','사용가능');
Insert into STADIUM (STADIUM_NO,STADIUM_NAME,SIDO_NAME,SIGUNGU_NAME,DETAILED_ADDRESS,REG_DATE,CONTENT,STADIUM_STATUS) values (28,'잠실종합운동장보조경기장',9,144,'서울특별시 송파구 올림픽로 25',to_date('24/05/21','RR/MM/DD'),'잠실종합운동장 보조경기장','사용가능');
Insert into STADIUM (STADIUM_NO,STADIUM_NAME,SIDO_NAME,SIGUNGU_NAME,DETAILED_ADDRESS,REG_DATE,CONTENT,STADIUM_STATUS) values (29,'중랑구민체육센터축구장',9,151,'서울특별시 중랑구 신내동 662',to_date('24/05/21','RR/MM/DD'),'중랑구민체육센터 축구장','사용가능');
Insert into STADIUM (STADIUM_NO,STADIUM_NAME,SIDO_NAME,SIGUNGU_NAME,DETAILED_ADDRESS,REG_DATE,CONTENT,STADIUM_STATUS) values (30,'노원구민체육센터축구장',9,135,'서울특별시 노원구 월계동 23',to_date('24/05/21','RR/MM/DD'),'노원구민체육센터축구장','사용가능');
Insert into STADIUM (STADIUM_NO,STADIUM_NAME,SIDO_NAME,SIGUNGU_NAME,DETAILED_ADDRESS,REG_DATE,CONTENT,STADIUM_STATUS) values (31,'과천관문체육공원',2,20,'경기도 과천시 관문로 69',to_date('24/05/21','RR/MM/DD'),'과천관문체육공원','사용가능');
Insert into STADIUM (STADIUM_NO,STADIUM_NAME,SIDO_NAME,SIGUNGU_NAME,DETAILED_ADDRESS,REG_DATE,CONTENT,STADIUM_STATUS) values (32,'고양종합운동장보조경기장',2,19,'경기도 고양시 덕양구 고양대로 1123',to_date('24/05/21','RR/MM/DD'),'고양종합운동장보조경기장','사용가능');
Insert into STADIUM (STADIUM_NO,STADIUM_NAME,SIDO_NAME,SIGUNGU_NAME,DETAILED_ADDRESS,REG_DATE,CONTENT,STADIUM_STATUS) values (33,'부천종합운동장보조경기장',2,28,' 경기도 부천시 원미구 부천로 122',to_date('24/05/21','RR/MM/DD'),'부천종합운동장보조경기장','사용가능');
Insert into STADIUM (STADIUM_NO,STADIUM_NAME,SIDO_NAME,SIGUNGU_NAME,DETAILED_ADDRESS,REG_DATE,CONTENT,STADIUM_STATUS) values (34,'김포종합운동장',2,25,'경기도 김포시 걸포동 287',to_date('24/05/21','RR/MM/DD'),'김포종합운동장','사용가능');
Insert into STADIUM (STADIUM_NO,STADIUM_NAME,SIDO_NAME,SIGUNGU_NAME,DETAILED_ADDRESS,REG_DATE,CONTENT,STADIUM_STATUS) values (35,'파주운정체육공원축구장',2,41,'경기도 파주시 운정3동 1463-1',to_date('24/05/21','RR/MM/DD'),'파주운정체육공원 축구장','사용가능');
Insert into STADIUM (STADIUM_NO,STADIUM_NAME,SIDO_NAME,SIGUNGU_NAME,DETAILED_ADDRESS,REG_DATE,CONTENT,STADIUM_STATUS) values (36,'남양주종합운동장',2,26,'경기도 남양주시 다산동 4020',to_date('24/05/21','RR/MM/DD'),'남양주종합운동장','사용가능');
Insert into STADIUM (STADIUM_NO,STADIUM_NAME,SIDO_NAME,SIGUNGU_NAME,DETAILED_ADDRESS,REG_DATE,CONTENT,STADIUM_STATUS) values (37,'화성종합경기타운',2,45,'경기도 화성시 향남읍 발안로 105',to_date('24/05/21','RR/MM/DD'),'화성종합경기타운','사용가능');
Insert into STADIUM (STADIUM_NO,STADIUM_NAME,SIDO_NAME,SIGUNGU_NAME,DETAILED_ADDRESS,REG_DATE,CONTENT,STADIUM_STATUS) values (38,'광명운동장',2,21,'경기도 광명시 하안동 15-1',to_date('24/05/21','RR/MM/DD'),'광명운동장','사용가능');
Insert into STADIUM (STADIUM_NO,STADIUM_NAME,SIDO_NAME,SIGUNGU_NAME,DETAILED_ADDRESS,REG_DATE,CONTENT,STADIUM_STATUS) values (39,'의정부종합운동장',2,39,'경기도 의정부시 의정부동 437-1',to_date('24/05/21','RR/MM/DD'),'의정부종합운동장','사용가능');
Insert into STADIUM (STADIUM_NO,STADIUM_NAME,SIDO_NAME,SIGUNGU_NAME,DETAILED_ADDRESS,REG_DATE,CONTENT,STADIUM_STATUS) values (40,'마들스타디움',9,135,'서울특별시 노원구 덕릉로 90',to_date('24/05/21','RR/MM/DD'),'마들스타디움','사용가능');
Insert into STADIUM (STADIUM_NO,STADIUM_NAME,SIDO_NAME,SIGUNGU_NAME,DETAILED_ADDRESS,REG_DATE,CONTENT,STADIUM_STATUS) values (41,'효창운동장',9,147,'서울특별시 용산구 효창동 255',to_date('24/05/21','RR/MM/DD'),'효창운동장','사용가능');
Insert into STADIUM (STADIUM_NO,STADIUM_NAME,SIDO_NAME,SIGUNGU_NAME,DETAILED_ADDRESS,REG_DATE,CONTENT,STADIUM_STATUS) values (42,'양천구해누리체육공원',9,145,'서울특별시 양천구 신정동 128',to_date('24/05/21','RR/MM/DD'),'양천구 해누리체육공원','사용가능');
Insert into STADIUM (STADIUM_NO,STADIUM_NAME,SIDO_NAME,SIGUNGU_NAME,DETAILED_ADDRESS,REG_DATE,CONTENT,STADIUM_STATUS) values (43,'강서구민운동장',9,130,'서울특별시 강서구 화곡동 341-6',to_date('24/05/21','RR/MM/DD'),'강서구민운동장','사용가능');
Insert into STADIUM (STADIUM_NO,STADIUM_NAME,SIDO_NAME,SIGUNGU_NAME,DETAILED_ADDRESS,REG_DATE,CONTENT,STADIUM_STATUS) values (44,'성동구민체육센터축구장',9,142,'서울특별시 성동구 무학로 32',to_date('24/05/21','RR/MM/DD'),'인조 잔디 교체로 사용 불가
            ','이용불가');
Insert into STADIUM (STADIUM_NO,STADIUM_NAME,SIDO_NAME,SIGUNGU_NAME,DETAILED_ADDRESS,REG_DATE,CONTENT,STADIUM_STATUS) values (45,'은평구민체육센터축구장',9,148,'서울특별시 은평구 증산로 39',to_date('24/05/21','RR/MM/DD'),'라이트 보수 공사로 야간 경기는 불가능합니다','사용가능');
REM INSERTING into STADIUM_YANGDO
SET DEFINE OFF;
Insert into STADIUM_YANGDO (YANGDO_NO,TITLE,WRITER,CONTENT,READCOUNT,REG_DATE,BOOKING_NO,STATUS,TRANSFERRED_TO) values (10,'ffdsfdsdfdfsf(양도완료)',38,'dsffdfsddf',1,to_date('24/05/21','RR/MM/DD'),20,'양도완료',42);
Insert into STADIUM_YANGDO (YANGDO_NO,TITLE,WRITER,CONTENT,READCOUNT,REG_DATE,BOOKING_NO,STATUS,TRANSFERRED_TO) values (3,'경기장 양도합니다여(양도완료)',30,'경기장 양도합니다여',4,to_date('24/05/21','RR/MM/DD'),11,'양도완료',38);
Insert into STADIUM_YANGDO (YANGDO_NO,TITLE,WRITER,CONTENT,READCOUNT,REG_DATE,BOOKING_NO,STATUS,TRANSFERRED_TO) values (4,'경기장 양도 등록1(양도완료)',39,'경기장 양도 등록1
            ',6,to_date('24/05/21','RR/MM/DD'),17,'양도완료',41);
Insert into STADIUM_YANGDO (YANGDO_NO,TITLE,WRITER,CONTENT,READCOUNT,REG_DATE,BOOKING_NO,STATUS,TRANSFERRED_TO) values (5,'경기장 양도 등록2(양도완료)',39,'경기장 양도 등록2',8,to_date('24/05/21','RR/MM/DD'),16,'양도완료',41);
Insert into STADIUM_YANGDO (YANGDO_NO,TITLE,WRITER,CONTENT,READCOUNT,REG_DATE,BOOKING_NO,STATUS,TRANSFERRED_TO) values (6,'경기장 양도 드립니다(양도완료)',30,'경기장 양도 드립니다',1,to_date('24/05/21','RR/MM/DD'),10,'양도완료',42);
Insert into STADIUM_YANGDO (YANGDO_NO,TITLE,WRITER,CONTENT,READCOUNT,REG_DATE,BOOKING_NO,STATUS,TRANSFERRED_TO) values (7,'경기장 양도 아무나 가격 협의 가능(양도완료)',30,'경기장 양도 아무나 가격 협의 가능',1,to_date('24/05/21','RR/MM/DD'),20,'양도완료',38);
Insert into STADIUM_YANGDO (YANGDO_NO,TITLE,WRITER,CONTENT,READCOUNT,REG_DATE,BOOKING_NO,STATUS,TRANSFERRED_TO) values (11,'ㅇㄴㅇㅁㅇㄴㅁ(양도완료)',38,'ㅇㅁㄴㄴㅁㄴ
            ',4,to_date('24/05/21','RR/MM/DD'),15,'양도완료',42);
Insert into STADIUM_YANGDO (YANGDO_NO,TITLE,WRITER,CONTENT,READCOUNT,REG_DATE,BOOKING_NO,STATUS,TRANSFERRED_TO) values (8,'경기장 재양도합니다.(양도완료)',42,'사정이 생겨
경기장 재양도합니다.

아래 연락처로 연락 부탁합니다.

010-XXXX-XXXX



',3,to_date('24/05/21','RR/MM/DD'),10,'양도완료',2);
Insert into STADIUM_YANGDO (YANGDO_NO,TITLE,WRITER,CONTENT,READCOUNT,REG_DATE,BOOKING_NO,STATUS,TRANSFERRED_TO) values (9,'ㅂㅈㄷㄳㄱ123(양도완료)',38,'12332132132321
            
            
            
            
            
            ',15,to_date('24/05/21','RR/MM/DD'),11,'양도완료',42);
Insert into STADIUM_YANGDO (YANGDO_NO,TITLE,WRITER,CONTENT,READCOUNT,REG_DATE,BOOKING_NO,STATUS,TRANSFERRED_TO) values (1,'dsadsdsad1(양도완료)',30,'dsdasd1
            
            ',7,to_date('24/05/21','RR/MM/DD'),15,'양도완료',38);
Insert into STADIUM_YANGDO (YANGDO_NO,TITLE,WRITER,CONTENT,READCOUNT,REG_DATE,BOOKING_NO,STATUS,TRANSFERRED_TO) values (12,'양도 등록합니다ㅇ',42,'인천문학경기장 양도 등록합니다
            ㅇㅇ',2,to_date('24/05/21','RR/MM/DD'),15,'양도중',null);
Insert into STADIUM_YANGDO (YANGDO_NO,TITLE,WRITER,CONTENT,READCOUNT,REG_DATE,BOOKING_NO,STATUS,TRANSFERRED_TO) values (13,'경기장 양도오오',42,'경기장 양도오오합니다',1,to_date('24/05/21','RR/MM/DD'),11,'양도중',null);
REM INSERTING into TEAM
SET DEFINE OFF;
Insert into TEAM (TEAM_NO,TEAM_NAME,TEAM_MASTER) values (1,'피카츄팀',3);
Insert into TEAM (TEAM_NO,TEAM_NAME,TEAM_MASTER) values (2,'꼬부기팀',6);
Insert into TEAM (TEAM_NO,TEAM_NAME,TEAM_MASTER) values (3,'파이리팀',9);
Insert into TEAM (TEAM_NO,TEAM_NAME,TEAM_MASTER) values (4,'오둥이팀',12);
Insert into TEAM (TEAM_NO,TEAM_NAME,TEAM_MASTER) values (6,'메시팀',30);
Insert into TEAM (TEAM_NO,TEAM_NAME,TEAM_MASTER) values (5,'호날두팀',29);
Insert into TEAM (TEAM_NO,TEAM_NAME,TEAM_MASTER) values (7,'집가고싶은팀',2);
Insert into TEAM (TEAM_NO,TEAM_NAME,TEAM_MASTER) values (8,'관리자팀',1);
Insert into TEAM (TEAM_NO,TEAM_NAME,TEAM_MASTER) values (9,'G',39);
Insert into TEAM (TEAM_NO,TEAM_NAME,TEAM_MASTER) values (10,'짜장면과짬뽕과탕수육컬렉션팀니다.',41);
Insert into TEAM (TEAM_NO,TEAM_NAME,TEAM_MASTER) values (11,'자장면과짬뽕과탕수육의만나는컬렉',43);
REM INSERTING into TEAM_MEMBER
SET DEFINE OFF;
Insert into TEAM_MEMBER (TEAM_NO,TEAM_MEMBER) values (1,3);
Insert into TEAM_MEMBER (TEAM_NO,TEAM_MEMBER) values (1,4);
Insert into TEAM_MEMBER (TEAM_NO,TEAM_MEMBER) values (1,5);
Insert into TEAM_MEMBER (TEAM_NO,TEAM_MEMBER) values (2,6);
Insert into TEAM_MEMBER (TEAM_NO,TEAM_MEMBER) values (2,7);
Insert into TEAM_MEMBER (TEAM_NO,TEAM_MEMBER) values (2,8);
Insert into TEAM_MEMBER (TEAM_NO,TEAM_MEMBER) values (3,9);
Insert into TEAM_MEMBER (TEAM_NO,TEAM_MEMBER) values (3,10);
Insert into TEAM_MEMBER (TEAM_NO,TEAM_MEMBER) values (3,11);
Insert into TEAM_MEMBER (TEAM_NO,TEAM_MEMBER) values (4,12);
Insert into TEAM_MEMBER (TEAM_NO,TEAM_MEMBER) values (4,13);
Insert into TEAM_MEMBER (TEAM_NO,TEAM_MEMBER) values (4,14);
Insert into TEAM_MEMBER (TEAM_NO,TEAM_MEMBER) values (5,29);
Insert into TEAM_MEMBER (TEAM_NO,TEAM_MEMBER) values (6,30);
Insert into TEAM_MEMBER (TEAM_NO,TEAM_MEMBER) values (7,2);
Insert into TEAM_MEMBER (TEAM_NO,TEAM_MEMBER) values (8,1);
Insert into TEAM_MEMBER (TEAM_NO,TEAM_MEMBER) values (4,15);
Insert into TEAM_MEMBER (TEAM_NO,TEAM_MEMBER) values (4,16);
Insert into TEAM_MEMBER (TEAM_NO,TEAM_MEMBER) values (5,17);
Insert into TEAM_MEMBER (TEAM_NO,TEAM_MEMBER) values (5,18);
Insert into TEAM_MEMBER (TEAM_NO,TEAM_MEMBER) values (5,19);
Insert into TEAM_MEMBER (TEAM_NO,TEAM_MEMBER) values (5,20);
Insert into TEAM_MEMBER (TEAM_NO,TEAM_MEMBER) values (6,21);
Insert into TEAM_MEMBER (TEAM_NO,TEAM_MEMBER) values (6,22);
Insert into TEAM_MEMBER (TEAM_NO,TEAM_MEMBER) values (6,23);
Insert into TEAM_MEMBER (TEAM_NO,TEAM_MEMBER) values (7,24);
Insert into TEAM_MEMBER (TEAM_NO,TEAM_MEMBER) values (7,25);
Insert into TEAM_MEMBER (TEAM_NO,TEAM_MEMBER) values (7,26);
Insert into TEAM_MEMBER (TEAM_NO,TEAM_MEMBER) values (7,27);
Insert into TEAM_MEMBER (TEAM_NO,TEAM_MEMBER) values (8,28);
Insert into TEAM_MEMBER (TEAM_NO,TEAM_MEMBER) values (8,31);
Insert into TEAM_MEMBER (TEAM_NO,TEAM_MEMBER) values (8,32);
Insert into TEAM_MEMBER (TEAM_NO,TEAM_MEMBER) values (5,33);
Insert into TEAM_MEMBER (TEAM_NO,TEAM_MEMBER) values (5,34);
Insert into TEAM_MEMBER (TEAM_NO,TEAM_MEMBER) values (5,35);
Insert into TEAM_MEMBER (TEAM_NO,TEAM_MEMBER) values (5,36);
Insert into TEAM_MEMBER (TEAM_NO,TEAM_MEMBER) values (6,37);
Insert into TEAM_MEMBER (TEAM_NO,TEAM_MEMBER) values (9,39);
Insert into TEAM_MEMBER (TEAM_NO,TEAM_MEMBER) values (6,38);
Insert into TEAM_MEMBER (TEAM_NO,TEAM_MEMBER) values (10,41);
Insert into TEAM_MEMBER (TEAM_NO,TEAM_MEMBER) values (6,42);
Insert into TEAM_MEMBER (TEAM_NO,TEAM_MEMBER) values (11,43);
Insert into TEAM_MEMBER (TEAM_NO,TEAM_MEMBER) values (6,44);
REM INSERTING into TEAM_RANKING
SET DEFINE OFF;
REM INSERTING into TEAM_RECORD
SET DEFINE OFF;
REM INSERTING into TEAMMEMBOARD_DAY
SET DEFINE OFF;
Insert into TEAMMEMBOARD_DAY (B_NO,DAY) values (19,6);
Insert into TEAMMEMBOARD_DAY (B_NO,DAY) values (19,7);
Insert into TEAMMEMBOARD_DAY (B_NO,DAY) values (20,3);
Insert into TEAMMEMBOARD_DAY (B_NO,DAY) values (20,4);
Insert into TEAMMEMBOARD_DAY (B_NO,DAY) values (20,6);
Insert into TEAMMEMBOARD_DAY (B_NO,DAY) values (20,7);
Insert into TEAMMEMBOARD_DAY (B_NO,DAY) values (21,6);
Insert into TEAMMEMBOARD_DAY (B_NO,DAY) values (22,5);
Insert into TEAMMEMBOARD_DAY (B_NO,DAY) values (22,6);
Insert into TEAMMEMBOARD_DAY (B_NO,DAY) values (22,7);
Insert into TEAMMEMBOARD_DAY (B_NO,DAY) values (23,5);
Insert into TEAMMEMBOARD_DAY (B_NO,DAY) values (23,6);
Insert into TEAMMEMBOARD_DAY (B_NO,DAY) values (23,7);
Insert into TEAMMEMBOARD_DAY (B_NO,DAY) values (24,2);
Insert into TEAMMEMBOARD_DAY (B_NO,DAY) values (24,3);
Insert into TEAMMEMBOARD_DAY (B_NO,DAY) values (24,4);
Insert into TEAMMEMBOARD_DAY (B_NO,DAY) values (25,1);
Insert into TEAMMEMBOARD_DAY (B_NO,DAY) values (25,2);
Insert into TEAMMEMBOARD_DAY (B_NO,DAY) values (25,3);
Insert into TEAMMEMBOARD_DAY (B_NO,DAY) values (25,4);
Insert into TEAMMEMBOARD_DAY (B_NO,DAY) values (25,5);
Insert into TEAMMEMBOARD_DAY (B_NO,DAY) values (26,4);
Insert into TEAMMEMBOARD_DAY (B_NO,DAY) values (26,5);
Insert into TEAMMEMBOARD_DAY (B_NO,DAY) values (27,3);
Insert into TEAMMEMBOARD_DAY (B_NO,DAY) values (28,4);
Insert into TEAMMEMBOARD_DAY (B_NO,DAY) values (29,1);
Insert into TEAMMEMBOARD_DAY (B_NO,DAY) values (29,2);
Insert into TEAMMEMBOARD_DAY (B_NO,DAY) values (30,5);
Insert into TEAMMEMBOARD_DAY (B_NO,DAY) values (30,6);
Insert into TEAMMEMBOARD_DAY (B_NO,DAY) values (31,5);
Insert into TEAMMEMBOARD_DAY (B_NO,DAY) values (38,3);
Insert into TEAMMEMBOARD_DAY (B_NO,DAY) values (38,4);
Insert into TEAMMEMBOARD_DAY (B_NO,DAY) values (38,5);
Insert into TEAMMEMBOARD_DAY (B_NO,DAY) values (33,4);
Insert into TEAMMEMBOARD_DAY (B_NO,DAY) values (33,5);
Insert into TEAMMEMBOARD_DAY (B_NO,DAY) values (35,3);
Insert into TEAMMEMBOARD_DAY (B_NO,DAY) values (35,4);
Insert into TEAMMEMBOARD_DAY (B_NO,DAY) values (34,4);
Insert into TEAMMEMBOARD_DAY (B_NO,DAY) values (34,5);
Insert into TEAMMEMBOARD_DAY (B_NO,DAY) values (32,3);
Insert into TEAMMEMBOARD_DAY (B_NO,DAY) values (32,4);
Insert into TEAMMEMBOARD_DAY (B_NO,DAY) values (32,5);
Insert into TEAMMEMBOARD_DAY (B_NO,DAY) values (35,5);
Insert into TEAMMEMBOARD_DAY (B_NO,DAY) values (36,3);
Insert into TEAMMEMBOARD_DAY (B_NO,DAY) values (36,4);
Insert into TEAMMEMBOARD_DAY (B_NO,DAY) values (36,5);
Insert into TEAMMEMBOARD_DAY (B_NO,DAY) values (37,3);
Insert into TEAMMEMBOARD_DAY (B_NO,DAY) values (37,4);
Insert into TEAMMEMBOARD_DAY (B_NO,DAY) values (37,5);
Insert into TEAMMEMBOARD_DAY (B_NO,DAY) values (32,6);
Insert into TEAMMEMBOARD_DAY (B_NO,DAY) values (40,4);
Insert into TEAMMEMBOARD_DAY (B_NO,DAY) values (40,5);
Insert into TEAMMEMBOARD_DAY (B_NO,DAY) values (39,2);
Insert into TEAMMEMBOARD_DAY (B_NO,DAY) values (39,3);
Insert into TEAMMEMBOARD_DAY (B_NO,DAY) values (42,7);
Insert into TEAMMEMBOARD_DAY (B_NO,DAY) values (43,1);
Insert into TEAMMEMBOARD_DAY (B_NO,DAY) values (40,6);
Insert into TEAMMEMBOARD_DAY (B_NO,DAY) values (41,6);
Insert into TEAMMEMBOARD_DAY (B_NO,DAY) values (41,7);
REM INSERTING into TEAMMEMBOARD_TIME
SET DEFINE OFF;
Insert into TEAMMEMBOARD_TIME (B_NO,TIME) values (19,'야간');
Insert into TEAMMEMBOARD_TIME (B_NO,TIME) values (19,'오후');
Insert into TEAMMEMBOARD_TIME (B_NO,TIME) values (20,'야간');
Insert into TEAMMEMBOARD_TIME (B_NO,TIME) values (20,'새벽');
Insert into TEAMMEMBOARD_TIME (B_NO,TIME) values (20,'오후');
Insert into TEAMMEMBOARD_TIME (B_NO,TIME) values (21,'야간');
Insert into TEAMMEMBOARD_TIME (B_NO,TIME) values (21,'오후');
Insert into TEAMMEMBOARD_TIME (B_NO,TIME) values (22,'야간');
Insert into TEAMMEMBOARD_TIME (B_NO,TIME) values (22,'오후');
Insert into TEAMMEMBOARD_TIME (B_NO,TIME) values (23,'야간');
Insert into TEAMMEMBOARD_TIME (B_NO,TIME) values (23,'오전');
Insert into TEAMMEMBOARD_TIME (B_NO,TIME) values (23,'오후');
Insert into TEAMMEMBOARD_TIME (B_NO,TIME) values (24,'오전');
Insert into TEAMMEMBOARD_TIME (B_NO,TIME) values (24,'오후');
Insert into TEAMMEMBOARD_TIME (B_NO,TIME) values (25,'야간');
Insert into TEAMMEMBOARD_TIME (B_NO,TIME) values (26,'야간');
Insert into TEAMMEMBOARD_TIME (B_NO,TIME) values (26,'오후');
Insert into TEAMMEMBOARD_TIME (B_NO,TIME) values (27,'오전');
Insert into TEAMMEMBOARD_TIME (B_NO,TIME) values (28,'오후');
Insert into TEAMMEMBOARD_TIME (B_NO,TIME) values (29,'새벽');
Insert into TEAMMEMBOARD_TIME (B_NO,TIME) values (29,'오전');
Insert into TEAMMEMBOARD_TIME (B_NO,TIME) values (30,'새벽');
Insert into TEAMMEMBOARD_TIME (B_NO,TIME) values (31,'오후');
Insert into TEAMMEMBOARD_TIME (B_NO,TIME) values (38,'새벽');
Insert into TEAMMEMBOARD_TIME (B_NO,TIME) values (38,'야간');
Insert into TEAMMEMBOARD_TIME (B_NO,TIME) values (39,'오전');
Insert into TEAMMEMBOARD_TIME (B_NO,TIME) values (33,'오후');
Insert into TEAMMEMBOARD_TIME (B_NO,TIME) values (35,'야간');
Insert into TEAMMEMBOARD_TIME (B_NO,TIME) values (34,'오후');
Insert into TEAMMEMBOARD_TIME (B_NO,TIME) values (32,'새벽');
Insert into TEAMMEMBOARD_TIME (B_NO,TIME) values (32,'야간');
Insert into TEAMMEMBOARD_TIME (B_NO,TIME) values (35,'오후');
Insert into TEAMMEMBOARD_TIME (B_NO,TIME) values (36,'오전');
Insert into TEAMMEMBOARD_TIME (B_NO,TIME) values (36,'오후');
Insert into TEAMMEMBOARD_TIME (B_NO,TIME) values (37,'오전');
Insert into TEAMMEMBOARD_TIME (B_NO,TIME) values (37,'오후');
Insert into TEAMMEMBOARD_TIME (B_NO,TIME) values (32,'오후');
Insert into TEAMMEMBOARD_TIME (B_NO,TIME) values (40,'야간');
Insert into TEAMMEMBOARD_TIME (B_NO,TIME) values (41,'새벽');
Insert into TEAMMEMBOARD_TIME (B_NO,TIME) values (42,'오후');
Insert into TEAMMEMBOARD_TIME (B_NO,TIME) values (43,'새벽');
REM INSERTING into TIME_TABLE
SET DEFINE OFF;
Insert into TIME_TABLE (TIME_NO,TIME_RANGE) values (1,'AM06시~AM08시');
Insert into TIME_TABLE (TIME_NO,TIME_RANGE) values (2,'AM08시~AM10시');
Insert into TIME_TABLE (TIME_NO,TIME_RANGE) values (3,'AM10시~AM12시');
Insert into TIME_TABLE (TIME_NO,TIME_RANGE) values (4,'PM12시~PM14시');
Insert into TIME_TABLE (TIME_NO,TIME_RANGE) values (5,'PM14시~PM16시');
Insert into TIME_TABLE (TIME_NO,TIME_RANGE) values (6,'PM16시~PM18시');
Insert into TIME_TABLE (TIME_NO,TIME_RANGE) values (7,'PM18시~PM20시');
Insert into TIME_TABLE (TIME_NO,TIME_RANGE) values (8,'PM20시~PM22시');
Insert into TIME_TABLE (TIME_NO,TIME_RANGE) values (9,'PM22시~PM24시');
Insert into TIME_TABLE (TIME_NO,TIME_RANGE) values (10,'AM02시~AM04시');
Insert into TIME_TABLE (TIME_NO,TIME_RANGE) values (11,'AM04시~AM06시');
REM INSERTING into TOURNAMENT
SET DEFINE OFF;
Insert into TOURNAMENT (SUBJECT,CONTENT,REGIST_START,REGIST_END,LIST_NO,REG_DATE,REGION) values ('코스모배 제1회 축구대회','이기면 백원',to_date('24/04/25','RR/MM/DD'),to_date('24/06/18','RR/MM/DD'),1,to_date('24/05/09','RR/MM/DD'),'경인');
Insert into TOURNAMENT (SUBJECT,CONTENT,REGIST_START,REGIST_END,LIST_NO,REG_DATE,REGION) values ('팀장배  제1회 축구대회','이기면 이백원',to_date('24/05/25','RR/MM/DD'),to_date('24/06/18','RR/MM/DD'),2,to_date('24/05/09','RR/MM/DD'),'서울');
Insert into TOURNAMENT (SUBJECT,CONTENT,REGIST_START,REGIST_END,LIST_NO,REG_DATE,REGION) values ('피카츄배 제1회 축구대회','이기면 포켓몬빵',to_date('24/03/25','RR/MM/DD'),to_date('24/06/18','RR/MM/DD'),3,to_date('24/05/09','RR/MM/DD'),'전라');
Insert into TOURNAMENT (SUBJECT,CONTENT,REGIST_START,REGIST_END,LIST_NO,REG_DATE,REGION) values ('왕재덕배 제1회 축구대회','이기면 만원',to_date('24/01/01','RR/MM/DD'),to_date('24/03/01','RR/MM/DD'),4,to_date('24/05/09','RR/MM/DD'),'경상');
Insert into TOURNAMENT (SUBJECT,CONTENT,REGIST_START,REGIST_END,LIST_NO,REG_DATE,REGION) values ('어드민테스트','테스트중        ',to_date('24/05/15','RR/MM/DD'),to_date('24/05/31','RR/MM/DD'),12,to_date('24/05/18','RR/MM/DD'),'서울');
Insert into TOURNAMENT (SUBJECT,CONTENT,REGIST_START,REGIST_END,LIST_NO,REG_DATE,REGION) values ('제목','				ㄹㄹ	',to_date('24/05/01','RR/MM/DD'),to_date('24/05/29','RR/MM/DD'),5,to_date('24/05/11','RR/MM/DD'),'강원');
Insert into TOURNAMENT (SUBJECT,CONTENT,REGIST_START,REGIST_END,LIST_NO,REG_DATE,REGION) values ('ㄴㄴ','				ㄴㄴ	',to_date('24/05/01','RR/MM/DD'),to_date('24/05/08','RR/MM/DD'),11,to_date('24/05/11','RR/MM/DD'),'제주');
REM INSERTING into WAITING_HIREDREG
SET DEFINE OFF;
Insert into WAITING_HIREDREG (M_NO,TEAM) values (29,7);
REM INSERTING into WAITING_MATCHREG
SET DEFINE OFF;
REM INSERTING into WAITING_TEAMREG
SET DEFINE OFF;
Insert into WAITING_TEAMREG (NAME,TEAM) values (45,8);
--------------------------------------------------------
--  DDL for Index SYS_C007678
--------------------------------------------------------

  CREATE UNIQUE INDEX "SYS_C007678" ON "BOOKING" ("BOOKING_NO") PCTFREE 10 INITRANS 2 MAXTRANS 255 COMPUTE STATISTICS  STORAGE(INITIAL 65536 NEXT 1048576 MINEXTENTS 1 MAXEXTENTS 2147483645 PCTINCREASE 0 FREELISTS 1 FREELIST GROUPS 1 BUFFER_POOL DEFAULT FLASH_CACHE DEFAULT CELL_FLASH_CACHE DEFAULT);
--------------------------------------------------------
--  DDL for Index UC_BOOKING_STADIUM_DATE_TIME
--------------------------------------------------------

  CREATE UNIQUE INDEX "UC_BOOKING_STADIUM_DATE_TIME" ON "BOOKING" ("STADIUM_NO", "BOOKING_DATE", "TIME_SLOT") PCTFREE 10 INITRANS 2 MAXTRANS 255 COMPUTE STATISTICS  STORAGE(INITIAL 65536 NEXT 1048576 MINEXTENTS 1 MAXEXTENTS 2147483645 PCTINCREASE 0 FREELISTS 1 FREELIST GROUPS 1 BUFFER_POOL DEFAULT FLASH_CACHE DEFAULT CELL_FLASH_CACHE DEFAULT);
--------------------------------------------------------
--  DDL for Index SYS_C007387
--------------------------------------------------------

  CREATE UNIQUE INDEX "SYS_C007387" ON "BUY" ("BUY_NO") PCTFREE 10 INITRANS 2 MAXTRANS 255 COMPUTE STATISTICS  STORAGE(INITIAL 65536 NEXT 1048576 MINEXTENTS 1 MAXEXTENTS 2147483645 PCTINCREASE 0 FREELISTS 1 FREELIST GROUPS 1 BUFFER_POOL DEFAULT FLASH_CACHE DEFAULT CELL_FLASH_CACHE DEFAULT);
--------------------------------------------------------
--  DDL for Index SYS_C007527
--------------------------------------------------------

  CREATE UNIQUE INDEX "SYS_C007527" ON "CUSTOMERSERVICE_CATEGORY" ("CUSTOMERSERVICE_CATEGORYNO") PCTFREE 10 INITRANS 2 MAXTRANS 255 COMPUTE STATISTICS  STORAGE(INITIAL 65536 NEXT 1048576 MINEXTENTS 1 MAXEXTENTS 2147483645 PCTINCREASE 0 FREELISTS 1 FREELIST GROUPS 1 BUFFER_POOL DEFAULT FLASH_CACHE DEFAULT CELL_FLASH_CACHE DEFAULT);
--------------------------------------------------------
--  DDL for Index SYS_C007374
--------------------------------------------------------

  CREATE UNIQUE INDEX "SYS_C007374" ON "DAY_OF_WEEK" ("DAY_NO") PCTFREE 10 INITRANS 2 MAXTRANS 255 COMPUTE STATISTICS  STORAGE(INITIAL 65536 NEXT 1048576 MINEXTENTS 1 MAXEXTENTS 2147483645 PCTINCREASE 0 FREELISTS 1 FREELIST GROUPS 1 BUFFER_POOL DEFAULT FLASH_CACHE DEFAULT CELL_FLASH_CACHE DEFAULT);
--------------------------------------------------------
--  DDL for Index SYS_C007391
--------------------------------------------------------

  CREATE UNIQUE INDEX "SYS_C007391" ON "FREE_SHARING" ("FREE_SHARING_NO") PCTFREE 10 INITRANS 2 MAXTRANS 255 COMPUTE STATISTICS  STORAGE(INITIAL 65536 NEXT 1048576 MINEXTENTS 1 MAXEXTENTS 2147483645 PCTINCREASE 0 FREELISTS 1 FREELIST GROUPS 1 BUFFER_POOL DEFAULT FLASH_CACHE DEFAULT CELL_FLASH_CACHE DEFAULT);
--------------------------------------------------------
--  DDL for Index SYS_C007393
--------------------------------------------------------

  CREATE UNIQUE INDEX "SYS_C007393" ON "FREE_SHARING_COMMENT" ("COMMENT_NO") PCTFREE 10 INITRANS 2 MAXTRANS 255 COMPUTE STATISTICS  STORAGE(INITIAL 65536 NEXT 1048576 MINEXTENTS 1 MAXEXTENTS 2147483645 PCTINCREASE 0 FREELISTS 1 FREELIST GROUPS 1 BUFFER_POOL DEFAULT FLASH_CACHE DEFAULT CELL_FLASH_CACHE DEFAULT);
--------------------------------------------------------
--  DDL for Index SYS_C007217
--------------------------------------------------------

  CREATE UNIQUE INDEX "SYS_C007217" ON "FREEBOARD" ("B_NO") PCTFREE 10 INITRANS 2 MAXTRANS 255 COMPUTE STATISTICS  STORAGE(INITIAL 65536 NEXT 1048576 MINEXTENTS 1 MAXEXTENTS 2147483645 PCTINCREASE 0 FREELISTS 1 FREELIST GROUPS 1 BUFFER_POOL DEFAULT FLASH_CACHE DEFAULT CELL_FLASH_CACHE DEFAULT);
--------------------------------------------------------
--  DDL for Index SYS_C007255
--------------------------------------------------------

  CREATE UNIQUE INDEX "SYS_C007255" ON "FREEBOARD_COMMENT" ("COMMENT_NO") PCTFREE 10 INITRANS 2 MAXTRANS 255 COMPUTE STATISTICS  STORAGE(INITIAL 65536 NEXT 1048576 MINEXTENTS 1 MAXEXTENTS 2147483645 PCTINCREASE 0 FREELISTS 1 FREELIST GROUPS 1 BUFFER_POOL DEFAULT FLASH_CACHE DEFAULT CELL_FLASH_CACHE DEFAULT);
--------------------------------------------------------
--  DDL for Index PK_RECRUITMENT_NO
--------------------------------------------------------

  CREATE UNIQUE INDEX "PK_RECRUITMENT_NO" ON "HIRED_RECRUITMENT" ("RECRUITMENT_NO") PCTFREE 10 INITRANS 2 MAXTRANS 255 COMPUTE STATISTICS  STORAGE(INITIAL 65536 NEXT 1048576 MINEXTENTS 1 MAXEXTENTS 2147483645 PCTINCREASE 0 FREELISTS 1 FREELIST GROUPS 1 BUFFER_POOL DEFAULT FLASH_CACHE DEFAULT CELL_FLASH_CACHE DEFAULT);
--------------------------------------------------------
--  DDL for Index SYS_C007792
--------------------------------------------------------

  CREATE UNIQUE INDEX "SYS_C007792" ON "LESSON_RECRUITMENT" ("RECRUITMENT_NO") PCTFREE 10 INITRANS 2 MAXTRANS 255 COMPUTE STATISTICS  STORAGE(INITIAL 65536 NEXT 1048576 MINEXTENTS 1 MAXEXTENTS 2147483645 PCTINCREASE 0 FREELISTS 1 FREELIST GROUPS 1 BUFFER_POOL DEFAULT FLASH_CACHE DEFAULT CELL_FLASH_CACHE DEFAULT);
--------------------------------------------------------
--  DDL for Index SYS_C007396
--------------------------------------------------------

  CREATE UNIQUE INDEX "SYS_C007396" ON "MATCH" ("MATCH_NO") PCTFREE 10 INITRANS 2 MAXTRANS 255 COMPUTE STATISTICS  STORAGE(INITIAL 65536 NEXT 1048576 MINEXTENTS 1 MAXEXTENTS 2147483645 PCTINCREASE 0 FREELISTS 1 FREELIST GROUPS 1 BUFFER_POOL DEFAULT FLASH_CACHE DEFAULT CELL_FLASH_CACHE DEFAULT);
--------------------------------------------------------
--  DDL for Index SYS_C007320
--------------------------------------------------------

  CREATE UNIQUE INDEX "SYS_C007320" ON "MEMBER" ("M_NO") PCTFREE 10 INITRANS 2 MAXTRANS 255 COMPUTE STATISTICS  STORAGE(INITIAL 65536 NEXT 1048576 MINEXTENTS 1 MAXEXTENTS 2147483645 PCTINCREASE 0 FREELISTS 1 FREELIST GROUPS 1 BUFFER_POOL DEFAULT FLASH_CACHE DEFAULT CELL_FLASH_CACHE DEFAULT);
--------------------------------------------------------
--  DDL for Index SYS_C007321
--------------------------------------------------------

  CREATE UNIQUE INDEX "SYS_C007321" ON "MEMBER" ("MID") PCTFREE 10 INITRANS 2 MAXTRANS 255 COMPUTE STATISTICS  STORAGE(INITIAL 65536 NEXT 1048576 MINEXTENTS 1 MAXEXTENTS 2147483645 PCTINCREASE 0 FREELISTS 1 FREELIST GROUPS 1 BUFFER_POOL DEFAULT FLASH_CACHE DEFAULT CELL_FLASH_CACHE DEFAULT);
--------------------------------------------------------
--  DDL for Index SYS_C007322
--------------------------------------------------------

  CREATE UNIQUE INDEX "SYS_C007322" ON "MEMBER" ("NICKNAME") PCTFREE 10 INITRANS 2 MAXTRANS 255 COMPUTE STATISTICS  STORAGE(INITIAL 65536 NEXT 1048576 MINEXTENTS 1 MAXEXTENTS 2147483645 PCTINCREASE 0 FREELISTS 1 FREELIST GROUPS 1 BUFFER_POOL DEFAULT FLASH_CACHE DEFAULT CELL_FLASH_CACHE DEFAULT);
--------------------------------------------------------
--  DDL for Index SYS_C007323
--------------------------------------------------------

  CREATE UNIQUE INDEX "SYS_C007323" ON "MEMBER" ("EMAIL") PCTFREE 10 INITRANS 2 MAXTRANS 255 COMPUTE STATISTICS  STORAGE(INITIAL 65536 NEXT 1048576 MINEXTENTS 1 MAXEXTENTS 2147483645 PCTINCREASE 0 FREELISTS 1 FREELIST GROUPS 1 BUFFER_POOL DEFAULT FLASH_CACHE DEFAULT CELL_FLASH_CACHE DEFAULT);
--------------------------------------------------------
--  DDL for Index SYS_C007324
--------------------------------------------------------

  CREATE UNIQUE INDEX "SYS_C007324" ON "MEMBER" ("PHONE") PCTFREE 10 INITRANS 2 MAXTRANS 255 COMPUTE STATISTICS  STORAGE(INITIAL 65536 NEXT 1048576 MINEXTENTS 1 MAXEXTENTS 2147483645 PCTINCREASE 0 FREELISTS 1 FREELIST GROUPS 1 BUFFER_POOL DEFAULT FLASH_CACHE DEFAULT CELL_FLASH_CACHE DEFAULT);
--------------------------------------------------------
--  DDL for Index SYS_C007462
--------------------------------------------------------

  CREATE UNIQUE INDEX "SYS_C007462" ON "MEMBER_DETAIL" ("MEMBER") PCTFREE 10 INITRANS 2 MAXTRANS 255 COMPUTE STATISTICS  STORAGE(INITIAL 65536 NEXT 1048576 MINEXTENTS 1 MAXEXTENTS 2147483645 PCTINCREASE 0 FREELISTS 1 FREELIST GROUPS 1 BUFFER_POOL DEFAULT FLASH_CACHE DEFAULT CELL_FLASH_CACHE DEFAULT);
--------------------------------------------------------
--  DDL for Index SYS_C007225
--------------------------------------------------------

  CREATE UNIQUE INDEX "SYS_C007225" ON "NOTICEBOARD" ("B_NO") PCTFREE 10 INITRANS 2 MAXTRANS 255 COMPUTE STATISTICS  STORAGE(INITIAL 65536 NEXT 1048576 MINEXTENTS 1 MAXEXTENTS 2147483645 PCTINCREASE 0 FREELISTS 1 FREELIST GROUPS 1 BUFFER_POOL DEFAULT FLASH_CACHE DEFAULT CELL_FLASH_CACHE DEFAULT);
--------------------------------------------------------
--  DDL for Index SYS_C007414
--------------------------------------------------------

  CREATE UNIQUE INDEX "SYS_C007414" ON "PLAYER_RANKING" ("RANKING_NO") PCTFREE 10 INITRANS 2 MAXTRANS 255 COMPUTE STATISTICS  STORAGE(INITIAL 65536 NEXT 1048576 MINEXTENTS 1 MAXEXTENTS 2147483645 PCTINCREASE 0 FREELISTS 1 FREELIST GROUPS 1 BUFFER_POOL DEFAULT FLASH_CACHE DEFAULT CELL_FLASH_CACHE DEFAULT);
--------------------------------------------------------
--  DDL for Index SYS_C007464
--------------------------------------------------------

  CREATE UNIQUE INDEX "SYS_C007464" ON "PLAYER_RECORD" ("PLAYER") PCTFREE 10 INITRANS 2 MAXTRANS 255 COMPUTE STATISTICS  STORAGE(INITIAL 65536 NEXT 1048576 MINEXTENTS 1 MAXEXTENTS 2147483645 PCTINCREASE 0 FREELISTS 1 FREELIST GROUPS 1 BUFFER_POOL DEFAULT FLASH_CACHE DEFAULT CELL_FLASH_CACHE DEFAULT);
--------------------------------------------------------
--  DDL for Index SYS_C007550
--------------------------------------------------------

  CREATE UNIQUE INDEX "SYS_C007550" ON "QNABOARD" ("B_NO") PCTFREE 10 INITRANS 2 MAXTRANS 255 COMPUTE STATISTICS  STORAGE(INITIAL 65536 NEXT 1048576 MINEXTENTS 1 MAXEXTENTS 2147483645 PCTINCREASE 0 FREELISTS 1 FREELIST GROUPS 1 BUFFER_POOL DEFAULT FLASH_CACHE DEFAULT CELL_FLASH_CACHE DEFAULT);
--------------------------------------------------------
--  DDL for Index B_NO_PK
--------------------------------------------------------

  CREATE UNIQUE INDEX "B_NO_PK" ON "RECRUIT_TEAMMEMBOARD" ("B_NO") PCTFREE 10 INITRANS 2 MAXTRANS 255 COMPUTE STATISTICS  STORAGE(INITIAL 65536 NEXT 1048576 MINEXTENTS 1 MAXEXTENTS 2147483645 PCTINCREASE 0 FREELISTS 1 FREELIST GROUPS 1 BUFFER_POOL DEFAULT FLASH_CACHE DEFAULT CELL_FLASH_CACHE DEFAULT);
--------------------------------------------------------
--  DDL for Index SYS_C007383
--------------------------------------------------------

  CREATE UNIQUE INDEX "SYS_C007383" ON "RESERVATION" ("RESERVATION_NO") PCTFREE 10 INITRANS 2 MAXTRANS 255 COMPUTE STATISTICS  STORAGE(INITIAL 65536 NEXT 1048576 MINEXTENTS 1 MAXEXTENTS 2147483645 PCTINCREASE 0 FREELISTS 1 FREELIST GROUPS 1 BUFFER_POOL DEFAULT FLASH_CACHE DEFAULT CELL_FLASH_CACHE DEFAULT);
--------------------------------------------------------
--  DDL for Index SYS_C007389
--------------------------------------------------------

  CREATE UNIQUE INDEX "SYS_C007389" ON "SALE" ("SALE_NO") PCTFREE 10 INITRANS 2 MAXTRANS 255 COMPUTE STATISTICS  STORAGE(INITIAL 65536 NEXT 1048576 MINEXTENTS 1 MAXEXTENTS 2147483645 PCTINCREASE 0 FREELISTS 1 FREELIST GROUPS 1 BUFFER_POOL DEFAULT FLASH_CACHE DEFAULT CELL_FLASH_CACHE DEFAULT);
--------------------------------------------------------
--  DDL for Index SYS_C007245
--------------------------------------------------------

  CREATE UNIQUE INDEX "SYS_C007245" ON "SIDO" ("SIDO_ID") PCTFREE 10 INITRANS 2 MAXTRANS 255 COMPUTE STATISTICS  STORAGE(INITIAL 65536 NEXT 1048576 MINEXTENTS 1 MAXEXTENTS 2147483645 PCTINCREASE 0 FREELISTS 1 FREELIST GROUPS 1 BUFFER_POOL DEFAULT FLASH_CACHE DEFAULT CELL_FLASH_CACHE DEFAULT);
--------------------------------------------------------
--  DDL for Index PK_SIGUNGU
--------------------------------------------------------

  CREATE UNIQUE INDEX "PK_SIGUNGU" ON "SIGUNGU" ("SIGUNGU_ID") PCTFREE 10 INITRANS 2 MAXTRANS 255 COMPUTE STATISTICS  STORAGE(INITIAL 65536 NEXT 1048576 MINEXTENTS 1 MAXEXTENTS 2147483645 PCTINCREASE 0 FREELISTS 1 FREELIST GROUPS 1 BUFFER_POOL DEFAULT FLASH_CACHE DEFAULT CELL_FLASH_CACHE DEFAULT);
--------------------------------------------------------
--  DDL for Index SYS_C007246
--------------------------------------------------------

  CREATE UNIQUE INDEX "SYS_C007246" ON "SIGUNGU(tmp)" ("SIGUNGU_ID") PCTFREE 10 INITRANS 2 MAXTRANS 255 COMPUTE STATISTICS  STORAGE(INITIAL 65536 NEXT 1048576 MINEXTENTS 1 MAXEXTENTS 2147483645 PCTINCREASE 0 FREELISTS 1 FREELIST GROUPS 1 BUFFER_POOL DEFAULT FLASH_CACHE DEFAULT CELL_FLASH_CACHE DEFAULT);
--------------------------------------------------------
--  DDL for Index SYS_C007380
--------------------------------------------------------

  CREATE UNIQUE INDEX "SYS_C007380" ON "STADIUM" ("STADIUM_NO") PCTFREE 10 INITRANS 2 MAXTRANS 255 COMPUTE STATISTICS  STORAGE(INITIAL 65536 NEXT 1048576 MINEXTENTS 1 MAXEXTENTS 2147483645 PCTINCREASE 0 FREELISTS 1 FREELIST GROUPS 1 BUFFER_POOL DEFAULT FLASH_CACHE DEFAULT CELL_FLASH_CACHE DEFAULT);
--------------------------------------------------------
--  DDL for Index SYS_C007402
--------------------------------------------------------

  CREATE UNIQUE INDEX "SYS_C007402" ON "STADIUM_YANGDO" ("YANGDO_NO") PCTFREE 10 INITRANS 2 MAXTRANS 255 COMPUTE STATISTICS  STORAGE(INITIAL 65536 NEXT 1048576 MINEXTENTS 1 MAXEXTENTS 2147483645 PCTINCREASE 0 FREELISTS 1 FREELIST GROUPS 1 BUFFER_POOL DEFAULT FLASH_CACHE DEFAULT CELL_FLASH_CACHE DEFAULT);
--------------------------------------------------------
--  DDL for Index SYS_C007761
--------------------------------------------------------

  CREATE UNIQUE INDEX "SYS_C007761" ON "TEAM" ("TEAM_NO") PCTFREE 10 INITRANS 2 MAXTRANS 255 COMPUTE STATISTICS  STORAGE(INITIAL 65536 NEXT 1048576 MINEXTENTS 1 MAXEXTENTS 2147483645 PCTINCREASE 0 FREELISTS 1 FREELIST GROUPS 1 BUFFER_POOL DEFAULT FLASH_CACHE DEFAULT CELL_FLASH_CACHE DEFAULT);
--------------------------------------------------------
--  DDL for Index UNIQUE_NAME
--------------------------------------------------------

  CREATE UNIQUE INDEX "UNIQUE_NAME" ON "TEAM" ("TEAM_NAME") PCTFREE 10 INITRANS 2 MAXTRANS 255 COMPUTE STATISTICS  STORAGE(INITIAL 65536 NEXT 1048576 MINEXTENTS 1 MAXEXTENTS 2147483645 PCTINCREASE 0 FREELISTS 1 FREELIST GROUPS 1 BUFFER_POOL DEFAULT FLASH_CACHE DEFAULT CELL_FLASH_CACHE DEFAULT);
--------------------------------------------------------
--  DDL for Index UNIQUE_TEAM_NUMBER
--------------------------------------------------------

  CREATE UNIQUE INDEX "UNIQUE_TEAM_NUMBER" ON "TEAM_MEMBER" ("TEAM_MEMBER") PCTFREE 10 INITRANS 2 MAXTRANS 255 COMPUTE STATISTICS  STORAGE(INITIAL 65536 NEXT 1048576 MINEXTENTS 1 MAXEXTENTS 2147483645 PCTINCREASE 0 FREELISTS 1 FREELIST GROUPS 1 BUFFER_POOL DEFAULT FLASH_CACHE DEFAULT CELL_FLASH_CACHE DEFAULT);
--------------------------------------------------------
--  DDL for Index SYS_C007412
--------------------------------------------------------

  CREATE UNIQUE INDEX "SYS_C007412" ON "TEAM_RANKING" ("RANKING_NO") PCTFREE 10 INITRANS 2 MAXTRANS 255 COMPUTE STATISTICS  STORAGE(INITIAL 65536 NEXT 1048576 MINEXTENTS 1 MAXEXTENTS 2147483645 PCTINCREASE 0 FREELISTS 1 FREELIST GROUPS 1 BUFFER_POOL DEFAULT FLASH_CACHE DEFAULT CELL_FLASH_CACHE DEFAULT);
--------------------------------------------------------
--  DDL for Index SYS_C007404
--------------------------------------------------------

  CREATE UNIQUE INDEX "SYS_C007404" ON "TEAM_RECORD" ("TEAM_RECORD_NO") PCTFREE 10 INITRANS 2 MAXTRANS 255 COMPUTE STATISTICS  STORAGE(INITIAL 65536 NEXT 1048576 MINEXTENTS 1 MAXEXTENTS 2147483645 PCTINCREASE 0 FREELISTS 1 FREELIST GROUPS 1 BUFFER_POOL DEFAULT FLASH_CACHE DEFAULT CELL_FLASH_CACHE DEFAULT);
--------------------------------------------------------
--  DDL for Index SYS_C007378
--------------------------------------------------------

  CREATE UNIQUE INDEX "SYS_C007378" ON "TIME_TABLE" ("TIME_NO") PCTFREE 10 INITRANS 2 MAXTRANS 255 COMPUTE STATISTICS  STORAGE(INITIAL 65536 NEXT 1048576 MINEXTENTS 1 MAXEXTENTS 2147483645 PCTINCREASE 0 FREELISTS 1 FREELIST GROUPS 1 BUFFER_POOL DEFAULT FLASH_CACHE DEFAULT CELL_FLASH_CACHE DEFAULT);
--------------------------------------------------------
--  DDL for Index UNIQUE_M_NO
--------------------------------------------------------

  CREATE UNIQUE INDEX "UNIQUE_M_NO" ON "WAITING_TEAMREG" ("NAME") PCTFREE 10 INITRANS 2 MAXTRANS 255 COMPUTE STATISTICS  STORAGE(INITIAL 65536 NEXT 1048576 MINEXTENTS 1 MAXEXTENTS 2147483645 PCTINCREASE 0 FREELISTS 1 FREELIST GROUPS 1 BUFFER_POOL DEFAULT FLASH_CACHE DEFAULT CELL_FLASH_CACHE DEFAULT);
--------------------------------------------------------
--  Constraints for Table BOOKING
--------------------------------------------------------

  ALTER TABLE "BOOKING" MODIFY ("M_NO" NOT NULL ENABLE);
  ALTER TABLE "BOOKING" ADD CONSTRAINT "UC_BOOKING_STADIUM_DATE_TIME" UNIQUE ("STADIUM_NO", "BOOKING_DATE", "TIME_SLOT") USING INDEX PCTFREE 10 INITRANS 2 MAXTRANS 255 COMPUTE STATISTICS  STORAGE(INITIAL 65536 NEXT 1048576 MINEXTENTS 1 MAXEXTENTS 2147483645 PCTINCREASE 0 FREELISTS 1 FREELIST GROUPS 1 BUFFER_POOL DEFAULT FLASH_CACHE DEFAULT CELL_FLASH_CACHE DEFAULT) ENABLE;
  ALTER TABLE "BOOKING" ADD PRIMARY KEY ("BOOKING_NO") USING INDEX PCTFREE 10 INITRANS 2 MAXTRANS 255 COMPUTE STATISTICS  STORAGE(INITIAL 65536 NEXT 1048576 MINEXTENTS 1 MAXEXTENTS 2147483645 PCTINCREASE 0 FREELISTS 1 FREELIST GROUPS 1 BUFFER_POOL DEFAULT FLASH_CACHE DEFAULT CELL_FLASH_CACHE DEFAULT) ENABLE;
  ALTER TABLE "BOOKING" MODIFY ("TIME_SLOT" NOT NULL ENABLE);
  ALTER TABLE "BOOKING" MODIFY ("BOOKING_DATE" NOT NULL ENABLE);
  ALTER TABLE "BOOKING" MODIFY ("STADIUM_NO" NOT NULL ENABLE);
--------------------------------------------------------
--  Constraints for Table BUY
--------------------------------------------------------

  ALTER TABLE "BUY" ADD PRIMARY KEY ("BUY_NO") USING INDEX PCTFREE 10 INITRANS 2 MAXTRANS 255 COMPUTE STATISTICS  STORAGE(INITIAL 65536 NEXT 1048576 MINEXTENTS 1 MAXEXTENTS 2147483645 PCTINCREASE 0 FREELISTS 1 FREELIST GROUPS 1 BUFFER_POOL DEFAULT FLASH_CACHE DEFAULT CELL_FLASH_CACHE DEFAULT) ENABLE;
--------------------------------------------------------
--  Constraints for Table CUSTOMERSERVICE
--------------------------------------------------------

  ALTER TABLE "CUSTOMERSERVICE" MODIFY ("CUSTOMERSERVICE_CONTENT" NOT NULL ENABLE);
  ALTER TABLE "CUSTOMERSERVICE" MODIFY ("CUSTOMERSERVICE_SUBJECT" NOT NULL ENABLE);
  ALTER TABLE "CUSTOMERSERVICE" MODIFY ("CUSTOMERSERVICE_CATEGORYNO" NOT NULL ENABLE);
--------------------------------------------------------
--  Constraints for Table CUSTOMERSERVICE_CATEGORY
--------------------------------------------------------

  ALTER TABLE "CUSTOMERSERVICE_CATEGORY" ADD PRIMARY KEY ("CUSTOMERSERVICE_CATEGORYNO") USING INDEX PCTFREE 10 INITRANS 2 MAXTRANS 255 COMPUTE STATISTICS  STORAGE(INITIAL 65536 NEXT 1048576 MINEXTENTS 1 MAXEXTENTS 2147483645 PCTINCREASE 0 FREELISTS 1 FREELIST GROUPS 1 BUFFER_POOL DEFAULT FLASH_CACHE DEFAULT CELL_FLASH_CACHE DEFAULT) ENABLE;
  ALTER TABLE "CUSTOMERSERVICE_CATEGORY" MODIFY ("CUSTOMERSERVICE_CATEGORYNAME" NOT NULL ENABLE);
  ALTER TABLE "CUSTOMERSERVICE_CATEGORY" MODIFY ("CUSTOMERSERVICE_CATEGORYNO" NOT NULL ENABLE);
--------------------------------------------------------
--  Constraints for Table DAY_OF_WEEK
--------------------------------------------------------

  ALTER TABLE "DAY_OF_WEEK" ADD PRIMARY KEY ("DAY_NO") USING INDEX PCTFREE 10 INITRANS 2 MAXTRANS 255 COMPUTE STATISTICS  STORAGE(INITIAL 65536 NEXT 1048576 MINEXTENTS 1 MAXEXTENTS 2147483645 PCTINCREASE 0 FREELISTS 1 FREELIST GROUPS 1 BUFFER_POOL DEFAULT FLASH_CACHE DEFAULT CELL_FLASH_CACHE DEFAULT) ENABLE;
  ALTER TABLE "DAY_OF_WEEK" MODIFY ("DAY_NAME" NOT NULL ENABLE);
--------------------------------------------------------
--  Constraints for Table FREE_SHARING
--------------------------------------------------------

  ALTER TABLE "FREE_SHARING" ADD PRIMARY KEY ("FREE_SHARING_NO") USING INDEX PCTFREE 10 INITRANS 2 MAXTRANS 255 COMPUTE STATISTICS  STORAGE(INITIAL 65536 NEXT 1048576 MINEXTENTS 1 MAXEXTENTS 2147483645 PCTINCREASE 0 FREELISTS 1 FREELIST GROUPS 1 BUFFER_POOL DEFAULT FLASH_CACHE DEFAULT CELL_FLASH_CACHE DEFAULT) ENABLE;
--------------------------------------------------------
--  Constraints for Table FREE_SHARING_COMMENT
--------------------------------------------------------

  ALTER TABLE "FREE_SHARING_COMMENT" ADD PRIMARY KEY ("COMMENT_NO") USING INDEX PCTFREE 10 INITRANS 2 MAXTRANS 255 COMPUTE STATISTICS  STORAGE(INITIAL 65536 NEXT 1048576 MINEXTENTS 1 MAXEXTENTS 2147483645 PCTINCREASE 0 FREELISTS 1 FREELIST GROUPS 1 BUFFER_POOL DEFAULT FLASH_CACHE DEFAULT CELL_FLASH_CACHE DEFAULT) ENABLE;
--------------------------------------------------------
--  Constraints for Table FREEBOARD
--------------------------------------------------------

  ALTER TABLE "FREEBOARD" ADD PRIMARY KEY ("B_NO") USING INDEX PCTFREE 10 INITRANS 2 MAXTRANS 255 COMPUTE STATISTICS  STORAGE(INITIAL 65536 NEXT 1048576 MINEXTENTS 1 MAXEXTENTS 2147483645 PCTINCREASE 0 FREELISTS 1 FREELIST GROUPS 1 BUFFER_POOL DEFAULT FLASH_CACHE DEFAULT CELL_FLASH_CACHE DEFAULT) ENABLE;
  ALTER TABLE "FREEBOARD" MODIFY ("CONTENT" NOT NULL ENABLE);
  ALTER TABLE "FREEBOARD" MODIFY ("WRITER" NOT NULL ENABLE);
  ALTER TABLE "FREEBOARD" MODIFY ("SUBJECT" NOT NULL ENABLE);
--------------------------------------------------------
--  Constraints for Table FREEBOARD_COMMENT
--------------------------------------------------------

  ALTER TABLE "FREEBOARD_COMMENT" ADD PRIMARY KEY ("COMMENT_NO") USING INDEX PCTFREE 10 INITRANS 2 MAXTRANS 255 COMPUTE STATISTICS  STORAGE(INITIAL 65536 NEXT 1048576 MINEXTENTS 1 MAXEXTENTS 2147483645 PCTINCREASE 0 FREELISTS 1 FREELIST GROUPS 1 BUFFER_POOL DEFAULT FLASH_CACHE DEFAULT CELL_FLASH_CACHE DEFAULT) ENABLE;
  ALTER TABLE "FREEBOARD_COMMENT" MODIFY ("PRINT_LEVEL" NOT NULL ENABLE);
  ALTER TABLE "FREEBOARD_COMMENT" MODIFY ("PRINT_NO" NOT NULL ENABLE);
  ALTER TABLE "FREEBOARD_COMMENT" MODIFY ("GROUP_NO" NOT NULL ENABLE);
  ALTER TABLE "FREEBOARD_COMMENT" MODIFY ("CONTENT" NOT NULL ENABLE);
  ALTER TABLE "FREEBOARD_COMMENT" MODIFY ("NICK_NAME" NOT NULL ENABLE);
  ALTER TABLE "FREEBOARD_COMMENT" MODIFY ("B_NO" NOT NULL ENABLE);
  ALTER TABLE "FREEBOARD_COMMENT" MODIFY ("COMMENT_NO" NOT NULL ENABLE);
--------------------------------------------------------
--  Constraints for Table HIRED_RECRUITMENT
--------------------------------------------------------

  ALTER TABLE "HIRED_RECRUITMENT" MODIFY ("CONTENT" NOT NULL ENABLE);
  ALTER TABLE "HIRED_RECRUITMENT" MODIFY ("TITLE" NOT NULL ENABLE);
  ALTER TABLE "HIRED_RECRUITMENT" ADD CONSTRAINT "PK_RECRUITMENT_NO" PRIMARY KEY ("RECRUITMENT_NO") USING INDEX PCTFREE 10 INITRANS 2 MAXTRANS 255 COMPUTE STATISTICS  STORAGE(INITIAL 65536 NEXT 1048576 MINEXTENTS 1 MAXEXTENTS 2147483645 PCTINCREASE 0 FREELISTS 1 FREELIST GROUPS 1 BUFFER_POOL DEFAULT FLASH_CACHE DEFAULT CELL_FLASH_CACHE DEFAULT) ENABLE;
--------------------------------------------------------
--  Constraints for Table HIRED_TEST
--------------------------------------------------------

  ALTER TABLE "HIRED_TEST" MODIFY ("CONTENT" NOT NULL ENABLE);
  ALTER TABLE "HIRED_TEST" MODIFY ("WRITER" NOT NULL ENABLE);
  ALTER TABLE "HIRED_TEST" MODIFY ("TITLE" NOT NULL ENABLE);
--------------------------------------------------------
--  Constraints for Table HIREDBOARD_DAY
--------------------------------------------------------

  ALTER TABLE "HIREDBOARD_DAY" MODIFY ("DAY" NOT NULL ENABLE);
  ALTER TABLE "HIREDBOARD_DAY" MODIFY ("RECRUITMENT_NO" NOT NULL ENABLE);
--------------------------------------------------------
--  Constraints for Table HIREDBOARD_TIME
--------------------------------------------------------

  ALTER TABLE "HIREDBOARD_TIME" MODIFY ("TIME" NOT NULL ENABLE);
  ALTER TABLE "HIREDBOARD_TIME" MODIFY ("RECRUITMENT_NO" NOT NULL ENABLE);
--------------------------------------------------------
--  Constraints for Table IMAGEBOARD
--------------------------------------------------------

  ALTER TABLE "IMAGEBOARD" MODIFY ("CONTENT" NOT NULL ENABLE);
  ALTER TABLE "IMAGEBOARD" MODIFY ("WRITER" NOT NULL ENABLE);
  ALTER TABLE "IMAGEBOARD" MODIFY ("SUBJECT" NOT NULL ENABLE);
  ALTER TABLE "IMAGEBOARD" MODIFY ("B_NO" NOT NULL ENABLE);
--------------------------------------------------------
--  Constraints for Table LESSON_RECRUITMENT
--------------------------------------------------------

  ALTER TABLE "LESSON_RECRUITMENT" ADD PRIMARY KEY ("RECRUITMENT_NO") USING INDEX PCTFREE 10 INITRANS 2 MAXTRANS 255 COMPUTE STATISTICS  STORAGE(INITIAL 65536 NEXT 1048576 MINEXTENTS 1 MAXEXTENTS 2147483645 PCTINCREASE 0 FREELISTS 1 FREELIST GROUPS 1 BUFFER_POOL DEFAULT FLASH_CACHE DEFAULT CELL_FLASH_CACHE DEFAULT) ENABLE;
  ALTER TABLE "LESSON_RECRUITMENT" MODIFY ("MONEY" NOT NULL ENABLE);
  ALTER TABLE "LESSON_RECRUITMENT" MODIFY ("CONTENT" NOT NULL ENABLE);
  ALTER TABLE "LESSON_RECRUITMENT" MODIFY ("NICKNAME" NOT NULL ENABLE);
  ALTER TABLE "LESSON_RECRUITMENT" MODIFY ("TITLE" NOT NULL ENABLE);
  ALTER TABLE "LESSON_RECRUITMENT" MODIFY ("RECRUITMENT_NO" NOT NULL ENABLE);
--------------------------------------------------------
--  Constraints for Table LESSONBOARD_DAY
--------------------------------------------------------

  ALTER TABLE "LESSONBOARD_DAY" MODIFY ("DAY" NOT NULL ENABLE);
  ALTER TABLE "LESSONBOARD_DAY" MODIFY ("RECRUITMENT_NO" NOT NULL ENABLE);
--------------------------------------------------------
--  Constraints for Table LESSONBOARD_TIME
--------------------------------------------------------

  ALTER TABLE "LESSONBOARD_TIME" MODIFY ("TIME" NOT NULL ENABLE);
  ALTER TABLE "LESSONBOARD_TIME" MODIFY ("RECRUITMENT_NO" NOT NULL ENABLE);
--------------------------------------------------------
--  Constraints for Table MATCH
--------------------------------------------------------

  ALTER TABLE "MATCH" ADD PRIMARY KEY ("MATCH_NO") USING INDEX PCTFREE 10 INITRANS 2 MAXTRANS 255 COMPUTE STATISTICS  STORAGE(INITIAL 65536 NEXT 1048576 MINEXTENTS 1 MAXEXTENTS 2147483645 PCTINCREASE 0 FREELISTS 1 FREELIST GROUPS 1 BUFFER_POOL DEFAULT FLASH_CACHE DEFAULT CELL_FLASH_CACHE DEFAULT) ENABLE;
--------------------------------------------------------
--  Constraints for Table MATCH_DAY
--------------------------------------------------------

  ALTER TABLE "MATCH_DAY" MODIFY ("TEAM2" NOT NULL ENABLE);
  ALTER TABLE "MATCH_DAY" MODIFY ("TEAM1" NOT NULL ENABLE);
  ALTER TABLE "MATCH_DAY" MODIFY ("MATCH_NO" NOT NULL ENABLE);
--------------------------------------------------------
--  Constraints for Table MEMBER
--------------------------------------------------------

  ALTER TABLE "MEMBER" ADD UNIQUE ("PHONE") USING INDEX PCTFREE 10 INITRANS 2 MAXTRANS 255 COMPUTE STATISTICS  STORAGE(INITIAL 65536 NEXT 1048576 MINEXTENTS 1 MAXEXTENTS 2147483645 PCTINCREASE 0 FREELISTS 1 FREELIST GROUPS 1 BUFFER_POOL DEFAULT FLASH_CACHE DEFAULT CELL_FLASH_CACHE DEFAULT) ENABLE;
  ALTER TABLE "MEMBER" ADD UNIQUE ("EMAIL") USING INDEX PCTFREE 10 INITRANS 2 MAXTRANS 255 COMPUTE STATISTICS  STORAGE(INITIAL 65536 NEXT 1048576 MINEXTENTS 1 MAXEXTENTS 2147483645 PCTINCREASE 0 FREELISTS 1 FREELIST GROUPS 1 BUFFER_POOL DEFAULT FLASH_CACHE DEFAULT CELL_FLASH_CACHE DEFAULT) ENABLE;
  ALTER TABLE "MEMBER" ADD UNIQUE ("NICKNAME") USING INDEX PCTFREE 10 INITRANS 2 MAXTRANS 255 COMPUTE STATISTICS  STORAGE(INITIAL 65536 NEXT 1048576 MINEXTENTS 1 MAXEXTENTS 2147483645 PCTINCREASE 0 FREELISTS 1 FREELIST GROUPS 1 BUFFER_POOL DEFAULT FLASH_CACHE DEFAULT CELL_FLASH_CACHE DEFAULT) ENABLE;
  ALTER TABLE "MEMBER" ADD UNIQUE ("MID") USING INDEX PCTFREE 10 INITRANS 2 MAXTRANS 255 COMPUTE STATISTICS  STORAGE(INITIAL 65536 NEXT 1048576 MINEXTENTS 1 MAXEXTENTS 2147483645 PCTINCREASE 0 FREELISTS 1 FREELIST GROUPS 1 BUFFER_POOL DEFAULT FLASH_CACHE DEFAULT CELL_FLASH_CACHE DEFAULT) ENABLE;
  ALTER TABLE "MEMBER" ADD PRIMARY KEY ("M_NO") USING INDEX PCTFREE 10 INITRANS 2 MAXTRANS 255 COMPUTE STATISTICS  STORAGE(INITIAL 65536 NEXT 1048576 MINEXTENTS 1 MAXEXTENTS 2147483645 PCTINCREASE 0 FREELISTS 1 FREELIST GROUPS 1 BUFFER_POOL DEFAULT FLASH_CACHE DEFAULT CELL_FLASH_CACHE DEFAULT) ENABLE;
  ALTER TABLE "MEMBER" ADD CHECK (Gender IN ('남', '여')) ENABLE;
  ALTER TABLE "MEMBER" MODIFY ("DETAIL_ADDRESS" NOT NULL ENABLE);
  ALTER TABLE "MEMBER" MODIFY ("SIGUNGU_ID" NOT NULL ENABLE);
  ALTER TABLE "MEMBER" MODIFY ("SIDO_ID" NOT NULL ENABLE);
  ALTER TABLE "MEMBER" MODIFY ("GENDER" NOT NULL ENABLE);
  ALTER TABLE "MEMBER" MODIFY ("PHONE" NOT NULL ENABLE);
  ALTER TABLE "MEMBER" MODIFY ("BIRTHDATE" NOT NULL ENABLE);
  ALTER TABLE "MEMBER" MODIFY ("EMAIL" NOT NULL ENABLE);
  ALTER TABLE "MEMBER" MODIFY ("NICKNAME" NOT NULL ENABLE);
  ALTER TABLE "MEMBER" MODIFY ("PASSWORD" NOT NULL ENABLE);
  ALTER TABLE "MEMBER" MODIFY ("MID" NOT NULL ENABLE);
  ALTER TABLE "MEMBER" MODIFY ("NAME" NOT NULL ENABLE);
--------------------------------------------------------
--  Constraints for Table MEMBER_DETAIL
--------------------------------------------------------

  ALTER TABLE "MEMBER_DETAIL" ADD PRIMARY KEY ("MEMBER") USING INDEX PCTFREE 10 INITRANS 2 MAXTRANS 255 COMPUTE STATISTICS  STORAGE(INITIAL 65536 NEXT 1048576 MINEXTENTS 1 MAXEXTENTS 2147483645 PCTINCREASE 0 FREELISTS 1 FREELIST GROUPS 1 BUFFER_POOL DEFAULT FLASH_CACHE DEFAULT CELL_FLASH_CACHE DEFAULT) ENABLE;
--------------------------------------------------------
--  Constraints for Table NOTICEBOARD
--------------------------------------------------------

  ALTER TABLE "NOTICEBOARD" ADD PRIMARY KEY ("B_NO") USING INDEX PCTFREE 10 INITRANS 2 MAXTRANS 255 COMPUTE STATISTICS  STORAGE(INITIAL 65536 NEXT 1048576 MINEXTENTS 1 MAXEXTENTS 2147483645 PCTINCREASE 0 FREELISTS 1 FREELIST GROUPS 1 BUFFER_POOL DEFAULT FLASH_CACHE DEFAULT CELL_FLASH_CACHE DEFAULT) ENABLE;
  ALTER TABLE "NOTICEBOARD" MODIFY ("CONTENT" NOT NULL ENABLE);
  ALTER TABLE "NOTICEBOARD" MODIFY ("WRITER" NOT NULL ENABLE);
  ALTER TABLE "NOTICEBOARD" MODIFY ("SUBJECT" NOT NULL ENABLE);
--------------------------------------------------------
--  Constraints for Table PLAYER_RANKING
--------------------------------------------------------

  ALTER TABLE "PLAYER_RANKING" ADD PRIMARY KEY ("RANKING_NO") USING INDEX PCTFREE 10 INITRANS 2 MAXTRANS 255 COMPUTE STATISTICS  STORAGE(INITIAL 65536 NEXT 1048576 MINEXTENTS 1 MAXEXTENTS 2147483645 PCTINCREASE 0 FREELISTS 1 FREELIST GROUPS 1 BUFFER_POOL DEFAULT FLASH_CACHE DEFAULT CELL_FLASH_CACHE DEFAULT) ENABLE;
--------------------------------------------------------
--  Constraints for Table PLAYER_RECORD
--------------------------------------------------------

  ALTER TABLE "PLAYER_RECORD" ADD PRIMARY KEY ("PLAYER") USING INDEX PCTFREE 10 INITRANS 2 MAXTRANS 255 COMPUTE STATISTICS  STORAGE(INITIAL 65536 NEXT 1048576 MINEXTENTS 1 MAXEXTENTS 2147483645 PCTINCREASE 0 FREELISTS 1 FREELIST GROUPS 1 BUFFER_POOL DEFAULT FLASH_CACHE DEFAULT CELL_FLASH_CACHE DEFAULT) ENABLE;
--------------------------------------------------------
--  Constraints for Table QNABOARD
--------------------------------------------------------

  ALTER TABLE "QNABOARD" ADD PRIMARY KEY ("B_NO") USING INDEX PCTFREE 10 INITRANS 2 MAXTRANS 255 COMPUTE STATISTICS  STORAGE(INITIAL 65536 NEXT 1048576 MINEXTENTS 1 MAXEXTENTS 2147483645 PCTINCREASE 0 FREELISTS 1 FREELIST GROUPS 1 BUFFER_POOL DEFAULT FLASH_CACHE DEFAULT CELL_FLASH_CACHE DEFAULT) ENABLE;
  ALTER TABLE "QNABOARD" MODIFY ("CONTENT" NOT NULL ENABLE);
  ALTER TABLE "QNABOARD" MODIFY ("WRITER" NOT NULL ENABLE);
  ALTER TABLE "QNABOARD" MODIFY ("SUBJECT" NOT NULL ENABLE);
--------------------------------------------------------
--  Constraints for Table QNABOARD_COMMENT
--------------------------------------------------------

  ALTER TABLE "QNABOARD_COMMENT" ADD CONSTRAINT "PRIMARY_KEY" PRIMARY KEY ("BC_NO") DISABLE;
  ALTER TABLE "QNABOARD_COMMENT" MODIFY ("CONTENT" NOT NULL ENABLE);
  ALTER TABLE "QNABOARD_COMMENT" MODIFY ("WRITER" NOT NULL ENABLE);
  ALTER TABLE "QNABOARD_COMMENT" MODIFY ("BC_NO" NOT NULL ENABLE);
--------------------------------------------------------
--  Constraints for Table RECRUIT_TEAMMEMBOARD
--------------------------------------------------------

  ALTER TABLE "RECRUIT_TEAMMEMBOARD" MODIFY ("TEAM_MEM" NOT NULL ENABLE);
  ALTER TABLE "RECRUIT_TEAMMEMBOARD" MODIFY ("CONTENT" NOT NULL ENABLE);
  ALTER TABLE "RECRUIT_TEAMMEMBOARD" MODIFY ("TITLE" NOT NULL ENABLE);
  ALTER TABLE "RECRUIT_TEAMMEMBOARD" MODIFY ("B_NO" NOT NULL ENABLE);
  ALTER TABLE "RECRUIT_TEAMMEMBOARD" ADD CONSTRAINT "B_NO_PK" PRIMARY KEY ("B_NO") USING INDEX PCTFREE 10 INITRANS 2 MAXTRANS 255 COMPUTE STATISTICS  STORAGE(INITIAL 65536 NEXT 1048576 MINEXTENTS 1 MAXEXTENTS 2147483645 PCTINCREASE 0 FREELISTS 1 FREELIST GROUPS 1 BUFFER_POOL DEFAULT FLASH_CACHE DEFAULT CELL_FLASH_CACHE DEFAULT) ENABLE;
--------------------------------------------------------
--  Constraints for Table RESERVATION
--------------------------------------------------------

  ALTER TABLE "RESERVATION" ADD PRIMARY KEY ("RESERVATION_NO") USING INDEX PCTFREE 10 INITRANS 2 MAXTRANS 255 COMPUTE STATISTICS  STORAGE(INITIAL 65536 NEXT 1048576 MINEXTENTS 1 MAXEXTENTS 2147483645 PCTINCREASE 0 FREELISTS 1 FREELIST GROUPS 1 BUFFER_POOL DEFAULT FLASH_CACHE DEFAULT CELL_FLASH_CACHE DEFAULT) ENABLE;
--------------------------------------------------------
--  Constraints for Table SALE
--------------------------------------------------------

  ALTER TABLE "SALE" ADD PRIMARY KEY ("SALE_NO") USING INDEX PCTFREE 10 INITRANS 2 MAXTRANS 255 COMPUTE STATISTICS  STORAGE(INITIAL 65536 NEXT 1048576 MINEXTENTS 1 MAXEXTENTS 2147483645 PCTINCREASE 0 FREELISTS 1 FREELIST GROUPS 1 BUFFER_POOL DEFAULT FLASH_CACHE DEFAULT CELL_FLASH_CACHE DEFAULT) ENABLE;
--------------------------------------------------------
--  Constraints for Table SIDO
--------------------------------------------------------

  ALTER TABLE "SIDO" ADD PRIMARY KEY ("SIDO_ID") USING INDEX PCTFREE 10 INITRANS 2 MAXTRANS 255 COMPUTE STATISTICS  STORAGE(INITIAL 65536 NEXT 1048576 MINEXTENTS 1 MAXEXTENTS 2147483645 PCTINCREASE 0 FREELISTS 1 FREELIST GROUPS 1 BUFFER_POOL DEFAULT FLASH_CACHE DEFAULT CELL_FLASH_CACHE DEFAULT) ENABLE;
--------------------------------------------------------
--  Constraints for Table SIGUNGU
--------------------------------------------------------

  ALTER TABLE "SIGUNGU" ADD CONSTRAINT "PK_SIGUNGU" PRIMARY KEY ("SIGUNGU_ID") USING INDEX PCTFREE 10 INITRANS 2 MAXTRANS 255 COMPUTE STATISTICS  STORAGE(INITIAL 65536 NEXT 1048576 MINEXTENTS 1 MAXEXTENTS 2147483645 PCTINCREASE 0 FREELISTS 1 FREELIST GROUPS 1 BUFFER_POOL DEFAULT FLASH_CACHE DEFAULT CELL_FLASH_CACHE DEFAULT) ENABLE;
  ALTER TABLE "SIGUNGU" MODIFY ("SIGUNGU_ID" NOT NULL ENABLE);
--------------------------------------------------------
--  Constraints for Table SIGUNGU(tmp)
--------------------------------------------------------

  ALTER TABLE "SIGUNGU(tmp)" ADD PRIMARY KEY ("SIGUNGU_ID") USING INDEX PCTFREE 10 INITRANS 2 MAXTRANS 255 COMPUTE STATISTICS  STORAGE(INITIAL 65536 NEXT 1048576 MINEXTENTS 1 MAXEXTENTS 2147483645 PCTINCREASE 0 FREELISTS 1 FREELIST GROUPS 1 BUFFER_POOL DEFAULT FLASH_CACHE DEFAULT CELL_FLASH_CACHE DEFAULT) ENABLE;
--------------------------------------------------------
--  Constraints for Table STADIUM
--------------------------------------------------------

  ALTER TABLE "STADIUM" ADD PRIMARY KEY ("STADIUM_NO") USING INDEX PCTFREE 10 INITRANS 2 MAXTRANS 255 COMPUTE STATISTICS  STORAGE(INITIAL 65536 NEXT 1048576 MINEXTENTS 1 MAXEXTENTS 2147483645 PCTINCREASE 0 FREELISTS 1 FREELIST GROUPS 1 BUFFER_POOL DEFAULT FLASH_CACHE DEFAULT CELL_FLASH_CACHE DEFAULT) ENABLE;
  ALTER TABLE "STADIUM" MODIFY ("STADIUM_NAME" NOT NULL ENABLE);
  ALTER TABLE "STADIUM" ADD CHECK ( STADIUM_STATUS IN ('사용가능', '이용불가') ) ENABLE;
  ALTER TABLE "STADIUM" MODIFY ("SIGUNGU_NAME" NOT NULL ENABLE);
  ALTER TABLE "STADIUM" MODIFY ("SIDO_NAME" NOT NULL ENABLE);
--------------------------------------------------------
--  Constraints for Table STADIUM_YANGDO
--------------------------------------------------------

  ALTER TABLE "STADIUM_YANGDO" MODIFY ("REG_DATE" NOT NULL ENABLE);
  ALTER TABLE "STADIUM_YANGDO" MODIFY ("READCOUNT" NOT NULL ENABLE);
  ALTER TABLE "STADIUM_YANGDO" MODIFY ("CONTENT" NOT NULL ENABLE);
  ALTER TABLE "STADIUM_YANGDO" MODIFY ("WRITER" NOT NULL ENABLE);
  ALTER TABLE "STADIUM_YANGDO" MODIFY ("TITLE" NOT NULL ENABLE);
  ALTER TABLE "STADIUM_YANGDO" ADD CONSTRAINT "CK_STATUS" CHECK (STATUS IN ('양도중', '양도완료')) ENABLE;
  ALTER TABLE "STADIUM_YANGDO" MODIFY ("STATUS" NOT NULL ENABLE);
  ALTER TABLE "STADIUM_YANGDO" ADD PRIMARY KEY ("YANGDO_NO") USING INDEX PCTFREE 10 INITRANS 2 MAXTRANS 255 COMPUTE STATISTICS  STORAGE(INITIAL 65536 NEXT 1048576 MINEXTENTS 1 MAXEXTENTS 2147483645 PCTINCREASE 0 FREELISTS 1 FREELIST GROUPS 1 BUFFER_POOL DEFAULT FLASH_CACHE DEFAULT CELL_FLASH_CACHE DEFAULT) ENABLE;
  ALTER TABLE "STADIUM_YANGDO" MODIFY ("BOOKING_NO" NOT NULL ENABLE);
--------------------------------------------------------
--  Constraints for Table TEAM
--------------------------------------------------------

  ALTER TABLE "TEAM" ADD CONSTRAINT "UNIQUE_NAME" UNIQUE ("TEAM_NAME") USING INDEX PCTFREE 10 INITRANS 2 MAXTRANS 255 COMPUTE STATISTICS  STORAGE(INITIAL 65536 NEXT 1048576 MINEXTENTS 1 MAXEXTENTS 2147483645 PCTINCREASE 0 FREELISTS 1 FREELIST GROUPS 1 BUFFER_POOL DEFAULT FLASH_CACHE DEFAULT CELL_FLASH_CACHE DEFAULT) ENABLE;
  ALTER TABLE "TEAM" ADD PRIMARY KEY ("TEAM_NO") USING INDEX PCTFREE 10 INITRANS 2 MAXTRANS 255 COMPUTE STATISTICS  STORAGE(INITIAL 65536 NEXT 1048576 MINEXTENTS 1 MAXEXTENTS 2147483645 PCTINCREASE 0 FREELISTS 1 FREELIST GROUPS 1 BUFFER_POOL DEFAULT FLASH_CACHE DEFAULT CELL_FLASH_CACHE DEFAULT) ENABLE;
  ALTER TABLE "TEAM" MODIFY ("TEAM_NAME" NOT NULL ENABLE);
--------------------------------------------------------
--  Constraints for Table TEAM_MEMBER
--------------------------------------------------------

  ALTER TABLE "TEAM_MEMBER" ADD CONSTRAINT "UNIQUE_TEAM_NUMBER" UNIQUE ("TEAM_MEMBER") USING INDEX PCTFREE 10 INITRANS 2 MAXTRANS 255 COMPUTE STATISTICS  STORAGE(INITIAL 65536 NEXT 1048576 MINEXTENTS 1 MAXEXTENTS 2147483645 PCTINCREASE 0 FREELISTS 1 FREELIST GROUPS 1 BUFFER_POOL DEFAULT FLASH_CACHE DEFAULT CELL_FLASH_CACHE DEFAULT) ENABLE;
  ALTER TABLE "TEAM_MEMBER" MODIFY ("TEAM_MEMBER" NOT NULL ENABLE);
--------------------------------------------------------
--  Constraints for Table TEAM_RANKING
--------------------------------------------------------

  ALTER TABLE "TEAM_RANKING" ADD PRIMARY KEY ("RANKING_NO") USING INDEX PCTFREE 10 INITRANS 2 MAXTRANS 255 COMPUTE STATISTICS  STORAGE(INITIAL 65536 NEXT 1048576 MINEXTENTS 1 MAXEXTENTS 2147483645 PCTINCREASE 0 FREELISTS 1 FREELIST GROUPS 1 BUFFER_POOL DEFAULT FLASH_CACHE DEFAULT CELL_FLASH_CACHE DEFAULT) ENABLE;
--------------------------------------------------------
--  Constraints for Table TEAM_RECORD
--------------------------------------------------------

  ALTER TABLE "TEAM_RECORD" ADD PRIMARY KEY ("TEAM_RECORD_NO") USING INDEX PCTFREE 10 INITRANS 2 MAXTRANS 255 COMPUTE STATISTICS  STORAGE(INITIAL 65536 NEXT 1048576 MINEXTENTS 1 MAXEXTENTS 2147483645 PCTINCREASE 0 FREELISTS 1 FREELIST GROUPS 1 BUFFER_POOL DEFAULT FLASH_CACHE DEFAULT CELL_FLASH_CACHE DEFAULT) ENABLE;
--------------------------------------------------------
--  Constraints for Table TEAMMEMBOARD_DAY
--------------------------------------------------------

  ALTER TABLE "TEAMMEMBOARD_DAY" MODIFY ("DAY" NOT NULL ENABLE);
  ALTER TABLE "TEAMMEMBOARD_DAY" MODIFY ("B_NO" NOT NULL ENABLE);
--------------------------------------------------------
--  Constraints for Table TEAMMEMBOARD_TIME
--------------------------------------------------------

  ALTER TABLE "TEAMMEMBOARD_TIME" MODIFY ("TIME" NOT NULL ENABLE);
  ALTER TABLE "TEAMMEMBOARD_TIME" MODIFY ("B_NO" NOT NULL ENABLE);
--------------------------------------------------------
--  Constraints for Table TIME_TABLE
--------------------------------------------------------

  ALTER TABLE "TIME_TABLE" ADD PRIMARY KEY ("TIME_NO") USING INDEX PCTFREE 10 INITRANS 2 MAXTRANS 255 COMPUTE STATISTICS  STORAGE(INITIAL 65536 NEXT 1048576 MINEXTENTS 1 MAXEXTENTS 2147483645 PCTINCREASE 0 FREELISTS 1 FREELIST GROUPS 1 BUFFER_POOL DEFAULT FLASH_CACHE DEFAULT CELL_FLASH_CACHE DEFAULT) ENABLE;
  ALTER TABLE "TIME_TABLE" MODIFY ("TIME_RANGE" NOT NULL ENABLE);
--------------------------------------------------------
--  Constraints for Table TOURNAMENT
--------------------------------------------------------

  ALTER TABLE "TOURNAMENT" MODIFY ("REGIST_END" NOT NULL ENABLE);
  ALTER TABLE "TOURNAMENT" MODIFY ("REGIST_START" NOT NULL ENABLE);
  ALTER TABLE "TOURNAMENT" MODIFY ("CONTENT" NOT NULL ENABLE);
  ALTER TABLE "TOURNAMENT" MODIFY ("SUBJECT" NOT NULL ENABLE);
--------------------------------------------------------
--  Constraints for Table WAITING_HIREDREG
--------------------------------------------------------

  ALTER TABLE "WAITING_HIREDREG" MODIFY ("TEAM" NOT NULL ENABLE);
  ALTER TABLE "WAITING_HIREDREG" MODIFY ("M_NO" NOT NULL ENABLE);
--------------------------------------------------------
--  Constraints for Table WAITING_MATCHREG
--------------------------------------------------------

  ALTER TABLE "WAITING_MATCHREG" MODIFY ("TEAM_NO" NOT NULL ENABLE);
  ALTER TABLE "WAITING_MATCHREG" MODIFY ("MATCH_NO" NOT NULL ENABLE);
--------------------------------------------------------
--  Constraints for Table WAITING_TEAMREG
--------------------------------------------------------

  ALTER TABLE "WAITING_TEAMREG" ADD CONSTRAINT "UNIQUE_M_NO" UNIQUE ("NAME") USING INDEX PCTFREE 10 INITRANS 2 MAXTRANS 255 COMPUTE STATISTICS  STORAGE(INITIAL 65536 NEXT 1048576 MINEXTENTS 1 MAXEXTENTS 2147483645 PCTINCREASE 0 FREELISTS 1 FREELIST GROUPS 1 BUFFER_POOL DEFAULT FLASH_CACHE DEFAULT CELL_FLASH_CACHE DEFAULT) ENABLE;
--------------------------------------------------------
--  Ref Constraints for Table BOOKING
--------------------------------------------------------

  ALTER TABLE "BOOKING" ADD CONSTRAINT "FK_TIME_NO" FOREIGN KEY ("TIME_SLOT") REFERENCES "TIME_TABLE" ("TIME_NO") ENABLE;
  ALTER TABLE "BOOKING" ADD FOREIGN KEY ("STADIUM_NO") REFERENCES "STADIUM" ("STADIUM_NO") ENABLE;
--------------------------------------------------------
--  Ref Constraints for Table BUY
--------------------------------------------------------

  ALTER TABLE "BUY" ADD CONSTRAINT "FK_BUY_MEMBER" FOREIGN KEY ("WRITER") REFERENCES "MEMBER" ("M_NO") ON DELETE CASCADE ENABLE;
--------------------------------------------------------
--  Ref Constraints for Table CUSTOMERSERVICE
--------------------------------------------------------

  ALTER TABLE "CUSTOMERSERVICE" ADD FOREIGN KEY ("CUSTOMERSERVICE_CATEGORYNO") REFERENCES "CUSTOMERSERVICE_CATEGORY" ("CUSTOMERSERVICE_CATEGORYNO") ENABLE;
--------------------------------------------------------
--  Ref Constraints for Table FREE_SHARING
--------------------------------------------------------

  ALTER TABLE "FREE_SHARING" ADD CONSTRAINT "FK_FREE_SHARING_MEMBER" FOREIGN KEY ("WRITER") REFERENCES "MEMBER" ("M_NO") ON DELETE CASCADE ENABLE;
--------------------------------------------------------
--  Ref Constraints for Table FREE_SHARING_COMMENT
--------------------------------------------------------

  ALTER TABLE "FREE_SHARING_COMMENT" ADD FOREIGN KEY ("WRITER") REFERENCES "MEMBER" ("M_NO") ENABLE;
  ALTER TABLE "FREE_SHARING_COMMENT" ADD FOREIGN KEY ("FREE_SHARING_NO") REFERENCES "FREE_SHARING" ("FREE_SHARING_NO") ENABLE;
--------------------------------------------------------
--  Ref Constraints for Table FREEBOARD
--------------------------------------------------------

  ALTER TABLE "FREEBOARD" ADD FOREIGN KEY ("WRITER") REFERENCES "MEMBER" ("M_NO") ENABLE;
--------------------------------------------------------
--  Ref Constraints for Table FREEBOARD_COMMENT
--------------------------------------------------------

  ALTER TABLE "FREEBOARD_COMMENT" ADD FOREIGN KEY ("B_NO") REFERENCES "FREEBOARD" ("B_NO") ENABLE;
--------------------------------------------------------
--  Ref Constraints for Table HIRED_RECRUITMENT
--------------------------------------------------------

  ALTER TABLE "HIRED_RECRUITMENT" ADD CONSTRAINT "FK_HIRED_SIDO" FOREIGN KEY ("SIDO") REFERENCES "SIDO" ("SIDO_ID") ON DELETE CASCADE ENABLE;
  ALTER TABLE "HIRED_RECRUITMENT" ADD CONSTRAINT "FK_HIRED_SIGUNGU" FOREIGN KEY ("SIGUNGU") REFERENCES "SIGUNGU" ("SIGUNGU_ID") ON DELETE CASCADE ENABLE;
  ALTER TABLE "HIRED_RECRUITMENT" ADD CONSTRAINT "FK_NICKNAME" FOREIGN KEY ("NICKNAME") REFERENCES "MEMBER" ("M_NO") ON DELETE CASCADE ENABLE;
--------------------------------------------------------
--  Ref Constraints for Table HIREDBOARD_DAY
--------------------------------------------------------

  ALTER TABLE "HIREDBOARD_DAY" ADD FOREIGN KEY ("RECRUITMENT_NO") REFERENCES "HIRED_RECRUITMENT" ("RECRUITMENT_NO") ON DELETE CASCADE ENABLE;
  ALTER TABLE "HIREDBOARD_DAY" ADD FOREIGN KEY ("DAY") REFERENCES "DAY_OF_WEEK" ("DAY_NO") ENABLE;
--------------------------------------------------------
--  Ref Constraints for Table HIREDBOARD_TIME
--------------------------------------------------------

  ALTER TABLE "HIREDBOARD_TIME" ADD FOREIGN KEY ("RECRUITMENT_NO") REFERENCES "HIRED_RECRUITMENT" ("RECRUITMENT_NO") ON DELETE CASCADE ENABLE;
--------------------------------------------------------
--  Ref Constraints for Table LESSON_RECRUITMENT
--------------------------------------------------------

  ALTER TABLE "LESSON_RECRUITMENT" ADD CONSTRAINT "FK_LESSON_NICKNAME" FOREIGN KEY ("NICKNAME") REFERENCES "MEMBER" ("M_NO") ON DELETE CASCADE ENABLE;
  ALTER TABLE "LESSON_RECRUITMENT" ADD CONSTRAINT "FK_LESSON_SIDO" FOREIGN KEY ("SIDO") REFERENCES "SIDO" ("SIDO_ID") ON DELETE CASCADE ENABLE;
  ALTER TABLE "LESSON_RECRUITMENT" ADD CONSTRAINT "FK_LESSON_SIGUNGU" FOREIGN KEY ("SIGUNGU") REFERENCES "SIGUNGU" ("SIGUNGU_ID") ON DELETE CASCADE ENABLE;
--------------------------------------------------------
--  Ref Constraints for Table LESSONBOARD_DAY
--------------------------------------------------------

  ALTER TABLE "LESSONBOARD_DAY" ADD FOREIGN KEY ("RECRUITMENT_NO") REFERENCES "LESSON_RECRUITMENT" ("RECRUITMENT_NO") ON DELETE CASCADE ENABLE;
  ALTER TABLE "LESSONBOARD_DAY" ADD FOREIGN KEY ("DAY") REFERENCES "DAY_OF_WEEK" ("DAY_NO") ENABLE;
--------------------------------------------------------
--  Ref Constraints for Table LESSONBOARD_TIME
--------------------------------------------------------

  ALTER TABLE "LESSONBOARD_TIME" ADD FOREIGN KEY ("RECRUITMENT_NO") REFERENCES "LESSON_RECRUITMENT" ("RECRUITMENT_NO") ON DELETE CASCADE ENABLE;
--------------------------------------------------------
--  Ref Constraints for Table MATCH
--------------------------------------------------------

  ALTER TABLE "MATCH" ADD FOREIGN KEY ("WRITER") REFERENCES "MEMBER" ("M_NO") ENABLE;
  ALTER TABLE "MATCH" ADD FOREIGN KEY ("TIME_NO") REFERENCES "TIME_TABLE" ("TIME_NO") ENABLE;
--------------------------------------------------------
--  Ref Constraints for Table MATCH_DAY
--------------------------------------------------------

  ALTER TABLE "MATCH_DAY" ADD FOREIGN KEY ("MATCH_NO") REFERENCES "MATCH" ("MATCH_NO") ENABLE;
  ALTER TABLE "MATCH_DAY" ADD FOREIGN KEY ("TEAM1") REFERENCES "TEAM" ("TEAM_NO") ENABLE;
  ALTER TABLE "MATCH_DAY" ADD FOREIGN KEY ("TEAM2") REFERENCES "TEAM" ("TEAM_NO") ENABLE;
--------------------------------------------------------
--  Ref Constraints for Table MEMBER
--------------------------------------------------------

  ALTER TABLE "MEMBER" ADD FOREIGN KEY ("SIDO_ID") REFERENCES "SIDO" ("SIDO_ID") ENABLE;
  ALTER TABLE "MEMBER" ADD FOREIGN KEY ("SIGUNGU_ID") REFERENCES "SIGUNGU" ("SIGUNGU_ID") ENABLE;
--------------------------------------------------------
--  Ref Constraints for Table MEMBER_DETAIL
--------------------------------------------------------

  ALTER TABLE "MEMBER_DETAIL" ADD CONSTRAINT "FK_M_NO" FOREIGN KEY ("MEMBER") REFERENCES "MEMBER" ("M_NO") ON DELETE CASCADE ENABLE;
--------------------------------------------------------
--  Ref Constraints for Table PLAYER_RECORD
--------------------------------------------------------

  ALTER TABLE "PLAYER_RECORD" ADD CONSTRAINT "FK_MEMBER" FOREIGN KEY ("PLAYER") REFERENCES "MEMBER_DETAIL" ("MEMBER") ON DELETE CASCADE ENABLE;
--------------------------------------------------------
--  Ref Constraints for Table QNABOARD
--------------------------------------------------------

  ALTER TABLE "QNABOARD" ADD CONSTRAINT "FK_QNABOARD_MEMBER" FOREIGN KEY ("WRITER") REFERENCES "MEMBER" ("M_NO") ON DELETE CASCADE ENABLE;
--------------------------------------------------------
--  Ref Constraints for Table QNABOARD_COMMENT
--------------------------------------------------------

  ALTER TABLE "QNABOARD_COMMENT" ADD FOREIGN KEY ("BC_NO") REFERENCES "QNABOARD" ("B_NO") ON DELETE CASCADE ENABLE;
--------------------------------------------------------
--  Ref Constraints for Table RECRUIT_TEAMMEMBOARD
--------------------------------------------------------

  ALTER TABLE "RECRUIT_TEAMMEMBOARD" ADD CONSTRAINT "FK_SIDO" FOREIGN KEY ("SIDO") REFERENCES "SIDO" ("SIDO_ID") ON DELETE CASCADE ENABLE;
  ALTER TABLE "RECRUIT_TEAMMEMBOARD" ADD CONSTRAINT "FK_SIGUNGU" FOREIGN KEY ("SIGUNGU") REFERENCES "SIGUNGU(tmp)" ("SIGUNGU_ID") ON DELETE CASCADE DISABLE;
  ALTER TABLE "RECRUIT_TEAMMEMBOARD" ADD CONSTRAINT "FK_SIGUNGU1" FOREIGN KEY ("SIGUNGU") REFERENCES "SIGUNGU" ("SIGUNGU_ID") ON DELETE CASCADE ENABLE;
  ALTER TABLE "RECRUIT_TEAMMEMBOARD" ADD CONSTRAINT "FK_WRITER" FOREIGN KEY ("WRITER") REFERENCES "MEMBER" ("M_NO") ON DELETE CASCADE ENABLE;
--------------------------------------------------------
--  Ref Constraints for Table RESERVATION
--------------------------------------------------------

  ALTER TABLE "RESERVATION" ADD FOREIGN KEY ("STADIUM") REFERENCES "STADIUM" ("STADIUM_NO") ENABLE;
  ALTER TABLE "RESERVATION" ADD FOREIGN KEY ("MID") REFERENCES "MEMBER" ("M_NO") ENABLE;
  ALTER TABLE "RESERVATION" ADD FOREIGN KEY ("RESERVATION_TIMES") REFERENCES "TIME_TABLE" ("TIME_NO") ENABLE;
--------------------------------------------------------
--  Ref Constraints for Table SALE
--------------------------------------------------------

  ALTER TABLE "SALE" ADD CONSTRAINT "FK_SALE_MEMBER" FOREIGN KEY ("WRITER") REFERENCES "MEMBER" ("M_NO") ON DELETE CASCADE ENABLE;
--------------------------------------------------------
--  Ref Constraints for Table SIGUNGU
--------------------------------------------------------

  ALTER TABLE "SIGUNGU" ADD CONSTRAINT "FK_SIDO_ID" FOREIGN KEY ("SIDO_ID") REFERENCES "SIDO" ("SIDO_ID") ON DELETE CASCADE ENABLE;
--------------------------------------------------------
--  Ref Constraints for Table SIGUNGU(tmp)
--------------------------------------------------------

  ALTER TABLE "SIGUNGU(tmp)" ADD FOREIGN KEY ("SIDO_ID") REFERENCES "SIDO" ("SIDO_ID") ENABLE;
--------------------------------------------------------
--  Ref Constraints for Table STADIUM
--------------------------------------------------------

  ALTER TABLE "STADIUM" ADD FOREIGN KEY ("SIDO_NAME") REFERENCES "SIDO" ("SIDO_ID") ENABLE;
  ALTER TABLE "STADIUM" ADD FOREIGN KEY ("SIGUNGU_NAME") REFERENCES "SIGUNGU(tmp)" ("SIGUNGU_ID") DISABLE;
  ALTER TABLE "STADIUM" ADD FOREIGN KEY ("SIGUNGU_NAME") REFERENCES "SIGUNGU" ("SIGUNGU_ID") ENABLE;
--------------------------------------------------------
--  Ref Constraints for Table STADIUM_YANGDO
--------------------------------------------------------

  ALTER TABLE "STADIUM_YANGDO" ADD CONSTRAINT "FK_BOOKING_NO" FOREIGN KEY ("BOOKING_NO") REFERENCES "BOOKING" ("BOOKING_NO") ENABLE;
  ALTER TABLE "STADIUM_YANGDO" ADD CONSTRAINT "FK_TRANSFERRED_TO" FOREIGN KEY ("TRANSFERRED_TO") REFERENCES "MEMBER" ("M_NO") DISABLE;
  ALTER TABLE "STADIUM_YANGDO" ADD FOREIGN KEY ("WRITER") REFERENCES "MEMBER" ("M_NO") ENABLE;
--------------------------------------------------------
--  Ref Constraints for Table TEAM
--------------------------------------------------------

  ALTER TABLE "TEAM" ADD FOREIGN KEY ("TEAM_MASTER") REFERENCES "MEMBER" ("M_NO") ENABLE;
--------------------------------------------------------
--  Ref Constraints for Table TEAM_MEMBER
--------------------------------------------------------

  ALTER TABLE "TEAM_MEMBER" ADD FOREIGN KEY ("TEAM_NO") REFERENCES "TEAM" ("TEAM_NO") ENABLE;
  ALTER TABLE "TEAM_MEMBER" ADD FOREIGN KEY ("TEAM_MEMBER") REFERENCES "MEMBER" ("M_NO") ENABLE;
--------------------------------------------------------
--  Ref Constraints for Table TEAMMEMBOARD_DAY
--------------------------------------------------------

  ALTER TABLE "TEAMMEMBOARD_DAY" ADD FOREIGN KEY ("DAY") REFERENCES "DAY_OF_WEEK" ("DAY_NO") ENABLE;
  ALTER TABLE "TEAMMEMBOARD_DAY" ADD FOREIGN KEY ("B_NO") REFERENCES "RECRUIT_TEAMMEMBOARD" ("B_NO") ON DELETE CASCADE ENABLE;
--------------------------------------------------------
--  Ref Constraints for Table TEAMMEMBOARD_TIME
--------------------------------------------------------

  ALTER TABLE "TEAMMEMBOARD_TIME" ADD FOREIGN KEY ("B_NO") REFERENCES "RECRUIT_TEAMMEMBOARD" ("B_NO") ON DELETE CASCADE ENABLE;
--------------------------------------------------------
--  Ref Constraints for Table WAITING_HIREDREG
--------------------------------------------------------

  ALTER TABLE "WAITING_HIREDREG" ADD FOREIGN KEY ("M_NO") REFERENCES "MEMBER" ("M_NO") ON DELETE CASCADE ENABLE;
  ALTER TABLE "WAITING_HIREDREG" ADD FOREIGN KEY ("TEAM") REFERENCES "TEAM" ("TEAM_NO") ENABLE;
--------------------------------------------------------
--  Ref Constraints for Table WAITING_MATCHREG
--------------------------------------------------------

  ALTER TABLE "WAITING_MATCHREG" ADD FOREIGN KEY ("MATCH_NO") REFERENCES "MATCH" ("MATCH_NO") ENABLE;
  ALTER TABLE "WAITING_MATCHREG" ADD FOREIGN KEY ("TEAM_NO") REFERENCES "TEAM" ("TEAM_NO") ENABLE;
--------------------------------------------------------
--  Ref Constraints for Table WAITING_TEAMREG
--------------------------------------------------------

  ALTER TABLE "WAITING_TEAMREG" ADD FOREIGN KEY ("NAME") REFERENCES "MEMBER" ("M_NO") ENABLE;
  ALTER TABLE "WAITING_TEAMREG" ADD FOREIGN KEY ("TEAM") REFERENCES "TEAM" ("TEAM_NO") ENABLE;
